exercise_id,external_id,name,category,existing_movement_pattern,proposed_movement_pattern,existing_primary_muscles,existing_secondary_muscles,primary_muscles,secondary_muscles,involved_muscles,unmapped_muscle_labels,proposed_volume_credits,volume_policy,primary_assignment,equipment,laterality,measurement_type,exercise_kind,fatigue_cost,skill_demand,program_roles,default_rep_min,default_rep_max,warmup_eligible,power_eligible,ramp_eligible,cooldown_eligible,review_required,review_reason,confidence,provenance,demand_notes
master:135,135,90/90 Hip Rotation,Mobility,rotation,other,,,,hip_flexors; glutes,hip_flexors; glutes,,,zero_non_hypertrophy,none_intentional,Bodyweight,bilateral,reps,isolation,low,low,warmup; isolation; accessory,1,8,true,false,false,true,false,,high,builtiq_master | master_movement=Hip Rotation | quality_pass_BIQ-0212 | review_only_not_applied,isolation other; low fatigue; low skill; bilateral; reps measurement; volume policy zero_non_hypertrophy; no hypertrophy primary by design; zero hypertrophy volume credit
master:106,106,Ab Wheel Rollout,Core,other,core_anti_extension,abs,,abs,lats; hip_flexors,abs; lats; hip_flexors,,abs:1,core,assigned,Ab Wheel,bilateral,reps,isolation,medium,medium,isolation; accessory,8,15,false,false,false,false,false,,high,builtiq_master | master_movement=Anti-Extension | quality_pass_BIQ-0212 | review_only_not_applied,Lats stabilize; they and side delts do not receive hypertrophy credit.; isolation core anti extension; medium fatigue; medium skill; bilateral; reps measurement; volume policy core; hypertrophy credits abs:1
master:238,238,Active Hang,Isometric,vertical_pull,other,,,,lats; upper_back; forearms,lats; upper_back; forearms,,,zero_non_hypertrophy,none_intentional,Bodyweight,bilateral,time,isolation,low,low,warmup; accessory,15,45,true,false,false,false,false,,high,builtiq_master | master_movement=Hang | quality_pass_BIQ-0212 | review_only_not_applied,Scapular/grip hang. Not a vertical-pull working movement and not ramp-eligible.; isolation other; low fatigue; low skill; bilateral; time measurement; volume policy zero_non_hypertrophy; no hypertrophy primary by design; zero hypertrophy volume credit
master:137,137,Adductor Rockback,Mobility,rotation,other,adductors,,,adductors; hip_flexors,adductors; hip_flexors,,,zero_non_hypertrophy,none_intentional,Bodyweight,bilateral,reps,isolation,low,low,warmup; isolation; accessory,1,8,true,false,false,true,false,,high,builtiq_master | master_movement=Hip Mobility | quality_pass_BIQ-0212 | review_only_not_applied,isolation other; low fatigue; low skill; bilateral; reps measurement; volume policy zero_non_hypertrophy; no hypertrophy primary by design; zero hypertrophy volume credit
master:30,30,Arnold Press,Compound,vertical_push,vertical_push,side_delts,,front_delts,side_delts; triceps,front_delts; side_delts; triceps,,front_delts:1; triceps:0.5,strength_hypertrophy,assigned,Dumbbell,bilateral,reps,compound,medium,medium,secondary; accessory,5,10,false,false,true,false,false,,high,builtiq_master | master_movement=Vertical Push | quality_pass_BIQ-0212 | review_only_not_applied,"compound vertical push; medium fatigue; medium skill; bilateral; reps measurement; volume policy strength_hypertrophy; hypertrophy credits front_delts:1, triceps:0.5"
master:147,147,Assisted Dip,Compound,vertical_push,vertical_push,triceps,,triceps,chest; front_delts,triceps; chest; front_delts,,triceps:1,strength_hypertrophy,assigned,Machine,bilateral,reps,compound,medium,medium,secondary; accessory,5,10,false,false,true,false,false,,high,builtiq_master | master_movement=Vertical Push | quality_pass_BIQ-0212 | review_only_not_applied,compound vertical push; medium fatigue; medium skill; bilateral; reps measurement; volume policy strength_hypertrophy; hypertrophy credits triceps:1
master:146,146,Assisted Pull-Up,Compound,vertical_pull,vertical_pull,lats,,lats,biceps; upper_back,lats; biceps; upper_back,,lats:1; biceps:0.5,strength_hypertrophy,assigned,Machine,bilateral,reps,compound,high,medium,primary; secondary,5,10,false,false,true,false,false,,high,builtiq_master | master_movement=Vertical Pull | quality_pass_BIQ-0212 | review_only_not_applied,"compound vertical pull; high fatigue; medium skill; bilateral; reps measurement; volume policy strength_hypertrophy; hypertrophy credits lats:1, biceps:0.5"
master:209,209,B-Stance Hip Thrust,Unilateral Bias,hinge,hinge,glutes,,glutes,hamstrings,glutes; hamstrings,,glutes:1; hamstrings:0.5,strength_hypertrophy,assigned,Barbell,unilateral,reps,compound,high,medium,secondary; accessory,5,10,false,false,true,false,false,,high,builtiq_master | master_movement=Hip Extension | quality_pass_BIQ-0212 | review_only_not_applied,"compound hinge; high fatigue; medium skill; unilateral; reps measurement; volume policy strength_hypertrophy; hypertrophy credits glutes:1, hamstrings:0.5"
master:208,208,B-Stance Romanian Deadlift,Unilateral Bias,hinge,hinge,hamstrings,,hamstrings,glutes; spinal_erectors,hamstrings; glutes; spinal_erectors,,hamstrings:1; glutes:0.5,strength_hypertrophy,assigned,Dumbbell,unilateral,reps,compound,high,medium,secondary; accessory,5,10,false,false,true,false,false,,high,builtiq_master | master_movement=Hinge | quality_pass_BIQ-0212 | review_only_not_applied,"Staggered/asymmetrical hinge. Not bilateral just because ""single"" is absent.; compound hinge; high fatigue; medium skill; unilateral; reps measurement; volume policy strength_hypertrophy; hypertrophy credits hamstrings:1, glutes:0.5"
master:80,80,Back Extension,Accessory,hinge,hinge,spinal_erectors,,spinal_erectors,glutes; hamstrings,spinal_erectors; glutes; hamstrings,,spinal_erectors:1,strength_hypertrophy,assigned,Bodyweight,bilateral,reps,compound,medium,medium,secondary; accessory,5,10,false,false,true,false,false,,high,builtiq_master | master_movement=Hip Extension | quality_pass_BIQ-0212 | review_only_not_applied,compound hinge; medium fatigue; medium skill; bilateral; reps measurement; volume policy strength_hypertrophy; hypertrophy credits spinal_erectors:1
master:54,54,Back Squat,Compound,squat,squat,quads,,quads,glutes; adductors; abs,quads; glutes; adductors; abs,,quads:1; glutes:0.5,strength_hypertrophy,assigned,Barbell,bilateral,reps,compound,high,medium,primary; secondary,5,10,false,false,true,false,false,,high,builtiq_master | master_movement=Squat | quality_pass_BIQ-0212 | review_only_not_applied,"compound squat; high fatigue; medium skill; bilateral; reps measurement; volume policy strength_hypertrophy; hypertrophy credits quads:1, glutes:0.5"
master:124,124,Band Pull-Apart,Prehab,other,other,upper_back,,,upper_back; rear_delts; rotator_cuff,upper_back; rear_delts; rotator_cuff,,,zero_non_hypertrophy,none_intentional,Bands,bilateral,reps,isolation,low,low,warmup; isolation; accessory,1,8,true,false,false,true,false,,high,builtiq_master | master_movement=Horizontal Abduction | quality_pass_BIQ-0212 | review_only_not_applied,isolation other; low fatigue; low skill; bilateral; reps measurement; volume policy zero_non_hypertrophy; no hypertrophy primary by design; zero hypertrophy volume credit
master:241,241,Battle Rope Slams,Conditioning,other,other,lats,,,lats; abs,lats; abs,,,zero_non_hypertrophy,none_intentional,Battle Ropes,bilateral,time,isolation,low,medium,accessory,20,45,false,false,false,false,false,,high,builtiq_master | master_movement=Conditioning | quality_pass_BIQ-0212 | review_only_not_applied,isolation other; low fatigue; medium skill; bilateral; time measurement; volume policy zero_non_hypertrophy; no hypertrophy primary by design; zero hypertrophy volume credit
master:240,240,Battle Rope Waves,Conditioning,other,other,side_delts,,,abs,abs,,,zero_non_hypertrophy,none_intentional,Battle Ropes,bilateral,time,isolation,low,medium,accessory,20,45,false,false,false,false,false,,high,builtiq_master | master_movement=Conditioning | quality_pass_BIQ-0212 | review_only_not_applied,isolation other; low fatigue; medium skill; bilateral; time measurement; volume policy zero_non_hypertrophy; no hypertrophy primary by design; zero hypertrophy volume credit
master:178,178,Bear Crawl,Conditioning,other,other,abs,,,abs; quads; hip_flexors,abs; quads; hip_flexors,,,zero_non_hypertrophy,none_intentional,Bodyweight,bilateral,distance,isolation,low,medium,accessory,20,40,false,false,false,false,false,,high,builtiq_master | master_movement=Locomotion | quality_pass_BIQ-0212 | review_only_not_applied,isolation other; low fatigue; medium skill; bilateral; distance measurement; volume policy zero_non_hypertrophy; no hypertrophy primary by design; zero hypertrophy volume credit
master:59,59,Belt Squat,Compound,squat,squat,quads,,quads,glutes; adductors,quads; glutes; adductors,,quads:1; glutes:0.5,strength_hypertrophy,assigned,Machine,bilateral,reps,compound,medium,medium,secondary; accessory,5,10,false,false,true,false,false,,high,builtiq_master | master_movement=Squat | quality_pass_BIQ-0212 | review_only_not_applied,"compound squat; medium fatigue; medium skill; bilateral; reps measurement; volume policy strength_hypertrophy; hypertrophy credits quads:1, glutes:0.5"
master:53,53,Bench Dip,Bodyweight,vertical_push,vertical_push,triceps,,triceps,chest; front_delts,triceps; chest; front_delts,,triceps:1,strength_hypertrophy,assigned,Bodyweight,bilateral,reps,compound,medium,medium,secondary; accessory,5,10,false,false,true,false,false,,high,builtiq_master | master_movement=Vertical Push | quality_pass_BIQ-0212 | review_only_not_applied,compound vertical push; medium fatigue; medium skill; bilateral; reps measurement; volume policy strength_hypertrophy; hypertrophy credits triceps:1
master:1,1,Bench Press,Compound,horizontal_push,horizontal_push,chest,,chest,triceps; front_delts,chest; triceps; front_delts,,chest:1; triceps:0.5; front_delts:0.5,strength_hypertrophy,assigned,Barbell,bilateral,reps,compound,high,medium,primary; secondary,5,10,false,false,true,false,false,,high,builtiq_master | master_movement=Horizontal Push | quality_pass_BIQ-0212 | review_only_not_applied,"compound horizontal push; high fatigue; medium skill; bilateral; reps measurement; volume policy strength_hypertrophy; hypertrophy credits chest:1, triceps:0.5, front_delts:0.5"
master:13,13,Bent-Over Row,Compound,horizontal_pull,horizontal_pull,,,lats,upper_back; rear_delts; biceps; spinal_erectors,lats; upper_back; rear_delts; biceps; spinal_erectors,,lats:1; upper_back:0.5,strength_hypertrophy,assigned,Barbell,bilateral,reps,compound,high,medium,primary; secondary,5,10,false,false,true,false,false,,high,builtiq_master | master_movement=Horizontal Pull | quality_pass_BIQ-0212 | review_only_not_applied,"compound horizontal pull; high fatigue; medium skill; bilateral; reps measurement; volume policy strength_hypertrophy; hypertrophy credits lats:1, upper_back:0.5"
master:39,39,Biceps Curl,Isolation,other,elbow_flexion,biceps,,biceps,forearms,biceps; forearms,,biceps:1,strength_hypertrophy,assigned,Dumbbell,bilateral,reps,isolation,low,low,isolation; accessory,8,15,false,false,false,false,false,,high,builtiq_master | master_movement=Elbow Flexion | quality_pass_BIQ-0212 | review_only_not_applied,isolation elbow flexion; low fatigue; low skill; bilateral; reps measurement; volume policy strength_hypertrophy; hypertrophy credits biceps:1
master:216,216,Bicycle Crunch,Core,rotation,core_flexion,obliques,,obliques,abs; hip_flexors,obliques; abs; hip_flexors,,obliques:1,core,assigned,Bodyweight,alternating,reps,isolation,low,medium,isolation; accessory,8,15,false,false,false,false,false,,high,builtiq_master | master_movement=Rotation/Flexion | quality_pass_BIQ-0212 | review_only_not_applied,isolation core flexion; low fatigue; medium skill; alternating; reps measurement; volume policy core; hypertrophy credits obliques:1
master:243,243,Bike Sprint,Cardio,other,other,quads,,,quads; glutes; calves,quads; glutes; calves,,,zero_non_hypertrophy,none_intentional,Bike,bilateral,time,isolation,low,medium,accessory,180,600,false,false,false,false,false,,high,builtiq_master | master_movement=Cardio | quality_pass_BIQ-0212 | review_only_not_applied,isolation other; low fatigue; medium skill; bilateral; time measurement; volume policy zero_non_hypertrophy; no hypertrophy primary by design; zero hypertrophy volume credit
master:97,97,Bird Dog,Core Control,rotation,core_anti_rotation,abs,,abs,glutes,abs; glutes,Back,abs:1,core,assigned,Bodyweight,alternating,reps,isolation,low,medium,isolation; accessory,8,15,false,false,false,false,false,,medium,builtiq_master | master_movement=Anti-Rotation | quality_pass_BIQ-0212 | review_only_not_applied,isolation core anti rotation; low fatigue; medium skill; alternating; reps measurement; volume policy core; hypertrophy credits abs:1
master:193,193,Block Pull,Compound,hinge,hinge,upper_back,,glutes,hamstrings; upper_back; spinal_erectors,glutes; hamstrings; upper_back; spinal_erectors,Back,glutes:1; hamstrings:0.5,strength_hypertrophy,assigned,Barbell,bilateral,reps,compound,high,medium,primary; secondary,5,10,false,false,true,false,false,,medium,builtiq_master | master_movement=Hinge | quality_pass_BIQ-0212 | review_only_not_applied,"compound hinge; high fatigue; medium skill; bilateral; reps measurement; volume policy strength_hypertrophy; hypertrophy credits glutes:1, hamstrings:0.5"
master:114,114,Box Jump,Plyometric,squat,jump,quads,,,quads; glutes; calves,quads; glutes; calves,,,zero_non_hypertrophy,none_intentional,Bodyweight,bilateral,reps,compound,medium,medium,power; secondary; accessory,1,5,false,true,false,false,false,,high,builtiq_master | master_movement=Jump | quality_pass_BIQ-0212 | review_only_not_applied,compound jump; medium fatigue; medium skill; bilateral; reps measurement; volume policy zero_non_hypertrophy; no hypertrophy primary by design; zero hypertrophy volume credit
master:198,198,Box Squat,Compound,squat,squat,quads,,quads,glutes; hamstrings,quads; glutes; hamstrings,,quads:1; glutes:0.5,strength_hypertrophy,assigned,Barbell,bilateral,reps,compound,medium,medium,secondary; accessory,5,10,false,false,true,false,false,,high,builtiq_master | master_movement=Squat | quality_pass_BIQ-0212 | review_only_not_applied,"compound squat; medium fatigue; medium skill; bilateral; reps measurement; volume policy strength_hypertrophy; hypertrophy credits quads:1, glutes:0.5"
master:116,116,Broad Jump,Plyometric,squat,jump,glutes,,,glutes; quads; hamstrings; calves,glutes; quads; hamstrings; calves,,,zero_non_hypertrophy,none_intentional,Bodyweight,bilateral,reps,compound,medium,medium,power; secondary; accessory,1,5,false,true,false,false,false,,high,builtiq_master | master_movement=Horizontal Jump | quality_pass_BIQ-0212 | review_only_not_applied,compound jump; medium fatigue; medium skill; bilateral; reps measurement; volume policy zero_non_hypertrophy; no hypertrophy primary by design; zero hypertrophy volume credit
master:61,61,Bulgarian Split Squat,Unilateral,squat,lunge,quads,,quads,glutes; adductors,quads; glutes; adductors,,quads:1; glutes:0.5,strength_hypertrophy,assigned,Dumbbell,unilateral,reps,compound,high,medium,secondary; accessory,5,10,false,false,true,false,false,,high,builtiq_master | master_movement=Lunge | quality_pass_BIQ-0212 | review_only_not_applied,"compound lunge; high fatigue; medium skill; unilateral; reps measurement; volume policy strength_hypertrophy; hypertrophy credits quads:1, glutes:0.5"
master:99,99,Cable Chop,Core,rotation,core_rotation,obliques,,obliques,abs,obliques; abs,,obliques:1,core,assigned,Cable,bilateral,reps,isolation,low,medium,isolation; accessory,8,15,false,false,false,false,false,,high,builtiq_master | master_movement=Rotation | quality_pass_BIQ-0212 | review_only_not_applied,isolation core rotation; low fatigue; medium skill; bilateral; reps measurement; volume policy core; hypertrophy credits obliques:1
master:102,102,Cable Crunch,Core,other,core_flexion,abs,,abs,,abs,,abs:1,core,assigned,Cable,bilateral,reps,isolation,low,medium,isolation; accessory,8,15,false,false,false,false,false,,high,builtiq_master | master_movement=Spinal Flexion | quality_pass_BIQ-0212 | review_only_not_applied,isolation core flexion; low fatigue; medium skill; bilateral; reps measurement; volume policy core; hypertrophy credits abs:1
master:165,165,Cable Deadlift,Compound,hinge,hinge,glutes,,glutes,hamstrings,glutes; hamstrings,Back,glutes:1; hamstrings:0.5,strength_hypertrophy,assigned,Cable,bilateral,reps,compound,high,medium,primary; secondary,5,10,false,false,true,false,false,,medium,builtiq_master | master_movement=Hinge | quality_pass_BIQ-0212 | review_only_not_applied,"compound hinge; high fatigue; medium skill; bilateral; reps measurement; volume policy strength_hypertrophy; hypertrophy credits glutes:1, hamstrings:0.5"
master:158,158,Cable External Rotation,Prehab,rotation,other,,,,rotator_cuff; rear_delts,rotator_cuff; rear_delts,,,zero_non_hypertrophy,none_intentional,Cable,bilateral,reps,isolation,low,low,warmup; isolation; accessory,1,8,true,false,false,true,false,,high,builtiq_master | master_movement=External Rotation | quality_pass_BIQ-0212 | review_only_not_applied,isolation other; low fatigue; low skill; bilateral; reps measurement; volume policy zero_non_hypertrophy; no hypertrophy primary by design; zero hypertrophy volume credit
master:154,154,Cable Front Raise,Isolation,other,other,front_delts,,front_delts,,front_delts,,front_delts:1,strength_hypertrophy,assigned,Cable,bilateral,reps,isolation,low,low,isolation; accessory,8,15,false,false,false,false,false,,high,builtiq_master | master_movement=Shoulder Flexion | quality_pass_BIQ-0212 | review_only_not_applied,isolation other; low fatigue; low skill; bilateral; reps measurement; volume policy strength_hypertrophy; hypertrophy credits front_delts:1
master:161,161,Cable Hip Abduction,Isolation,other,other,,,glutes,,glutes,,glutes:1,strength_hypertrophy,assigned,Cable,bilateral,reps,isolation,low,medium,isolation; accessory,8,15,false,false,false,false,false,,high,builtiq_master | master_movement=Hip Abduction | quality_pass_BIQ-0212 | review_only_not_applied,isolation other; low fatigue; medium skill; bilateral; reps measurement; volume policy strength_hypertrophy; hypertrophy credits glutes:1
master:162,162,Cable Hip Adduction,Isolation,other,other,adductors,,adductors,,adductors,,adductors:1,strength_hypertrophy,assigned,Cable,bilateral,reps,isolation,low,medium,isolation; accessory,8,15,false,false,false,false,false,,high,builtiq_master | master_movement=Hip Adduction | quality_pass_BIQ-0212 | review_only_not_applied,isolation other; low fatigue; medium skill; bilateral; reps measurement; volume policy strength_hypertrophy; hypertrophy credits adductors:1
master:160,160,Cable Hip Flexion,Isolation,other,other,hip_flexors,,hip_flexors,quads; abs,hip_flexors; quads; abs,,hip_flexors:1,strength_hypertrophy,assigned,Cable,bilateral,reps,isolation,low,medium,isolation; accessory,8,15,false,false,false,false,false,,high,builtiq_master | master_movement=Hip Flexion | quality_pass_BIQ-0212 | review_only_not_applied,isolation other; low fatigue; medium skill; bilateral; reps measurement; volume policy strength_hypertrophy; hypertrophy credits hip_flexors:1
master:159,159,Cable Internal Rotation,Prehab,rotation,other,,,,rotator_cuff,rotator_cuff,,,zero_non_hypertrophy,none_intentional,Cable,bilateral,reps,isolation,low,low,warmup; isolation; accessory,1,8,true,false,false,true,false,,high,builtiq_master | master_movement=Internal Rotation | quality_pass_BIQ-0212 | review_only_not_applied,isolation other; low fatigue; low skill; bilateral; reps measurement; volume policy zero_non_hypertrophy; no hypertrophy primary by design; zero hypertrophy volume credit
master:153,153,Cable Lateral Raise,Isolation,other,shoulder_abduction,side_delts,,side_delts,,side_delts,,side_delts:1,strength_hypertrophy,assigned,Cable,bilateral,reps,isolation,low,low,isolation; accessory,8,15,false,false,false,false,false,,high,builtiq_master | master_movement=Shoulder Abduction | quality_pass_BIQ-0212 | review_only_not_applied,isolation shoulder abduction; low fatigue; low skill; bilateral; reps measurement; volume policy strength_hypertrophy; hypertrophy credits side_delts:1
master:163,163,Cable Leg Curl,Isolation,other,knee_flexion,hamstrings,,hamstrings,,hamstrings,,hamstrings:1,strength_hypertrophy,assigned,Cable,bilateral,reps,isolation,low,low,isolation; accessory,8,15,false,false,false,false,false,,high,builtiq_master | master_movement=Knee Flexion | quality_pass_BIQ-0212 | review_only_not_applied,isolation knee flexion; low fatigue; low skill; bilateral; reps measurement; volume policy strength_hypertrophy; hypertrophy credits hamstrings:1
master:164,164,Cable Leg Extension,Isolation,other,other,quads,,quads,,quads,,quads:1,strength_hypertrophy,assigned,Cable,bilateral,reps,isolation,low,medium,isolation; accessory,8,15,false,false,false,false,false,,high,builtiq_master | master_movement=Knee Extension | quality_pass_BIQ-0212 | review_only_not_applied,isolation other; low fatigue; medium skill; bilateral; reps measurement; volume policy strength_hypertrophy; hypertrophy credits quads:1
master:100,100,Cable Lift,Core,rotation,core_rotation,obliques,,obliques,abs,obliques; abs,,obliques:1,core,assigned,Cable,bilateral,reps,isolation,low,medium,isolation; accessory,8,15,false,false,false,false,false,,high,builtiq_master | master_movement=Rotation | quality_pass_BIQ-0212 | review_only_not_applied,isolation core rotation; low fatigue; medium skill; bilateral; reps measurement; volume policy core; hypertrophy credits obliques:1
master:155,155,Cable Reverse Fly,Isolation,other,other,rear_delts,,rear_delts,upper_back,rear_delts; upper_back,,rear_delts:1,strength_hypertrophy,assigned,Cable,bilateral,reps,isolation,low,medium,isolation; accessory,8,15,false,false,false,false,false,,high,builtiq_master | master_movement=Horizontal Abduction | quality_pass_BIQ-0212 | review_only_not_applied,isolation other; low fatigue; medium skill; bilateral; reps measurement; volume policy strength_hypertrophy; hypertrophy credits rear_delts:1
master:156,156,Cable Row to Neck,Accessory,horizontal_pull,horizontal_pull,rear_delts,,rear_delts,upper_back; biceps,rear_delts; upper_back; biceps,,rear_delts:1; biceps:0.5,strength_hypertrophy,assigned,Cable,bilateral,reps,compound,medium,medium,secondary; accessory,5,10,false,false,true,false,false,,high,builtiq_master | master_movement=Horizontal Pull | quality_pass_BIQ-0212 | review_only_not_applied,"compound horizontal pull; medium fatigue; medium skill; bilateral; reps measurement; volume policy strength_hypertrophy; hypertrophy credits rear_delts:1, biceps:0.5"
master:166,166,Cable Squat,Compound,squat,squat,quads,,quads,glutes; abs,quads; glutes; abs,,quads:1; glutes:0.5,strength_hypertrophy,assigned,Cable,bilateral,reps,compound,medium,medium,secondary; accessory,5,10,false,false,true,false,false,,high,builtiq_master | master_movement=Squat | quality_pass_BIQ-0212 | review_only_not_applied,"compound squat; medium fatigue; medium skill; bilateral; reps measurement; volume policy strength_hypertrophy; hypertrophy credits quads:1, glutes:0.5"
master:157,157,Cable Y Raise,Prehab,other,shoulder_abduction,,,upper_back,rear_delts; serratus,upper_back; rear_delts; serratus,,,zero_non_hypertrophy,assigned,Cable,bilateral,reps,isolation,low,low,warmup; isolation; accessory,1,8,true,false,false,true,true,primary_lower_trap_vs_rear_delt_ambiguity,review,builtiq_master | master_movement=Scapular Raise | quality_pass_BIQ-0212 | review_only_not_applied,isolation shoulder abduction; low fatigue; low skill; bilateral; reps measurement; volume policy zero_non_hypertrophy; zero hypertrophy volume credit
master:211,211,Calf Press,Isolation,other,calf_raise,calves,,calves,,calves,,calves:1,strength_hypertrophy,assigned,Machine,bilateral,reps,isolation,low,medium,isolation; accessory,8,15,false,false,false,false,false,,high,builtiq_master | master_movement=Plantar Flexion | quality_pass_BIQ-0212 | review_only_not_applied,isolation calf raise; low fatigue; medium skill; bilateral; reps measurement; volume policy strength_hypertrophy; hypertrophy credits calves:1
master:133,133,Calf Stretch,Mobility,rotation,other,calves,,,calves,calves,,,zero_non_hypertrophy,none_intentional,Bodyweight,bilateral,reps,isolation,low,low,warmup; isolation; accessory,1,8,true,false,false,true,false,,high,builtiq_master | master_movement=Ankle Mobility | quality_pass_BIQ-0212 | review_only_not_applied,isolation other; low fatigue; low skill; bilateral; reps measurement; volume policy zero_non_hypertrophy; no hypertrophy primary by design; zero hypertrophy volume credit
master:139,139,Cat-Cow,Mobility,rotation,other,,,,abs,abs,Spine,,zero_non_hypertrophy,none_intentional,Bodyweight,bilateral,reps,isolation,low,low,warmup; isolation; accessory,1,8,true,false,false,true,false,,medium,builtiq_master | master_movement=Spinal Mobility | quality_pass_BIQ-0212 | review_only_not_applied,isolation other; low fatigue; low skill; bilateral; reps measurement; volume policy zero_non_hypertrophy; no hypertrophy primary by design; zero hypertrophy volume credit
master:4,4,Chest Fly,Isolation,other,horizontal_push,chest,,chest,front_delts,chest; front_delts,,chest:1,strength_hypertrophy,assigned,Cable,bilateral,reps,isolation,low,medium,isolation; accessory,8,15,false,false,false,false,false,,high,builtiq_master | master_movement=Horizontal Adduction | quality_pass_BIQ-0212 | review_only_not_applied,isolation horizontal push; low fatigue; medium skill; bilateral; reps measurement; volume policy strength_hypertrophy; hypertrophy credits chest:1
master:15,15,Chest-Supported Row,Compound,horizontal_pull,horizontal_pull,,,upper_back,lats; rear_delts; biceps,upper_back; lats; rear_delts; biceps,,upper_back:1; biceps:0.5,strength_hypertrophy,assigned,Dumbbell,bilateral,reps,compound,medium,medium,secondary; accessory,5,10,false,false,true,false,false,,high,builtiq_master | master_movement=Horizontal Pull | quality_pass_BIQ-0212 | review_only_not_applied,"compound horizontal pull; medium fatigue; medium skill; bilateral; reps measurement; volume policy strength_hypertrophy; hypertrophy credits upper_back:1, biceps:0.5"
master:229,229,Child's Pose,Mobility,rotation,other,upper_back,,,lats; hip_flexors,lats; hip_flexors,Back,,zero_non_hypertrophy,none_intentional,Bodyweight,bilateral,reps,isolation,low,low,warmup; isolation; accessory,1,8,true,false,false,true,false,,medium,builtiq_master | master_movement=Spinal/Hip Mobility | quality_pass_BIQ-0212 | review_only_not_applied,isolation other; low fatigue; low skill; bilateral; reps measurement; volume policy zero_non_hypertrophy; no hypertrophy primary by design; zero hypertrophy volume credit
master:24,24,Chin-Up,Compound,vertical_pull,vertical_pull,lats,,lats,biceps; upper_back,lats; biceps; upper_back,,lats:1; biceps:0.5,strength_hypertrophy,assigned,Bodyweight,bilateral,reps,compound,high,medium,primary; secondary,5,10,false,false,true,false,false,,high,builtiq_master | master_movement=Vertical Pull | quality_pass_BIQ-0212 | review_only_not_applied,"compound vertical pull; high fatigue; medium skill; bilateral; reps measurement; volume policy strength_hypertrophy; hypertrophy credits lats:1, biceps:0.5"
master:89,89,Clamshell,Prehab,rotation,other,,,,glutes,glutes,Glute Minimus,,zero_non_hypertrophy,none_intentional,Bands,unilateral,reps,isolation,low,low,warmup; isolation; accessory,1,8,true,false,false,true,false,,medium,builtiq_master | master_movement=Hip External Rotation | quality_pass_BIQ-0212 | review_only_not_applied,isolation other; low fatigue; low skill; unilateral; reps measurement; volume policy zero_non_hypertrophy; no hypertrophy primary by design; zero hypertrophy volume credit
master:256,256,Clean & Jerk,Power,hinge,olympic,,,,glutes; quads; hamstrings; upper_back; front_delts; triceps,glutes; quads; hamstrings; upper_back; front_delts; triceps,,,zero_non_hypertrophy,none_intentional,Barbell,bilateral,reps,compound,high,high,power,1,2,false,true,true,false,false,,high,builtiq_master | master_movement=Hinge/Power | quality_pass_BIQ-0212 | review_only_not_applied,Olympic/power lift. High technical and systemic demand; zero hypertrophy set credit.; compound olympic; high fatigue; high skill; bilateral; reps measurement; volume policy zero_non_hypertrophy; no hypertrophy primary by design; zero hypertrophy volume credit
master:51,51,Close-Grip Press,Compound,horizontal_push,horizontal_push,triceps,,triceps,chest; front_delts,triceps; chest; front_delts,,triceps:1; front_delts:0.5,strength_hypertrophy,assigned,Barbell,bilateral,reps,compound,medium,medium,secondary; accessory,5,10,false,false,true,false,false,,high,builtiq_master | master_movement=Horizontal Push | quality_pass_BIQ-0212 | review_only_not_applied,"compound horizontal push; medium fatigue; medium skill; bilateral; reps measurement; volume policy strength_hypertrophy; hypertrophy credits triceps:1, front_delts:0.5"
master:21,21,Close-Grip Pulldown,Compound,vertical_pull,vertical_pull,lats,,lats,biceps; upper_back,lats; biceps; upper_back,,lats:1; biceps:0.5,strength_hypertrophy,assigned,Cable,bilateral,reps,compound,medium,medium,secondary; accessory,5,10,false,false,true,false,false,,high,builtiq_master | master_movement=Vertical Pull | quality_pass_BIQ-0212 | review_only_not_applied,"compound vertical pull; medium fatigue; medium skill; bilateral; reps measurement; volume policy strength_hypertrophy; hypertrophy credits lats:1, biceps:0.5"
master:43,43,Concentration Curl,Isolation,other,elbow_flexion,biceps,,biceps,,biceps,,biceps:1,strength_hypertrophy,assigned,Dumbbell,bilateral,reps,isolation,low,low,isolation; accessory,8,15,false,false,false,false,false,,high,builtiq_master | master_movement=Elbow Flexion | quality_pass_BIQ-0212 | review_only_not_applied,isolation elbow flexion; low fatigue; low skill; bilateral; reps measurement; volume policy strength_hypertrophy; hypertrophy credits biceps:1
master:131,131,Copenhagen Plank,Prehab,other,core_anti_lateral_flexion,adductors,,adductors,obliques; abs,adductors; obliques; abs,,adductors:1,strength_hypertrophy,assigned,Bodyweight,unilateral,time,isolation,medium,medium,isolation; accessory,15,40,false,false,false,true,true,dual_identity_adductor_and_anti_lateral_flexion,review,builtiq_master | master_movement=Adduction Isometric | quality_pass_BIQ-0212 | review_only_not_applied,Adductor-biased side-support hold. Not a front-plank anti-extension drill.; isolation core anti lateral flexion; medium fatigue; medium skill; unilateral; time measurement; volume policy strength_hypertrophy; hypertrophy credits adductors:1
master:224,224,Cossack Squat,Mobility/Strength,squat,other,adductors,,,adductors; quads; glutes,adductors; quads; glutes,,,zero_non_hypertrophy,none_intentional,Bodyweight,unilateral,reps,isolation,low,low,warmup; isolation; accessory,1,8,true,false,false,true,false,,high,builtiq_master | master_movement=Lateral Squat | quality_pass_BIQ-0212 | review_only_not_applied,isolation other; low fatigue; low skill; unilateral; reps measurement; volume policy zero_non_hypertrophy; no hypertrophy primary by design; zero hypertrophy volume credit
master:179,179,Crab Walk,Conditioning,other,other,triceps,,,triceps; glutes; abs,triceps; glutes; abs,,,zero_non_hypertrophy,none_intentional,Bodyweight,bilateral,distance,isolation,low,medium,accessory,20,40,false,false,false,false,false,,high,builtiq_master | master_movement=Locomotion | quality_pass_BIQ-0212 | review_only_not_applied,isolation other; low fatigue; medium skill; bilateral; distance measurement; volume policy zero_non_hypertrophy; no hypertrophy primary by design; zero hypertrophy volume credit
master:101,101,Crunch,Core,other,core_flexion,abs,,abs,,abs,,abs:1,core,assigned,Bodyweight,bilateral,reps,isolation,low,medium,isolation; accessory,8,15,false,false,false,false,false,,high,builtiq_master | master_movement=Spinal Flexion | quality_pass_BIQ-0212 | review_only_not_applied,isolation core flexion; low fatigue; medium skill; bilateral; reps measurement; volume policy core; hypertrophy credits abs:1
master:201,201,Curtsy Lunge,Unilateral,squat,lunge,glutes,,glutes,quads; adductors,glutes; quads; adductors,,glutes:1; quads:0.5,strength_hypertrophy,assigned,Bodyweight,unilateral,reps,compound,medium,medium,secondary; accessory,5,10,false,false,true,false,false,,high,builtiq_master | master_movement=Lunge | quality_pass_BIQ-0212 | review_only_not_applied,"compound lunge; medium fatigue; medium skill; unilateral; reps measurement; volume policy strength_hypertrophy; hypertrophy credits glutes:1, quads:0.5"
master:196,196,Cyclist Squat,Accessory,squat,squat,quads,,quads,glutes,quads; glutes,,quads:1; glutes:0.5,strength_hypertrophy,assigned,Dumbbell,bilateral,reps,compound,medium,medium,secondary; accessory,5,10,false,false,true,false,false,,high,builtiq_master | master_movement=Squat | quality_pass_BIQ-0212 | review_only_not_applied,"compound squat; medium fatigue; medium skill; bilateral; reps measurement; volume policy strength_hypertrophy; hypertrophy credits quads:1, glutes:0.5"
master:96,96,Dead Bug,Core Control,other,core_anti_extension,abs,,abs,hip_flexors,abs; hip_flexors,,abs:1,core,assigned,Bodyweight,bilateral,reps,isolation,low,medium,isolation; accessory,8,15,false,false,false,false,false,,high,builtiq_master | master_movement=Anti-Extension | quality_pass_BIQ-0212 | review_only_not_applied,isolation core anti extension; low fatigue; medium skill; bilateral; reps measurement; volume policy core; hypertrophy credits abs:1
master:237,237,Dead Hang,Isometric,vertical_pull,other,,,,forearms; lats,forearms; lats,,,zero_non_hypertrophy,none_intentional,Bodyweight,bilateral,time,isolation,low,medium,warmup; accessory,15,45,true,false,false,false,false,,high,builtiq_master | master_movement=Hang | quality_pass_BIQ-0212 | review_only_not_applied,isolation other; low fatigue; medium skill; bilateral; time measurement; volume policy zero_non_hypertrophy; no hypertrophy primary by design; zero hypertrophy volume credit
master:71,71,Deadlift,Compound,hinge,hinge,glutes,,glutes,hamstrings; quads; abs,glutes; hamstrings; quads; abs,Back,glutes:1; hamstrings:0.5,strength_hypertrophy,assigned,Barbell,bilateral,reps,compound,high,medium,primary; secondary,5,10,false,false,true,false,false,,medium,builtiq_master | master_movement=Hinge | quality_pass_BIQ-0212 | review_only_not_applied,"compound hinge; high fatigue; medium skill; bilateral; reps measurement; volume policy strength_hypertrophy; hypertrophy credits glutes:1, hamstrings:0.5"
master:3,3,Decline Press,Compound,horizontal_push,horizontal_push,chest,,chest,triceps; front_delts,chest; triceps; front_delts,,chest:1; triceps:0.5; front_delts:0.5,strength_hypertrophy,assigned,Barbell,bilateral,reps,compound,medium,medium,secondary; accessory,5,10,false,false,true,false,false,,high,builtiq_master | master_movement=Horizontal Push | quality_pass_BIQ-0212 | review_only_not_applied,"compound horizontal push; medium fatigue; medium skill; bilateral; reps measurement; volume policy strength_hypertrophy; hypertrophy credits chest:1, triceps:0.5, front_delts:0.5"
master:8,8,Decline Push-Up,Bodyweight,horizontal_push,horizontal_push,chest,,chest,triceps; front_delts; abs,chest; triceps; front_delts; abs,,chest:1; triceps:0.5; front_delts:0.5,strength_hypertrophy,assigned,Bodyweight,bilateral,reps,compound,medium,medium,secondary; accessory,5,10,false,false,true,false,false,,high,builtiq_master | master_movement=Horizontal Push | quality_pass_BIQ-0212 | review_only_not_applied,"compound horizontal push; medium fatigue; medium skill; bilateral; reps measurement; volume policy strength_hypertrophy; hypertrophy credits chest:1, triceps:0.5, front_delts:0.5"
master:225,225,Deep Squat Hold,Mobility,rotation,other,,,,hip_flexors; quads; adductors,hip_flexors; quads; adductors,,,zero_non_hypertrophy,none_intentional,Bodyweight,bilateral,time,isolation,low,low,warmup; isolation; accessory,20,45,true,false,false,true,false,,high,builtiq_master | master_movement=Squat Mobility | quality_pass_BIQ-0212 | review_only_not_applied,isolation other; low fatigue; low skill; bilateral; time measurement; volume policy zero_non_hypertrophy; no hypertrophy primary by design; zero hypertrophy volume credit
master:9,9,Dip,Compound,vertical_push,vertical_push,chest,,chest,triceps; front_delts,chest; triceps; front_delts,,chest:1; triceps:0.5,strength_hypertrophy,assigned,Bodyweight,bilateral,reps,compound,medium,medium,secondary; accessory,5,10,false,false,true,false,false,,high,builtiq_master | master_movement=Vertical Push | quality_pass_BIQ-0212 | review_only_not_applied,"compound vertical push; medium fatigue; medium skill; bilateral; reps measurement; volume policy strength_hypertrophy; hypertrophy credits chest:1, triceps:0.5"
master:210,210,Donkey Calf Raise,Isolation,other,calf_raise,calves,,calves,,calves,,calves:1,strength_hypertrophy,assigned,Machine,bilateral,reps,isolation,low,low,isolation; accessory,8,15,false,false,false,false,false,,high,builtiq_master | master_movement=Plantar Flexion | quality_pass_BIQ-0212 | review_only_not_applied,isolation calf raise; low fatigue; low skill; bilateral; reps measurement; volume policy strength_hypertrophy; hypertrophy credits calves:1
master:227,227,Doorway Pec Stretch,Mobility,rotation,other,chest,,,chest; front_delts,chest; front_delts,,,zero_non_hypertrophy,none_intentional,Bodyweight,bilateral,reps,isolation,low,low,warmup; isolation; accessory,1,8,true,false,false,true,false,,high,builtiq_master | master_movement=Shoulder Extension Mobility | quality_pass_BIQ-0212 | review_only_not_applied,isolation other; low fatigue; low skill; bilateral; reps measurement; volume policy zero_non_hypertrophy; no hypertrophy primary by design; zero hypertrophy volume credit
master:247,247,Elliptical,Cardio,other,other,,,,quads; glutes,quads; glutes,,,zero_non_hypertrophy,none_intentional,Elliptical,bilateral,time,isolation,low,medium,accessory,180,600,false,false,false,false,false,,high,builtiq_master | master_movement=Cardio | quality_pass_BIQ-0212 | review_only_not_applied,isolation other; low fatigue; medium skill; bilateral; time measurement; volume policy zero_non_hypertrophy; no hypertrophy primary by design; zero hypertrophy volume credit
master:36,36,External Rotation,Prehab,rotation,other,,,,rotator_cuff; rear_delts,rotator_cuff; rear_delts,,,zero_non_hypertrophy,none_intentional,Cable,bilateral,reps,isolation,low,low,warmup; isolation; accessory,1,8,true,false,false,true,false,,high,builtiq_master | master_movement=External Rotation | quality_pass_BIQ-0212 | review_only_not_applied,isolation other; low fatigue; low skill; bilateral; reps measurement; volume policy zero_non_hypertrophy; no hypertrophy primary by design; zero hypertrophy volume credit
master:26,26,Face Pull,Accessory,horizontal_pull,horizontal_pull,rear_delts,,rear_delts,upper_back; rotator_cuff,rear_delts; upper_back; rotator_cuff,,rear_delts:1; biceps:0.5,strength_hypertrophy,assigned,Cable,bilateral,reps,compound,medium,medium,secondary; accessory,5,10,false,false,true,false,false,,high,builtiq_master | master_movement=Horizontal Pull | quality_pass_BIQ-0212 | review_only_not_applied,"compound horizontal pull; medium fatigue; medium skill; bilateral; reps measurement; volume policy strength_hypertrophy; hypertrophy credits rear_delts:1, biceps:0.5"
master:110,110,Farmer Carry,Carry,carry,carry,,,,forearms; upper_back; abs; glutes,forearms; upper_back; abs; glutes,,,zero_non_hypertrophy,none_intentional,Dumbbell,bilateral,distance,compound,medium,low,accessory,20,40,false,false,false,false,false,,high,builtiq_master | master_movement=Carry | quality_pass_BIQ-0212 | review_only_not_applied,Bilateral loaded locomotion. Muscles are involved; no simple hypertrophy primary.; compound carry; medium fatigue; low skill; bilateral; distance measurement; volume policy zero_non_hypertrophy; no hypertrophy primary by design; zero hypertrophy volume credit
master:231,231,Figure-Four Stretch,Mobility,rotation,other,glutes,,,glutes,glutes,,,zero_non_hypertrophy,none_intentional,Bodyweight,bilateral,reps,isolation,low,low,warmup; isolation; accessory,1,8,true,false,false,true,false,,high,builtiq_master | master_movement=Hip External Rotation Mobility | quality_pass_BIQ-0212 | review_only_not_applied,isolation other; low fatigue; low skill; bilateral; reps measurement; volume policy zero_non_hypertrophy; no hypertrophy primary by design; zero hypertrophy volume credit
master:183,183,Floor Press,Compound,horizontal_push,horizontal_push,chest,,chest,triceps; front_delts,chest; triceps; front_delts,,chest:1; triceps:0.5; front_delts:0.5,strength_hypertrophy,assigned,Dumbbell,bilateral,reps,compound,medium,medium,secondary; accessory,5,10,false,false,true,false,false,,high,builtiq_master | master_movement=Horizontal Push | quality_pass_BIQ-0212 | review_only_not_applied,"compound horizontal push; medium fatigue; medium skill; bilateral; reps measurement; volume policy strength_hypertrophy; hypertrophy credits chest:1, triceps:0.5, front_delts:0.5"
master:88,88,Frog Pump,Accessory,hinge,hinge,glutes,,glutes,,glutes,,glutes:1; hamstrings:0.5,strength_hypertrophy,assigned,Bodyweight,bilateral,reps,compound,medium,medium,secondary; accessory,5,10,false,false,true,false,false,,high,builtiq_master | master_movement=Hip Extension | quality_pass_BIQ-0212 | review_only_not_applied,"compound hinge; medium fatigue; medium skill; bilateral; reps measurement; volume policy strength_hypertrophy; hypertrophy credits glutes:1, hamstrings:0.5"
master:111,111,Front Rack Carry,Carry,carry,carry,abs,,,abs; upper_back; front_delts; glutes,abs; upper_back; front_delts; glutes,,,zero_non_hypertrophy,none_intentional,Kettlebell,bilateral,distance,compound,medium,medium,accessory,20,40,false,false,false,false,false,,high,builtiq_master | master_movement=Carry | quality_pass_BIQ-0212 | review_only_not_applied,compound carry; medium fatigue; medium skill; bilateral; distance measurement; volume policy zero_non_hypertrophy; no hypertrophy primary by design; zero hypertrophy volume credit
master:33,33,Front Raise,Isolation,other,other,front_delts,,front_delts,,front_delts,,front_delts:1,strength_hypertrophy,assigned,Dumbbell,bilateral,reps,isolation,low,low,isolation; accessory,8,15,false,false,false,false,false,,high,builtiq_master | master_movement=Shoulder Flexion | quality_pass_BIQ-0212 | review_only_not_applied,Shoulder flexion. Chest is not a hypertrophy target.; isolation other; low fatigue; low skill; bilateral; reps measurement; volume policy strength_hypertrophy; hypertrophy credits front_delts:1
master:55,55,Front Squat,Compound,squat,squat,quads,,quads,glutes; abs; upper_back,quads; glutes; abs; upper_back,,quads:1; glutes:0.5,strength_hypertrophy,assigned,Barbell,bilateral,reps,compound,high,medium,primary; secondary,5,10,false,false,true,false,false,,high,builtiq_master | master_movement=Squat | quality_pass_BIQ-0212 | review_only_not_applied,"compound squat; high fatigue; medium skill; bilateral; reps measurement; volume policy strength_hypertrophy; hypertrophy credits quads:1, glutes:0.5"
master:78,78,Glute Bridge,Accessory,hinge,hinge,glutes,,glutes,hamstrings,glutes; hamstrings,,glutes:1; hamstrings:0.5,strength_hypertrophy,assigned,Bodyweight,bilateral,reps,compound,medium,medium,secondary; accessory,5,10,false,false,true,false,false,,high,builtiq_master | master_movement=Hip Extension | quality_pass_BIQ-0212 | review_only_not_applied,"compound hinge; medium fatigue; medium skill; bilateral; reps measurement; volume policy strength_hypertrophy; hypertrophy credits glutes:1, hamstrings:0.5"
master:85,85,Glute Kickback,Isolation,hinge,elbow_extension,glutes,,glutes,hamstrings,glutes; hamstrings,,glutes:1,strength_hypertrophy,assigned,Cable,bilateral,reps,isolation,low,medium,isolation; accessory,8,15,false,false,false,false,false,,high,builtiq_master | master_movement=Hip Extension | quality_pass_BIQ-0212 | review_only_not_applied,isolation elbow extension; low fatigue; medium skill; bilateral; reps measurement; volume policy strength_hypertrophy; hypertrophy credits glutes:1
master:56,56,Goblet Squat,Compound,squat,squat,quads,,quads,glutes; abs,quads; glutes; abs,,quads:1; glutes:0.5,strength_hypertrophy,assigned,Dumbbell,bilateral,reps,compound,medium,medium,secondary; accessory,5,10,false,false,true,false,false,,high,builtiq_master | master_movement=Squat | quality_pass_BIQ-0212 | review_only_not_applied,"compound squat; medium fatigue; medium skill; bilateral; reps measurement; volume policy strength_hypertrophy; hypertrophy credits quads:1, glutes:0.5"
master:76,76,Good Morning,Compound,hinge,hinge,hamstrings,,hamstrings,glutes,hamstrings; glutes,Back,hamstrings:1; glutes:0.5,strength_hypertrophy,assigned,Barbell,bilateral,reps,compound,medium,medium,secondary; accessory,5,10,false,false,true,false,false,,medium,builtiq_master | master_movement=Hinge | quality_pass_BIQ-0212 | review_only_not_applied,"compound hinge; medium fatigue; medium skill; bilateral; reps measurement; volume policy strength_hypertrophy; hypertrophy credits hamstrings:1, glutes:0.5"
master:236,236,Grip Squeeze,Isolation,other,other,,,forearms,,forearms,,forearms:1,strength_hypertrophy,assigned,Gripper,bilateral,reps,isolation,low,medium,isolation; accessory,8,15,false,false,false,false,false,,high,builtiq_master | master_movement=Grip | quality_pass_BIQ-0212 | review_only_not_applied,isolation other; low fatigue; medium skill; bilateral; reps measurement; volume policy strength_hypertrophy; hypertrophy credits forearms:1
master:233,233,Groin Stretch,Mobility,rotation,other,adductors,,,adductors; hip_flexors,adductors; hip_flexors,,,zero_non_hypertrophy,none_intentional,Bodyweight,bilateral,reps,isolation,low,low,warmup; isolation; accessory,1,8,true,false,false,true,false,,high,builtiq_master | master_movement=Hip Abduction Mobility | quality_pass_BIQ-0212 | review_only_not_applied,isolation other; low fatigue; low skill; bilateral; reps measurement; volume policy zero_non_hypertrophy; no hypertrophy primary by design; zero hypertrophy volume credit
master:57,57,Hack Squat,Compound,squat,squat,quads,,quads,glutes,quads; glutes,,quads:1; glutes:0.5,strength_hypertrophy,assigned,Machine,bilateral,reps,compound,medium,medium,secondary; accessory,5,10,false,false,true,false,false,,high,builtiq_master | master_movement=Squat | quality_pass_BIQ-0212 | review_only_not_applied,"compound squat; medium fatigue; medium skill; bilateral; reps measurement; volume policy strength_hypertrophy; hypertrophy credits quads:1, glutes:0.5"
master:168,168,Half-Kneeling Landmine Press,Compound,horizontal_push,vertical_push,side_delts,,front_delts,chest; triceps; abs,front_delts; chest; triceps; abs,,front_delts:1; triceps:0.5,strength_hypertrophy,assigned,Landmine,unilateral,reps,compound,medium,medium,secondary; accessory,5,10,false,false,true,false,false,,high,builtiq_master | master_movement=Diagonal Push | quality_pass_BIQ-0212 | review_only_not_applied,"Half-kneeling stance is asymmetrical. Front delts are the press primary; chest is involvement only.; compound vertical push; medium fatigue; medium skill; unilateral; reps measurement; volume policy strength_hypertrophy; hypertrophy credits front_delts:1, triceps:0.5"
master:40,40,Hammer Curl,Isolation,other,elbow_flexion,,,biceps,forearms,biceps; forearms,,biceps:1,strength_hypertrophy,assigned,Dumbbell,bilateral,reps,isolation,low,low,isolation; accessory,8,15,false,false,false,false,false,,high,builtiq_master | master_movement=Elbow Flexion | quality_pass_BIQ-0212 | review_only_not_applied,isolation elbow flexion; low fatigue; low skill; bilateral; reps measurement; volume policy strength_hypertrophy; hypertrophy credits biceps:1
master:230,230,Hamstring Stretch,Mobility,rotation,other,hamstrings,,,hamstrings; calves,hamstrings; calves,,,zero_non_hypertrophy,none_intentional,Bodyweight,bilateral,reps,isolation,low,low,warmup; isolation; accessory,1,8,true,false,false,true,false,,high,builtiq_master | master_movement=Hip Flexion Mobility | quality_pass_BIQ-0212 | review_only_not_applied,isolation other; low fatigue; low skill; bilateral; reps measurement; volume policy zero_non_hypertrophy; no hypertrophy primary by design; zero hypertrophy volume credit
master:188,188,Handstand Push-Up,Bodyweight,vertical_push,horizontal_push,side_delts,,chest,triceps,chest; triceps,,chest:1; triceps:0.5; front_delts:0.5,strength_hypertrophy,assigned,Bodyweight,bilateral,reps,compound,medium,medium,secondary; accessory,5,10,false,false,true,false,false,,high,builtiq_master | master_movement=Vertical Push | quality_pass_BIQ-0212 | review_only_not_applied,"compound horizontal push; medium fatigue; medium skill; bilateral; reps measurement; volume policy strength_hypertrophy; hypertrophy credits chest:1, triceps:0.5, front_delts:0.5"
master:257,257,Hang Clean,Power,hinge,olympic,,,,glutes; quads; hamstrings; upper_back,glutes; quads; hamstrings; upper_back,,,zero_non_hypertrophy,none_intentional,Barbell,bilateral,reps,compound,high,high,power,1,3,false,true,true,false,false,,high,builtiq_master | master_movement=Hinge/Power | quality_pass_BIQ-0212 | review_only_not_applied,Olympic/power lift. High technical and systemic demand; zero hypertrophy set credit.; compound olympic; high fatigue; high skill; bilateral; reps measurement; volume policy zero_non_hypertrophy; no hypertrophy primary by design; zero hypertrophy volume credit
master:104,104,Hanging Knee Raise,Core,other,core_flexion,abs,,abs,hip_flexors; forearms,abs; hip_flexors; forearms,,abs:1,core,assigned,Bodyweight,bilateral,reps,isolation,low,low,isolation; accessory,8,15,false,false,false,false,false,,high,builtiq_master | master_movement=Hip Flexion | quality_pass_BIQ-0212 | review_only_not_applied,isolation core flexion; low fatigue; low skill; bilateral; reps measurement; volume policy core; hypertrophy credits abs:1
master:105,105,Hanging Leg Raise,Core,other,core_flexion,abs,,abs,hip_flexors; forearms,abs; hip_flexors; forearms,,abs:1,core,assigned,Bodyweight,bilateral,reps,isolation,low,low,isolation; accessory,8,15,false,false,false,false,false,,high,builtiq_master | master_movement=Hip Flexion | quality_pass_BIQ-0212 | review_only_not_applied,isolation core flexion; low fatigue; low skill; bilateral; reps measurement; volume policy core; hypertrophy credits abs:1
master:217,217,Heel Tap,Core,rotation,core_lateral_flexion,obliques,,obliques,abs,obliques; abs,,obliques:1,core,assigned,Bodyweight,bilateral,reps,isolation,low,medium,isolation; accessory,8,15,false,false,false,false,false,,high,builtiq_master | master_movement=Lateral Flexion | quality_pass_BIQ-0212 | review_only_not_applied,isolation core lateral flexion; low fatigue; medium skill; bilateral; reps measurement; volume policy core; hypertrophy credits obliques:1
master:213,213,Heel Walk,Carry,other,other,,,tibialis,,tibialis,,tibialis:1,strength_hypertrophy,assigned,Bodyweight,alternating,distance,isolation,low,medium,isolation; accessory,20,40,false,false,false,false,false,,high,builtiq_master | master_movement=Dorsiflexion | quality_pass_BIQ-0212 | review_only_not_applied,isolation other; low fatigue; medium skill; alternating; distance measurement; volume policy strength_hypertrophy; hypertrophy credits tibialis:1
master:18,18,High Row,Compound,horizontal_pull,horizontal_pull,upper_back,,upper_back,lats; rear_delts; biceps,upper_back; lats; rear_delts; biceps,,upper_back:1; biceps:0.5,strength_hypertrophy,assigned,Machine,bilateral,reps,compound,medium,medium,secondary; accessory,5,10,false,false,true,false,false,,high,builtiq_master | master_movement=Diagonal Pull | quality_pass_BIQ-0212 | review_only_not_applied,"compound horizontal pull; medium fatigue; medium skill; bilateral; reps measurement; volume policy strength_hypertrophy; hypertrophy credits upper_back:1, biceps:0.5"
master:86,86,Hip Abduction,Isolation,other,other,,,glutes,,glutes,Glute Minimus,glutes:1,strength_hypertrophy,assigned,Machine,bilateral,reps,isolation,low,medium,isolation; accessory,8,15,false,false,false,false,false,,medium,builtiq_master | master_movement=Hip Abduction | quality_pass_BIQ-0212 | review_only_not_applied,isolation other; low fatigue; medium skill; bilateral; reps measurement; volume policy strength_hypertrophy; hypertrophy credits glutes:1
master:87,87,Hip Adduction,Isolation,other,other,adductors,,adductors,,adductors,,adductors:1,strength_hypertrophy,assigned,Machine,bilateral,reps,isolation,low,medium,isolation; accessory,8,15,false,false,false,false,false,,high,builtiq_master | master_movement=Hip Adduction | quality_pass_BIQ-0212 | review_only_not_applied,isolation other; low fatigue; medium skill; bilateral; reps measurement; volume policy strength_hypertrophy; hypertrophy credits adductors:1
master:130,130,Hip Airplane,Mobility,other,other,glutes,,,glutes; abs,glutes; abs,,,zero_non_hypertrophy,none_intentional,Bodyweight,bilateral,reps,isolation,low,low,warmup; isolation; accessory,1,8,true,false,false,true,false,,high,builtiq_master | master_movement=Hip Stability | quality_pass_BIQ-0212 | review_only_not_applied,isolation other; low fatigue; low skill; bilateral; reps measurement; volume policy zero_non_hypertrophy; no hypertrophy primary by design; zero hypertrophy volume credit
master:136,136,Hip Flexor Stretch,Mobility,rotation,other,hip_flexors,,,hip_flexors; quads,hip_flexors; quads,,,zero_non_hypertrophy,none_intentional,Bodyweight,bilateral,reps,isolation,low,low,warmup; isolation; accessory,1,8,true,false,false,true,false,,high,builtiq_master | master_movement=Hip Extension Mobility | quality_pass_BIQ-0212 | review_only_not_applied,isolation other; low fatigue; low skill; bilateral; reps measurement; volume policy zero_non_hypertrophy; no hypertrophy primary by design; zero hypertrophy volume credit
master:77,77,Hip Thrust,Compound,hinge,hinge,glutes,,glutes,hamstrings,glutes; hamstrings,,glutes:1; hamstrings:0.5,strength_hypertrophy,assigned,Barbell,bilateral,reps,compound,high,medium,primary; secondary,5,10,false,false,true,false,false,,high,builtiq_master | master_movement=Hip Extension | quality_pass_BIQ-0212 | review_only_not_applied,"compound hinge; high fatigue; medium skill; bilateral; reps measurement; volume policy strength_hypertrophy; hypertrophy credits glutes:1, hamstrings:0.5"
master:218,218,Hollow Hold,Isometric,other,core_anti_extension,abs,,abs,hip_flexors,abs; hip_flexors,,abs:1,core,assigned,Bodyweight,bilateral,time,isolation,low,medium,isolation; accessory,20,45,false,false,false,false,false,,high,builtiq_master | master_movement=Anti-Extension | quality_pass_BIQ-0212 | review_only_not_applied,isolation core anti extension; low fatigue; medium skill; bilateral; time measurement; volume policy core; hypertrophy credits abs:1
master:219,219,Hollow Rock,Core,other,core_anti_extension,abs,,abs,hip_flexors,abs; hip_flexors,,abs:1,core,assigned,Bodyweight,bilateral,reps,isolation,low,medium,isolation; accessory,8,15,false,false,false,false,false,,high,builtiq_master | master_movement=Anti-Extension | quality_pass_BIQ-0212 | review_only_not_applied,isolation core anti extension; low fatigue; medium skill; bilateral; reps measurement; volume policy core; hypertrophy credits abs:1
master:5,5,Incline Chest Fly,Isolation,other,horizontal_push,chest,,chest,front_delts,chest; front_delts,,chest:1,strength_hypertrophy,assigned,Dumbbell,bilateral,reps,isolation,low,medium,isolation; accessory,8,15,false,false,false,false,false,,high,builtiq_master | master_movement=Horizontal Adduction | quality_pass_BIQ-0212 | review_only_not_applied,isolation horizontal push; low fatigue; medium skill; bilateral; reps measurement; volume policy strength_hypertrophy; hypertrophy credits chest:1
master:42,42,Incline Curl,Isolation,other,elbow_flexion,biceps,,biceps,,biceps,,biceps:1,strength_hypertrophy,assigned,Dumbbell,bilateral,reps,isolation,low,low,isolation; accessory,8,15,false,false,false,false,false,,high,builtiq_master | master_movement=Elbow Flexion | quality_pass_BIQ-0212 | review_only_not_applied,isolation elbow flexion; low fatigue; low skill; bilateral; reps measurement; volume policy strength_hypertrophy; hypertrophy credits biceps:1
master:2,2,Incline Press,Compound,horizontal_push,horizontal_push,chest,,chest,triceps; front_delts,chest; triceps; front_delts,,chest:1; triceps:0.5; front_delts:0.5,strength_hypertrophy,assigned,Dumbbell,bilateral,reps,compound,medium,medium,secondary; accessory,5,10,false,false,true,false,false,,high,builtiq_master | master_movement=Horizontal Push | quality_pass_BIQ-0212 | review_only_not_applied,"compound horizontal push; medium fatigue; medium skill; bilateral; reps measurement; volume policy strength_hypertrophy; hypertrophy credits chest:1, triceps:0.5, front_delts:0.5"
master:7,7,Incline Push-Up,Bodyweight,horizontal_push,horizontal_push,chest,,chest,triceps; front_delts,chest; triceps; front_delts,,chest:1; triceps:0.5; front_delts:0.5,strength_hypertrophy,assigned,Bodyweight,bilateral,reps,compound,medium,medium,secondary; accessory,5,10,false,false,true,false,false,,high,builtiq_master | master_movement=Horizontal Push | quality_pass_BIQ-0212 | review_only_not_applied,"compound horizontal push; medium fatigue; medium skill; bilateral; reps measurement; volume policy strength_hypertrophy; hypertrophy credits chest:1, triceps:0.5, front_delts:0.5"
master:37,37,Internal Rotation,Prehab,rotation,other,,,,rotator_cuff; chest; lats,rotator_cuff; chest; lats,,,zero_non_hypertrophy,none_intentional,Cable,bilateral,reps,isolation,low,low,warmup; isolation; accessory,1,8,true,false,false,true,false,,high,builtiq_master | master_movement=Internal Rotation | quality_pass_BIQ-0212 | review_only_not_applied,isolation other; low fatigue; low skill; bilateral; reps measurement; volume policy zero_non_hypertrophy; no hypertrophy primary by design; zero hypertrophy volume credit
master:25,25,Inverted Row,Bodyweight,horizontal_pull,horizontal_pull,,,upper_back,lats; biceps; rear_delts; abs,upper_back; lats; biceps; rear_delts; abs,,upper_back:1; biceps:0.5,strength_hypertrophy,assigned,Bodyweight; Suspension Trainer,bilateral,reps,compound,medium,medium,secondary; accessory,5,10,false,false,true,false,false,,high,builtiq_master | master_movement=Horizontal Pull | quality_pass_BIQ-0212 | review_only_not_applied,"compound horizontal pull; medium fatigue; medium skill; bilateral; reps measurement; volume policy strength_hypertrophy; hypertrophy credits upper_back:1, biceps:0.5"
master:223,223,Jefferson Curl,Mobility,other,hinge,hamstrings,,hamstrings,spinal_erectors,hamstrings; spinal_erectors,,,zero_non_hypertrophy,assigned,Light Dumbbell,bilateral,reps,isolation,low,medium,warmup; accessory,1,8,true,false,false,true,true,loaded_spinal_flexion_programming_risk,review,builtiq_master | master_movement=Segmental Flexion | quality_pass_BIQ-0212 | review_only_not_applied,Segmental spinal flexion. Not an elbow-flexion curl.; isolation hinge; low fatigue; medium skill; bilateral; reps measurement; volume policy zero_non_hypertrophy; zero hypertrophy volume credit
master:248,248,Jump Rope,Conditioning,other,jump,calves,,,calves; abs,calves; abs,,,zero_non_hypertrophy,none_intentional,Jump Rope,bilateral,time,compound,medium,low,power; accessory,30,90,false,true,false,false,false,,high,builtiq_master | master_movement=Cardio/Reactive | quality_pass_BIQ-0212 | review_only_not_applied,compound jump; medium fatigue; low skill; bilateral; time measurement; volume policy zero_non_hypertrophy; no hypertrophy primary by design; zero hypertrophy volume credit
master:174,174,Kettlebell Clean,Power,hinge,olympic,glutes,,,glutes; hamstrings; abs,glutes; hamstrings; abs,,,zero_non_hypertrophy,none_intentional,Kettlebell,bilateral,reps,compound,high,high,power; secondary; accessory,1,5,false,true,true,false,false,,high,builtiq_master | master_movement=Hinge/Power | quality_pass_BIQ-0212 | review_only_not_applied,compound olympic; high fatigue; high skill; bilateral; reps measurement; volume policy zero_non_hypertrophy; no hypertrophy primary by design; zero hypertrophy volume credit
master:173,173,Kettlebell Deadlift,Compound,hinge,hinge,glutes,,glutes,hamstrings; quads,glutes; hamstrings; quads,Back,glutes:1; hamstrings:0.5,strength_hypertrophy,assigned,Kettlebell,bilateral,reps,compound,high,medium,primary; secondary,5,10,false,false,true,false,false,,medium,builtiq_master | master_movement=Hinge | quality_pass_BIQ-0212 | review_only_not_applied,"compound hinge; high fatigue; medium skill; bilateral; reps measurement; volume policy strength_hypertrophy; hypertrophy credits glutes:1, hamstrings:0.5"
master:172,172,Kettlebell Goblet Squat,Compound,squat,squat,quads,,quads,glutes; abs,quads; glutes; abs,,quads:1; glutes:0.5,strength_hypertrophy,assigned,Kettlebell,bilateral,reps,compound,medium,medium,secondary; accessory,5,10,false,false,true,false,false,,high,builtiq_master | master_movement=Squat | quality_pass_BIQ-0212 | review_only_not_applied,"compound squat; medium fatigue; medium skill; bilateral; reps measurement; volume policy strength_hypertrophy; hypertrophy credits quads:1, glutes:0.5"
master:175,175,Kettlebell Press,Compound,vertical_push,vertical_push,side_delts,,front_delts,triceps; abs,front_delts; triceps; abs,,front_delts:1; triceps:0.5,strength_hypertrophy,assigned,Kettlebell,bilateral,reps,compound,medium,medium,secondary; accessory,5,10,false,false,true,false,false,,high,builtiq_master | master_movement=Vertical Push | quality_pass_BIQ-0212 | review_only_not_applied,"compound vertical push; medium fatigue; medium skill; bilateral; reps measurement; volume policy strength_hypertrophy; hypertrophy credits front_delts:1, triceps:0.5"
master:176,176,Kettlebell Snatch,Power,hinge,olympic,side_delts,,,glutes; hamstrings; abs,glutes; hamstrings; abs,,,zero_non_hypertrophy,none_intentional,Kettlebell,bilateral,reps,compound,high,high,power; secondary; accessory,1,5,false,true,true,false,false,,high,builtiq_master | master_movement=Hinge/Power | quality_pass_BIQ-0212 | review_only_not_applied,compound olympic; high fatigue; high skill; bilateral; reps measurement; volume policy zero_non_hypertrophy; no hypertrophy primary by design; zero hypertrophy volume credit
master:113,113,Kettlebell Swing,Power,hinge,hinge,glutes,,glutes,hamstrings; abs,glutes; hamstrings; abs,Back,glutes:1; hamstrings:0.5,strength_hypertrophy,assigned,Kettlebell,bilateral,reps,compound,medium,medium,power; secondary; accessory,1,5,false,true,true,false,false,,medium,builtiq_master | master_movement=Hinge | quality_pass_BIQ-0212 | review_only_not_applied,"compound hinge; medium fatigue; medium skill; bilateral; reps measurement; volume policy strength_hypertrophy; hypertrophy credits glutes:1, hamstrings:0.5"
master:134,134,Knee-to-Wall Ankle Mobilization,Mobility,rotation,other,,,,calves,calves,,,zero_non_hypertrophy,none_intentional,Bodyweight,bilateral,reps,isolation,low,low,warmup; isolation; accessory,1,8,true,false,false,true,false,,high,builtiq_master | master_movement=Ankle Mobility | quality_pass_BIQ-0212 | review_only_not_applied,isolation other; low fatigue; low skill; bilateral; reps measurement; volume policy zero_non_hypertrophy; no hypertrophy primary by design; zero hypertrophy volume credit
master:167,167,Landmine Press,Compound,horizontal_push,horizontal_push,side_delts,,chest,front_delts; triceps,chest; front_delts; triceps,,chest:1; front_delts:0.5; triceps:0.5,strength_hypertrophy,assigned,Landmine,bilateral,reps,compound,medium,medium,secondary; accessory,5,10,false,false,true,false,false,,high,builtiq_master | master_movement=Diagonal Push | quality_pass_BIQ-0212 | review_only_not_applied,"Diagonal landmine press. Chest is the hypertrophy primary; not left unmapped from a ""shoulders"" label.; compound horizontal push; medium fatigue; medium skill; bilateral; reps measurement; volume policy strength_hypertrophy; hypertrophy credits chest:1, front_delts:0.5, triceps:0.5"
master:170,170,Landmine Romanian Deadlift,Compound,hinge,hinge,hamstrings,,hamstrings,glutes,hamstrings; glutes,Back,hamstrings:1; glutes:0.5,strength_hypertrophy,assigned,Landmine,bilateral,reps,compound,high,medium,primary; secondary,5,10,false,false,true,false,false,,medium,builtiq_master | master_movement=Hinge | quality_pass_BIQ-0212 | review_only_not_applied,"compound hinge; high fatigue; medium skill; bilateral; reps measurement; volume policy strength_hypertrophy; hypertrophy credits hamstrings:1, glutes:0.5"
master:171,171,Landmine Rotation,Core,rotation,other,obliques,,obliques,abs,obliques; abs,,obliques:1,strength_hypertrophy,assigned,Landmine,bilateral,reps,isolation,low,medium,isolation; accessory,8,15,false,false,false,false,false,,high,builtiq_master | master_movement=Rotation | quality_pass_BIQ-0212 | review_only_not_applied,isolation other; low fatigue; medium skill; bilateral; reps measurement; volume policy strength_hypertrophy; hypertrophy credits obliques:1
master:16,16,Landmine Row,Compound,horizontal_pull,horizontal_pull,,,upper_back,lats; biceps; rear_delts,upper_back; lats; biceps; rear_delts,,upper_back:1; biceps:0.5,strength_hypertrophy,assigned,Landmine,bilateral,reps,compound,medium,medium,secondary; accessory,5,10,false,false,true,false,false,,high,builtiq_master | master_movement=Horizontal Pull | quality_pass_BIQ-0212 | review_only_not_applied,"compound horizontal pull; medium fatigue; medium skill; bilateral; reps measurement; volume policy strength_hypertrophy; hypertrophy credits upper_back:1, biceps:0.5"
master:169,169,Landmine Squat,Compound,squat,squat,quads,,quads,glutes; abs,quads; glutes; abs,,quads:1; glutes:0.5,strength_hypertrophy,assigned,Landmine,bilateral,reps,compound,medium,medium,secondary; accessory,5,10,false,false,true,false,false,,high,builtiq_master | master_movement=Squat | quality_pass_BIQ-0212 | review_only_not_applied,"compound squat; medium fatigue; medium skill; bilateral; reps measurement; volume policy strength_hypertrophy; hypertrophy credits quads:1, glutes:0.5"
master:20,20,Lat Pulldown,Compound,vertical_pull,vertical_pull,lats,,lats,biceps; upper_back,lats; biceps; upper_back,,lats:1; biceps:0.5,strength_hypertrophy,assigned,Cable,bilateral,reps,compound,medium,medium,secondary; accessory,5,10,false,false,true,false,false,,high,builtiq_master | master_movement=Vertical Pull | quality_pass_BIQ-0212 | review_only_not_applied,"compound vertical pull; medium fatigue; medium skill; bilateral; reps measurement; volume policy strength_hypertrophy; hypertrophy credits lats:1, biceps:0.5"
master:228,228,Lat Stretch,Mobility,rotation,other,lats,,,lats,lats,,,zero_non_hypertrophy,none_intentional,Bodyweight,bilateral,reps,isolation,low,low,warmup; isolation; accessory,1,8,true,false,false,true,false,,high,builtiq_master | master_movement=Shoulder Flexion Mobility | quality_pass_BIQ-0212 | review_only_not_applied,isolation other; low fatigue; low skill; bilateral; reps measurement; volume policy zero_non_hypertrophy; no hypertrophy primary by design; zero hypertrophy volume credit
master:117,117,Lateral Bound,Plyometric,squat,jump,glutes,,,glutes; quads; adductors; calves,glutes; quads; adductors; calves,,,zero_non_hypertrophy,none_intentional,Bodyweight,bilateral,reps,compound,medium,medium,power; secondary; accessory,1,5,false,true,false,false,false,,high,builtiq_master | master_movement=Lateral Jump | quality_pass_BIQ-0212 | review_only_not_applied,compound jump; medium fatigue; medium skill; bilateral; reps measurement; volume policy zero_non_hypertrophy; no hypertrophy primary by design; zero hypertrophy volume credit
master:65,65,Lateral Lunge,Unilateral,squat,lunge,adductors,,adductors,quads; glutes,adductors; quads; glutes,,adductors:1; glutes:0.5,strength_hypertrophy,assigned,Bodyweight,unilateral,reps,compound,medium,medium,secondary; accessory,5,10,false,false,true,false,false,,high,builtiq_master | master_movement=Lateral Lunge | quality_pass_BIQ-0212 | review_only_not_applied,"compound lunge; medium fatigue; medium skill; unilateral; reps measurement; volume policy strength_hypertrophy; hypertrophy credits adductors:1, glutes:0.5"
master:32,32,Lateral Raise,Isolation,other,shoulder_abduction,side_delts,,side_delts,upper_back,side_delts; upper_back,,side_delts:1,strength_hypertrophy,assigned,Dumbbell,bilateral,reps,isolation,low,low,isolation; accessory,8,15,false,false,false,false,false,,high,builtiq_master | master_movement=Shoulder Abduction | quality_pass_BIQ-0212 | review_only_not_applied,isolation shoulder abduction; low fatigue; low skill; bilateral; reps measurement; volume policy strength_hypertrophy; hypertrophy credits side_delts:1
master:202,202,Lateral Step-Up,Unilateral,squat,lunge,glutes,,glutes,quads; adductors,glutes; quads; adductors,,glutes:1; quads:0.5,strength_hypertrophy,assigned,Bodyweight,unilateral,reps,compound,medium,medium,secondary; accessory,5,10,false,false,true,false,false,,high,builtiq_master | master_movement=Step | quality_pass_BIQ-0212 | review_only_not_applied,"compound lunge; medium fatigue; medium skill; unilateral; reps measurement; volume policy strength_hypertrophy; hypertrophy credits glutes:1, quads:0.5"
master:82,82,Leg Curl,Isolation,other,knee_flexion,hamstrings,,hamstrings,calves,hamstrings; calves,,hamstrings:1,strength_hypertrophy,assigned,Machine,bilateral,reps,isolation,low,low,isolation; accessory,8,15,false,false,false,false,false,,high,builtiq_master | master_movement=Knee Flexion | quality_pass_BIQ-0212 | review_only_not_applied,isolation knee flexion; low fatigue; low skill; bilateral; reps measurement; volume policy strength_hypertrophy; hypertrophy credits hamstrings:1
master:68,68,Leg Extension,Isolation,other,other,quads,,quads,,quads,,quads:1,strength_hypertrophy,assigned,Machine,bilateral,reps,isolation,low,medium,isolation; accessory,8,15,false,false,false,false,false,,high,builtiq_master | master_movement=Knee Extension | quality_pass_BIQ-0212 | review_only_not_applied,isolation other; low fatigue; medium skill; bilateral; reps measurement; volume policy strength_hypertrophy; hypertrophy credits quads:1
master:58,58,Leg Press,Compound,squat,squat,quads,,quads,glutes; adductors,quads; glutes; adductors,,quads:1; glutes:0.5,strength_hypertrophy,assigned,Machine,bilateral,reps,compound,medium,medium,secondary; accessory,5,10,false,false,true,false,false,,high,builtiq_master | master_movement=Squat | quality_pass_BIQ-0212 | review_only_not_applied,"compound squat; medium fatigue; medium skill; bilateral; reps measurement; volume policy strength_hypertrophy; hypertrophy credits quads:1, glutes:0.5"
master:19,19,Low Row,Compound,horizontal_pull,horizontal_pull,lats,,lats,upper_back; biceps,lats; upper_back; biceps,,lats:1; upper_back:0.5; biceps:0.5,strength_hypertrophy,assigned,Cable,bilateral,reps,compound,medium,medium,secondary; accessory,5,10,false,false,true,false,false,,high,builtiq_master | master_movement=Horizontal Pull | quality_pass_BIQ-0212 | review_only_not_applied,"compound horizontal pull; medium fatigue; medium skill; bilateral; reps measurement; volume policy strength_hypertrophy; hypertrophy credits lats:1, upper_back:0.5, biceps:0.5"
master:62,62,Lunge,Unilateral,squat,lunge,quads,,quads,glutes; adductors,quads; glutes; adductors,,quads:1; glutes:0.5,strength_hypertrophy,assigned,Dumbbell,unilateral,reps,compound,medium,medium,secondary; accessory,5,10,false,false,true,false,false,,high,builtiq_master | master_movement=Lunge | quality_pass_BIQ-0212 | review_only_not_applied,"compound lunge; medium fatigue; medium skill; unilateral; reps measurement; volume policy strength_hypertrophy; hypertrophy credits quads:1, glutes:0.5"
master:140,140,Machine Chest Press,Compound,horizontal_push,horizontal_push,chest,,chest,triceps; front_delts,chest; triceps; front_delts,,chest:1; triceps:0.5; front_delts:0.5,strength_hypertrophy,assigned,Machine,bilateral,reps,compound,medium,medium,secondary; accessory,5,10,false,false,true,false,false,,high,builtiq_master | master_movement=Horizontal Push | quality_pass_BIQ-0212 | review_only_not_applied,"compound horizontal push; medium fatigue; medium skill; bilateral; reps measurement; volume policy strength_hypertrophy; hypertrophy credits chest:1, triceps:0.5, front_delts:0.5"
master:143,143,Machine Pulldown,Compound,vertical_pull,vertical_pull,lats,,lats,biceps; upper_back,lats; biceps; upper_back,,lats:1; biceps:0.5,strength_hypertrophy,assigned,Machine,bilateral,reps,compound,medium,medium,secondary; accessory,5,10,false,false,true,false,false,,high,builtiq_master | master_movement=Vertical Pull | quality_pass_BIQ-0212 | review_only_not_applied,"compound vertical pull; medium fatigue; medium skill; bilateral; reps measurement; volume policy strength_hypertrophy; hypertrophy credits lats:1, biceps:0.5"
master:142,142,Machine Row,Compound,horizontal_pull,horizontal_pull,,,upper_back,lats; biceps,upper_back; lats; biceps,,upper_back:1; biceps:0.5,strength_hypertrophy,assigned,Machine,bilateral,reps,compound,medium,medium,secondary; accessory,5,10,false,false,true,false,false,,high,builtiq_master | master_movement=Horizontal Pull | quality_pass_BIQ-0212 | review_only_not_applied,"compound horizontal pull; medium fatigue; medium skill; bilateral; reps measurement; volume policy strength_hypertrophy; hypertrophy credits upper_back:1, biceps:0.5"
master:141,141,Machine Shoulder Press,Compound,vertical_push,vertical_push,side_delts,,front_delts,triceps,front_delts; triceps,,front_delts:1; triceps:0.5,strength_hypertrophy,assigned,Machine,bilateral,reps,compound,medium,medium,secondary; accessory,5,10,false,false,true,false,false,,high,builtiq_master | master_movement=Vertical Push | quality_pass_BIQ-0212 | review_only_not_applied,"compound vertical push; medium fatigue; medium skill; bilateral; reps measurement; volume policy strength_hypertrophy; hypertrophy credits front_delts:1, triceps:0.5"
master:189,189,Meadows Row,Unilateral,horizontal_pull,horizontal_pull,lats,,lats,upper_back; biceps; rear_delts,lats; upper_back; biceps; rear_delts,,lats:1; upper_back:0.5; biceps:0.5,strength_hypertrophy,assigned,Landmine,unilateral,reps,compound,medium,medium,secondary; accessory,5,10,false,false,true,false,false,,high,builtiq_master | master_movement=Horizontal Pull | quality_pass_BIQ-0212 | review_only_not_applied,"compound horizontal pull; medium fatigue; medium skill; unilateral; reps measurement; volume policy strength_hypertrophy; hypertrophy credits lats:1, upper_back:0.5, biceps:0.5"
master:119,119,Medicine Ball Chest Pass,Power,horizontal_push,throw,chest,,chest,triceps; abs,chest; triceps; abs,,,zero_non_hypertrophy,assigned,Medicine Ball,bilateral,reps,compound,medium,medium,power; secondary; accessory,1,5,false,true,false,false,false,,high,builtiq_master | master_movement=Horizontal Throw | quality_pass_BIQ-0212 | review_only_not_applied,compound throw; medium fatigue; medium skill; bilateral; reps measurement; volume policy zero_non_hypertrophy; zero hypertrophy volume credit
master:121,121,Medicine Ball Rotational Throw,Power,rotation,throw,obliques,,obliques,glutes,obliques; glutes,,,zero_non_hypertrophy,assigned,Medicine Ball,bilateral,reps,compound,medium,medium,power; secondary; accessory,1,5,false,true,false,false,false,,high,builtiq_master | master_movement=Rotational Throw | quality_pass_BIQ-0212 | review_only_not_applied,compound throw; medium fatigue; medium skill; bilateral; reps measurement; volume policy zero_non_hypertrophy; zero hypertrophy volume credit
master:120,120,Medicine Ball Slam,Power,horizontal_push,throw,lats,,lats,abs; triceps,lats; abs; triceps,,,zero_non_hypertrophy,assigned,Medicine Ball,bilateral,reps,compound,medium,medium,power; secondary; accessory,1,5,false,true,false,false,false,,high,builtiq_master | master_movement=Overhead Throw | quality_pass_BIQ-0212 | review_only_not_applied,compound throw; medium fatigue; medium skill; bilateral; reps measurement; volume policy zero_non_hypertrophy; zero hypertrophy volume credit
master:107,107,Mountain Climber,Conditioning,other,other,abs,,,abs; hip_flexors,abs; hip_flexors,,,zero_non_hypertrophy,none_intentional,Bodyweight,bilateral,reps,isolation,low,medium,accessory,8,15,false,false,false,false,false,,high,builtiq_master | master_movement=Dynamic Core | quality_pass_BIQ-0212 | review_only_not_applied,isolation other; low fatigue; medium skill; bilateral; reps measurement; volume policy zero_non_hypertrophy; no hypertrophy primary by design; zero hypertrophy volume credit
master:234,234,Neck Isometric,Isometric,other,other,,,neck,upper_back,neck; upper_back,Neck,,zero_non_hypertrophy,assigned,Bodyweight,bilateral,time,isolation,low,low,warmup; isolation; accessory,20,45,true,false,false,false,false,,medium,builtiq_master | master_movement=Neck Stability | quality_pass_BIQ-0212 | review_only_not_applied,Neck stability isometric. neck is an extended muscle id; zero hypertrophy working-set credit.; isolation other; low fatigue; low skill; bilateral; time measurement; volume policy zero_non_hypertrophy; zero hypertrophy volume credit
master:83,83,Nordic Hamstring Curl,Bodyweight,other,knee_flexion,hamstrings,,hamstrings,glutes; calves,hamstrings; glutes; calves,,hamstrings:1,strength_hypertrophy,assigned,Bodyweight,bilateral,reps,isolation,high,medium,isolation; accessory,3,6,false,false,false,false,false,,high,builtiq_master | master_movement=Knee Flexion | quality_pass_BIQ-0212 | review_only_not_applied,High-cost eccentric knee flexion. Not a machine/cable leg-curl fatigue analog.; isolation knee flexion; high fatigue; medium skill; bilateral; reps measurement; volume policy strength_hypertrophy; hypertrophy credits hamstrings:1
master:14,14,One-Arm Row,Compound,horizontal_pull,horizontal_pull,lats,,lats,upper_back; rear_delts; biceps,lats; upper_back; rear_delts; biceps,,lats:1; upper_back:0.5; biceps:0.5,strength_hypertrophy,assigned,Dumbbell,unilateral,reps,compound,medium,medium,secondary; accessory,5,10,false,false,true,false,false,,high,builtiq_master | master_movement=Horizontal Pull | quality_pass_BIQ-0212 | review_only_not_applied,"compound horizontal pull; medium fatigue; medium skill; unilateral; reps measurement; volume policy strength_hypertrophy; hypertrophy credits lats:1, upper_back:0.5, biceps:0.5"
master:112,112,Overhead Carry,Carry,carry,carry,side_delts,,,side_delts; front_delts; abs; obliques; upper_back,side_delts; front_delts; abs; obliques; upper_back,,,zero_non_hypertrophy,none_intentional,Dumbbell,unilateral,distance,compound,medium,medium,accessory,20,40,false,false,false,false,true,laterality_implementation_ambiguous_single_vs_double_arm,review,builtiq_master | master_movement=Carry | quality_pass_BIQ-0212 | review_only_not_applied,Typically one-arm kettlebell overhead carry; confirm if programmed two-arm.; compound carry; medium fatigue; medium skill; unilateral; distance measurement; volume policy zero_non_hypertrophy; no hypertrophy primary by design; zero hypertrophy volume credit
master:29,29,Overhead Press,Compound,vertical_push,vertical_push,side_delts,,front_delts,triceps; side_delts,front_delts; triceps; side_delts,,front_delts:1; triceps:0.5,strength_hypertrophy,assigned,Dumbbell,bilateral,reps,compound,high,medium,primary; secondary,5,10,false,false,true,false,false,,high,builtiq_master | master_movement=Vertical Push | quality_pass_BIQ-0212 | review_only_not_applied,"Chest may assist slightly but receives no hypertrophy volume credit.; compound vertical push; high fatigue; medium skill; bilateral; reps measurement; volume policy strength_hypertrophy; hypertrophy credits front_delts:1, triceps:0.5"
master:49,49,Overhead Triceps Extension,Isolation,other,other,triceps,,triceps,,triceps,,triceps:1,strength_hypertrophy,assigned,Dumbbell,bilateral,reps,isolation,low,medium,isolation; accessory,8,15,false,false,false,false,false,,high,builtiq_master | master_movement=Elbow Extension | quality_pass_BIQ-0212 | review_only_not_applied,isolation other; low fatigue; medium skill; bilateral; reps measurement; volume policy strength_hypertrophy; hypertrophy credits triceps:1
master:98,98,Pallof Press,Core Control,rotation,core_anti_rotation,abs,,abs,obliques,abs; obliques,,abs:1,core,assigned,Cable,unilateral,reps,isolation,low,low,isolation; accessory,8,15,false,false,false,false,false,,high,builtiq_master | master_movement=Anti-Rotation | quality_pass_BIQ-0212 | review_only_not_applied,isolation core anti rotation; low fatigue; low skill; unilateral; reps measurement; volume policy core; hypertrophy credits abs:1
master:199,199,Pause Squat,Compound,squat,squat,quads,,quads,glutes; abs,quads; glutes; abs,,quads:1; glutes:0.5,strength_hypertrophy,assigned,Barbell,bilateral,reps,compound,medium,medium,secondary; accessory,5,10,false,false,true,false,false,,high,builtiq_master | master_movement=Squat | quality_pass_BIQ-0212 | review_only_not_applied,"compound squat; medium fatigue; medium skill; bilateral; reps measurement; volume policy strength_hypertrophy; hypertrophy credits quads:1, glutes:0.5"
master:144,144,Pec Deck,Isolation,other,other,chest,,chest,front_delts,chest; front_delts,,chest:1,strength_hypertrophy,assigned,Machine,bilateral,reps,isolation,low,medium,isolation; accessory,8,15,false,false,false,false,false,,high,builtiq_master | master_movement=Horizontal Adduction | quality_pass_BIQ-0212 | review_only_not_applied,isolation other; low fatigue; medium skill; bilateral; reps measurement; volume policy strength_hypertrophy; hypertrophy credits chest:1
master:191,191,Pendlay Row,Compound,horizontal_pull,horizontal_pull,,,upper_back,lats; biceps; spinal_erectors,upper_back; lats; biceps; spinal_erectors,,upper_back:1; biceps:0.5,strength_hypertrophy,assigned,Barbell,bilateral,reps,compound,medium,medium,secondary; accessory,5,10,false,false,true,false,false,,high,builtiq_master | master_movement=Horizontal Pull | quality_pass_BIQ-0212 | review_only_not_applied,"compound horizontal pull; medium fatigue; medium skill; bilateral; reps measurement; volume policy strength_hypertrophy; hypertrophy credits upper_back:1, biceps:0.5"
master:148,148,Pendulum Squat,Compound,squat,squat,quads,,quads,glutes,quads; glutes,,quads:1; glutes:0.5,strength_hypertrophy,assigned,Machine,bilateral,reps,compound,medium,medium,secondary; accessory,5,10,false,false,true,false,false,,high,builtiq_master | master_movement=Squat | quality_pass_BIQ-0212 | review_only_not_applied,"compound squat; medium fatigue; medium skill; bilateral; reps measurement; volume policy strength_hypertrophy; hypertrophy credits quads:1, glutes:0.5"
master:187,187,Pike Push-Up,Bodyweight,vertical_push,horizontal_push,side_delts,,chest,triceps,chest; triceps,,chest:1; triceps:0.5; front_delts:0.5,strength_hypertrophy,assigned,Bodyweight,bilateral,reps,compound,medium,medium,secondary; accessory,5,10,false,false,true,false,false,,high,builtiq_master | master_movement=Vertical Push | quality_pass_BIQ-0212 | review_only_not_applied,"compound horizontal push; medium fatigue; medium skill; bilateral; reps measurement; volume policy strength_hypertrophy; hypertrophy credits chest:1, triceps:0.5, front_delts:0.5"
master:94,94,Plank,Isometric,other,core_anti_extension,abs,,abs,glutes,abs; glutes,,abs:1,core,assigned,Bodyweight,bilateral,time,isolation,low,low,isolation; accessory,20,60,false,false,false,false,false,,high,builtiq_master | master_movement=Anti-Extension | quality_pass_BIQ-0212 | review_only_not_applied,isolation core anti extension; low fatigue; low skill; bilateral; time measurement; volume policy core; hypertrophy credits abs:1
master:220,220,Plank Shoulder Tap,Core,rotation,core_anti_rotation,abs,,abs,obliques,abs; obliques,,abs:1,core,assigned,Bodyweight,alternating,time,isolation,low,low,isolation; accessory,20,40,false,false,false,false,false,,high,builtiq_master | master_movement=Anti-Rotation | quality_pass_BIQ-0212 | review_only_not_applied,isolation core anti rotation; low fatigue; low skill; alternating; time measurement; volume policy core; hypertrophy credits abs:1
master:254,254,Plate Front Raise,Isolation,other,other,front_delts,,front_delts,,front_delts,,front_delts:1,strength_hypertrophy,assigned,Plate,bilateral,reps,isolation,low,low,isolation; accessory,8,15,false,false,false,false,false,,high,builtiq_master | master_movement=Shoulder Flexion | quality_pass_BIQ-0212 | review_only_not_applied,isolation other; low fatigue; low skill; bilateral; reps measurement; volume policy strength_hypertrophy; hypertrophy credits front_delts:1
master:118,118,Pogo Jump,Plyometric,squat,jump,calves,,calves,quads,calves; quads,,,zero_non_hypertrophy,assigned,Bodyweight,bilateral,reps,compound,medium,medium,power,4,8,false,true,false,false,false,,high,builtiq_master | master_movement=Reactive Jump | quality_pass_BIQ-0212 | review_only_not_applied,Reactive plyometric jump. Not squat-pattern strength work.; compound jump; medium fatigue; medium skill; bilateral; reps measurement; volume policy zero_non_hypertrophy; zero hypertrophy volume credit
master:249,249,Power Clean,Power,hinge,olympic,,,,glutes; quads; hamstrings; upper_back; front_delts,glutes; quads; hamstrings; upper_back; front_delts,,,zero_non_hypertrophy,none_intentional,Barbell,bilateral,reps,compound,high,high,power,1,3,false,true,true,false,false,,high,builtiq_master | master_movement=Hinge/Power | quality_pass_BIQ-0212 | review_only_not_applied,Olympic/power lift. High technical and systemic demand; zero hypertrophy set credit.; compound olympic; high fatigue; high skill; bilateral; reps measurement; volume policy zero_non_hypertrophy; no hypertrophy primary by design; zero hypertrophy volume credit
master:258,258,Power Snatch,Power,hinge,olympic,,,,glutes; quads; hamstrings; upper_back,glutes; quads; hamstrings; upper_back,,,zero_non_hypertrophy,none_intentional,Barbell,bilateral,reps,compound,high,high,power; secondary; accessory,1,5,false,true,true,false,false,,high,builtiq_master | master_movement=Hinge/Power | quality_pass_BIQ-0212 | review_only_not_applied,compound olympic; high fatigue; high skill; bilateral; reps measurement; volume policy zero_non_hypertrophy; no hypertrophy primary by design; zero hypertrophy volume credit
master:41,41,Preacher Curl,Isolation,other,elbow_flexion,biceps,,biceps,,biceps,,biceps:1,strength_hypertrophy,assigned,EZ-Bar,bilateral,reps,isolation,low,low,isolation; accessory,8,15,false,false,false,false,false,,high,builtiq_master | master_movement=Elbow Flexion | quality_pass_BIQ-0212 | review_only_not_applied,isolation elbow flexion; low fatigue; low skill; bilateral; reps measurement; volume policy strength_hypertrophy; hypertrophy credits biceps:1
master:79,79,Pull-Through,Accessory,hinge,hinge,glutes,,glutes,hamstrings,glutes; hamstrings,,glutes:1; hamstrings:0.5,strength_hypertrophy,assigned,Cable,bilateral,reps,compound,medium,medium,secondary; accessory,5,10,false,false,true,false,false,,high,builtiq_master | master_movement=Hinge | quality_pass_BIQ-0212 | review_only_not_applied,"compound hinge; medium fatigue; medium skill; bilateral; reps measurement; volume policy strength_hypertrophy; hypertrophy credits glutes:1, hamstrings:0.5"
master:23,23,Pull-Up,Compound,vertical_pull,vertical_pull,lats,,lats,biceps; upper_back; abs,lats; biceps; upper_back; abs,,lats:1; biceps:0.5,strength_hypertrophy,assigned,Bodyweight,bilateral,reps,compound,high,medium,primary; secondary,5,10,false,false,true,false,false,,high,builtiq_master | master_movement=Vertical Pull | quality_pass_BIQ-0212 | review_only_not_applied,"compound vertical pull; high fatigue; medium skill; bilateral; reps measurement; volume policy strength_hypertrophy; hypertrophy credits lats:1, biceps:0.5"
master:252,252,Pull-Up Work,Compound,vertical_pull,vertical_pull,lats,,lats,biceps; upper_back,lats; biceps; upper_back,,lats:1; biceps:0.5,strength_hypertrophy,assigned,Bodyweight,bilateral,reps,compound,high,medium,primary; secondary,5,10,false,false,true,false,false,,high,builtiq_master | master_movement=Vertical Pull | quality_pass_BIQ-0212 | review_only_not_applied,"compound vertical pull; high fatigue; medium skill; bilateral; reps measurement; volume policy strength_hypertrophy; hypertrophy credits lats:1, biceps:0.5"
master:11,11,Pullover,Accessory,other,other,lats,,lats,chest; serratus; triceps,lats; chest; serratus; triceps,,lats:1,strength_hypertrophy,assigned,Dumbbell,bilateral,reps,isolation,low,medium,isolation; accessory,8,15,false,false,false,false,false,,high,builtiq_master | master_movement=Shoulder Extension | quality_pass_BIQ-0212 | review_only_not_applied,isolation other; low fatigue; medium skill; bilateral; reps measurement; volume policy strength_hypertrophy; hypertrophy credits lats:1
master:259,259,Push Jerk,Power,vertical_push,olympic,side_delts,,,front_delts; triceps; quads; glutes,front_delts; triceps; quads; glutes,,,zero_non_hypertrophy,none_intentional,Barbell,bilateral,reps,compound,high,high,power,1,3,false,true,true,false,false,,high,builtiq_master | master_movement=Vertical Push | quality_pass_BIQ-0212 | review_only_not_applied,Olympic/power lift. High technical and systemic demand; zero hypertrophy set credit.; compound olympic; high fatigue; high skill; bilateral; reps measurement; volume policy zero_non_hypertrophy; no hypertrophy primary by design; zero hypertrophy volume credit
master:31,31,Push Press,Power,vertical_push,power,side_delts,,front_delts,triceps; quads; glutes; side_delts,front_delts; triceps; quads; glutes; side_delts,,front_delts:0.5,power_reduced,assigned,Barbell,bilateral,reps,compound,high,medium,power; secondary,2,5,false,true,true,false,false,,high,builtiq_master | master_movement=Vertical Push | quality_pass_BIQ-0212 | review_only_not_applied,Explosive press. High systemic cost; reduced hypertrophy credit.; compound power; high fatigue; medium skill; bilateral; reps measurement; volume policy power_reduced; hypertrophy credits front_delts:0.5
master:6,6,Push-Up,Bodyweight,horizontal_push,horizontal_push,chest,,chest,triceps; front_delts; abs,chest; triceps; front_delts; abs,,chest:1; triceps:0.5; front_delts:0.5,strength_hypertrophy,assigned,Bodyweight,bilateral,reps,compound,medium,medium,secondary; accessory,5,10,false,false,true,false,false,,high,builtiq_master | master_movement=Horizontal Push | quality_pass_BIQ-0212 | review_only_not_applied,"compound horizontal push; medium fatigue; medium skill; bilateral; reps measurement; volume policy strength_hypertrophy; hypertrophy credits chest:1, triceps:0.5, front_delts:0.5"
master:232,232,Quad Stretch,Mobility,rotation,other,quads,,,quads; hip_flexors,quads; hip_flexors,,,zero_non_hypertrophy,none_intentional,Bodyweight,bilateral,reps,isolation,low,low,warmup; isolation; accessory,1,8,true,false,false,true,false,,high,builtiq_master | master_movement=Knee Flexion Mobility | quality_pass_BIQ-0212 | review_only_not_applied,isolation other; low fatigue; low skill; bilateral; reps measurement; volume policy zero_non_hypertrophy; no hypertrophy primary by design; zero hypertrophy volume credit
master:192,192,Rack Pull,Compound,hinge,hinge,upper_back,,hamstrings,glutes; upper_back,hamstrings; glutes; upper_back,Back,hamstrings:1; glutes:0.5,strength_hypertrophy,assigned,Barbell,bilateral,reps,compound,medium,medium,secondary; accessory,5,10,false,false,true,false,false,,medium,builtiq_master | master_movement=Hinge | quality_pass_BIQ-0212 | review_only_not_applied,"compound hinge; medium fatigue; medium skill; bilateral; reps measurement; volume policy strength_hypertrophy; hypertrophy credits hamstrings:1, glutes:0.5"
master:34,34,Rear Delt Row,Accessory,horizontal_pull,horizontal_pull,rear_delts,,rear_delts,upper_back; biceps,rear_delts; upper_back; biceps,,rear_delts:1; biceps:0.5,strength_hypertrophy,assigned,Dumbbell,bilateral,reps,compound,medium,medium,secondary; accessory,5,10,false,false,true,false,false,,high,builtiq_master | master_movement=Horizontal Pull | quality_pass_BIQ-0212 | review_only_not_applied,"compound horizontal pull; medium fatigue; medium skill; bilateral; reps measurement; volume policy strength_hypertrophy; hypertrophy credits rear_delts:1, biceps:0.5"
master:221,221,Renegade Row,Compound,horizontal_pull,core_anti_rotation,upper_back,,abs,biceps,abs; biceps,Back,abs:1,core,assigned,Dumbbell,bilateral,reps,compound,low,medium,isolation; accessory,8,15,false,false,false,false,false,,medium,builtiq_master | master_movement=Horizontal Pull/Anti-Rotation | quality_pass_BIQ-0212 | review_only_not_applied,compound core anti rotation; low fatigue; medium skill; bilateral; reps measurement; volume policy core; hypertrophy credits abs:1
master:103,103,Reverse Crunch,Core,other,core_flexion,abs,,abs,hip_flexors,abs; hip_flexors,,abs:1,core,assigned,Bodyweight,bilateral,reps,isolation,low,medium,isolation; accessory,8,15,false,false,false,false,false,,high,builtiq_master | master_movement=Posterior Pelvic Tilt | quality_pass_BIQ-0212 | review_only_not_applied,isolation core flexion; low fatigue; medium skill; bilateral; reps measurement; volume policy core; hypertrophy credits abs:1
master:45,45,Reverse Curl,Isolation,other,other,forearms,,forearms,biceps,forearms; biceps,,forearms:1,strength_hypertrophy,assigned,EZ-Bar,bilateral,reps,isolation,low,low,isolation; accessory,8,15,false,false,false,false,false,,high,builtiq_master | master_movement=Elbow Flexion | quality_pass_BIQ-0212 | review_only_not_applied,isolation other; low fatigue; low skill; bilateral; reps measurement; volume policy strength_hypertrophy; hypertrophy credits forearms:1
master:27,27,Reverse Fly,Isolation,other,other,rear_delts,,rear_delts,upper_back,rear_delts; upper_back,,rear_delts:1,strength_hypertrophy,assigned,Dumbbell,bilateral,reps,isolation,low,medium,isolation; accessory,8,15,false,false,false,false,false,,high,builtiq_master | master_movement=Horizontal Abduction | quality_pass_BIQ-0212 | review_only_not_applied,isolation other; low fatigue; medium skill; bilateral; reps measurement; volume policy strength_hypertrophy; hypertrophy credits rear_delts:1
master:81,81,Reverse Hyperextension,Accessory,hinge,hinge,glutes,,glutes,hamstrings; spinal_erectors,glutes; hamstrings; spinal_erectors,,glutes:1; hamstrings:0.5,strength_hypertrophy,assigned,Machine,bilateral,reps,compound,medium,medium,secondary; accessory,5,10,false,false,true,false,false,,high,builtiq_master | master_movement=Hip Extension | quality_pass_BIQ-0212 | review_only_not_applied,"compound hinge; medium fatigue; medium skill; bilateral; reps measurement; volume policy strength_hypertrophy; hypertrophy credits glutes:1, hamstrings:0.5"
master:63,63,Reverse Lunge,Unilateral,squat,lunge,quads,,quads,glutes; adductors,quads; glutes; adductors,,quads:1; glutes:0.5,strength_hypertrophy,assigned,Dumbbell,unilateral,reps,compound,medium,medium,secondary; accessory,5,10,false,false,true,false,false,,high,builtiq_master | master_movement=Lunge | quality_pass_BIQ-0212 | review_only_not_applied,"compound lunge; medium fatigue; medium skill; unilateral; reps measurement; volume policy strength_hypertrophy; hypertrophy credits quads:1, glutes:0.5"
master:145,145,Reverse Pec Deck,Isolation,other,other,rear_delts,,rear_delts,upper_back,rear_delts; upper_back,,rear_delts:1,strength_hypertrophy,assigned,Machine,bilateral,reps,isolation,low,medium,isolation; accessory,8,15,false,false,false,false,false,,high,builtiq_master | master_movement=Horizontal Abduction | quality_pass_BIQ-0212 | review_only_not_applied,isolation other; low fatigue; medium skill; bilateral; reps measurement; volume policy strength_hypertrophy; hypertrophy credits rear_delts:1
master:47,47,Reverse Wrist Curl,Isolation,other,other,forearms,,forearms,,forearms,,forearms:1,strength_hypertrophy,assigned,Dumbbell,bilateral,reps,isolation,low,low,isolation; accessory,8,15,false,false,false,false,false,,high,builtiq_master | master_movement=Wrist Extension | quality_pass_BIQ-0212 | review_only_not_applied,isolation other; low fatigue; low skill; bilateral; reps measurement; volume policy strength_hypertrophy; hypertrophy credits forearms:1
master:73,73,Romanian Deadlift,Compound,hinge,hinge,hamstrings,,hamstrings,glutes,hamstrings; glutes,Back,hamstrings:1; glutes:0.5,strength_hypertrophy,assigned,Barbell,bilateral,reps,compound,high,medium,primary; secondary,5,10,false,false,true,false,false,,medium,builtiq_master | master_movement=Hinge | quality_pass_BIQ-0212 | review_only_not_applied,"compound hinge; high fatigue; medium skill; bilateral; reps measurement; volume policy strength_hypertrophy; hypertrophy credits hamstrings:1, glutes:0.5"
master:239,239,Rope Climb,Functional,vertical_pull,vertical_pull,lats,,lats,biceps; forearms; abs,lats; biceps; forearms; abs,,lats:1; biceps:0.5,strength_hypertrophy,assigned,Rope,bilateral,reps,compound,medium,medium,secondary; accessory,5,10,false,false,true,false,false,,high,builtiq_master | master_movement=Vertical Pull | quality_pass_BIQ-0212 | review_only_not_applied,"compound vertical pull; medium fatigue; medium skill; bilateral; reps measurement; volume policy strength_hypertrophy; hypertrophy credits lats:1, biceps:0.5"
master:12,12,Row,Compound,horizontal_pull,horizontal_pull,,,upper_back,lats; rear_delts; biceps,upper_back; lats; rear_delts; biceps,,upper_back:1; biceps:0.5,strength_hypertrophy,assigned,Cable,bilateral,reps,compound,medium,medium,secondary; accessory,5,10,false,false,true,false,false,,high,builtiq_master | master_movement=Horizontal Pull | quality_pass_BIQ-0212 | review_only_not_applied,"compound horizontal pull; medium fatigue; medium skill; bilateral; reps measurement; volume policy strength_hypertrophy; hypertrophy credits upper_back:1, biceps:0.5"
master:242,242,Row Ergometer,Cardio,other,horizontal_pull,upper_back,,,abs,abs,Back; Legs,,zero_non_hypertrophy,none_intentional,Rower,bilateral,reps,compound,medium,medium,accessory,5,10,false,false,false,false,false,,medium,builtiq_master | master_movement=Cardio | quality_pass_BIQ-0212 | review_only_not_applied,compound horizontal pull; medium fatigue; medium skill; bilateral; reps measurement; volume policy zero_non_hypertrophy; no hypertrophy primary by design; zero hypertrophy volume credit
master:108,108,Russian Twist,Core,rotation,core_rotation,obliques,,obliques,abs; hip_flexors,obliques; abs; hip_flexors,,obliques:1,core,assigned,Bodyweight,bilateral,reps,isolation,low,medium,isolation; accessory,8,15,false,false,false,false,false,,high,builtiq_master | master_movement=Rotation | quality_pass_BIQ-0212 | review_only_not_applied,isolation core rotation; low fatigue; medium skill; bilateral; reps measurement; volume policy core; hypertrophy credits obliques:1
master:38,38,Scaption Raise,Prehab,other,other,side_delts,,,rotator_cuff,rotator_cuff,,,zero_non_hypertrophy,none_intentional,Dumbbell,bilateral,reps,isolation,low,low,warmup; isolation; accessory,1,8,true,false,false,true,false,,high,builtiq_master | master_movement=Scapular-Plane Raise | quality_pass_BIQ-0212 | review_only_not_applied,isolation other; low fatigue; low skill; bilateral; reps measurement; volume policy zero_non_hypertrophy; no hypertrophy primary by design; zero hypertrophy volume credit
master:127,127,Scapular Pull-Up,Prehab,other,other,,,,upper_back; lats; serratus,upper_back; lats; serratus,,,zero_non_hypertrophy,none_intentional,Bodyweight,bilateral,reps,isolation,low,low,warmup; isolation; accessory,1,8,true,false,false,true,false,,high,builtiq_master | master_movement=Scapular Depression | quality_pass_BIQ-0212 | review_only_not_applied,isolation other; low fatigue; low skill; bilateral; reps measurement; volume policy zero_non_hypertrophy; no hypertrophy primary by design; zero hypertrophy volume credit
master:126,126,Scapular Push-Up,Prehab,other,other,,,,serratus; abs,serratus; abs,,,zero_non_hypertrophy,none_intentional,Bodyweight,bilateral,reps,isolation,low,low,warmup; isolation; accessory,1,8,true,false,false,true,false,,high,builtiq_master | master_movement=Scapular Protraction | quality_pass_BIQ-0212 | review_only_not_applied,isolation other; low fatigue; low skill; bilateral; reps measurement; volume policy zero_non_hypertrophy; no hypertrophy primary by design; zero hypertrophy volume credit
master:190,190,Seal Row,Compound,horizontal_pull,horizontal_pull,,,upper_back,lats; rear_delts; biceps,upper_back; lats; rear_delts; biceps,,upper_back:1; biceps:0.5,strength_hypertrophy,assigned,Barbell,bilateral,reps,compound,medium,medium,secondary; accessory,5,10,false,false,true,false,false,,high,builtiq_master | master_movement=Horizontal Pull | quality_pass_BIQ-0212 | review_only_not_applied,"compound horizontal pull; medium fatigue; medium skill; bilateral; reps measurement; volume policy strength_hypertrophy; hypertrophy credits upper_back:1, biceps:0.5"
master:91,91,Seated Calf Raise,Isolation,other,calf_raise,,,calves,,calves,,calves:1,strength_hypertrophy,assigned,Machine,bilateral,reps,isolation,low,low,isolation; accessory,8,15,false,false,false,false,false,,high,builtiq_master | master_movement=Plantar Flexion | quality_pass_BIQ-0212 | review_only_not_applied,isolation calf raise; low fatigue; low skill; bilateral; reps measurement; volume policy strength_hypertrophy; hypertrophy credits calves:1
master:226,226,Shoulder Dislocate,Mobility,rotation,other,side_delts,,,chest; lats,chest; lats,,,zero_non_hypertrophy,none_intentional,PVC,bilateral,reps,isolation,low,low,warmup; isolation; accessory,1,8,true,false,false,true,false,,high,builtiq_master | master_movement=Shoulder Mobility | quality_pass_BIQ-0212 | review_only_not_applied,isolation other; low fatigue; low skill; bilateral; reps measurement; volume policy zero_non_hypertrophy; no hypertrophy primary by design; zero hypertrophy volume credit
master:28,28,Shrug,Isolation,other,other,upper_back,,upper_back,,upper_back,Levator Scapulae,upper_back:1,strength_hypertrophy,assigned,Dumbbell,bilateral,reps,isolation,low,medium,isolation; accessory,8,15,false,false,false,false,false,,medium,builtiq_master | master_movement=Scapular Elevation | quality_pass_BIQ-0212 | review_only_not_applied,isolation other; low fatigue; medium skill; bilateral; reps measurement; volume policy strength_hypertrophy; hypertrophy credits upper_back:1
master:251,251,Side Bend,Core,rotation,core_lateral_flexion,obliques,,obliques,spinal_erectors,obliques; spinal_erectors,,obliques:1,core,assigned,Bodyweight,unilateral,reps,isolation,low,medium,isolation; accessory,8,15,false,false,false,false,false,,high,builtiq_master | master_movement=Lateral Flexion | quality_pass_BIQ-0212 | review_only_not_applied,isolation core lateral flexion; low fatigue; medium skill; unilateral; reps measurement; volume policy core; hypertrophy credits obliques:1
master:95,95,Side Plank,Isometric,rotation,core_anti_lateral_flexion,obliques,,obliques,abs; glutes,obliques; abs; glutes,,obliques:1,core,assigned,Bodyweight,unilateral,time,isolation,low,low,isolation; accessory,20,45,false,false,false,false,false,,high,builtiq_master | master_movement=Anti-Lateral Flexion | quality_pass_BIQ-0212 | review_only_not_applied,Anti-lateral-flexion hold. Not core_anti_extension.; isolation core anti lateral flexion; low fatigue; low skill; unilateral; time measurement; volume policy core; hypertrophy credits obliques:1
master:184,184,Single-Arm Chest Press,Unilateral,horizontal_push,horizontal_push,chest,,chest,triceps; abs; front_delts,chest; triceps; abs; front_delts,,chest:1; triceps:0.5; front_delts:0.5,strength_hypertrophy,assigned,Dumbbell,unilateral,reps,compound,medium,medium,secondary; accessory,5,10,false,false,true,false,false,,high,builtiq_master | master_movement=Horizontal Push | quality_pass_BIQ-0212 | review_only_not_applied,"compound horizontal push; medium fatigue; medium skill; unilateral; reps measurement; volume policy strength_hypertrophy; hypertrophy credits chest:1, triceps:0.5, front_delts:0.5"
master:185,185,Single-Arm Overhead Press,Unilateral,vertical_push,vertical_push,side_delts,,front_delts,triceps; abs,front_delts; triceps; abs,,front_delts:1; triceps:0.5,strength_hypertrophy,assigned,Dumbbell,unilateral,reps,compound,high,medium,primary; secondary,5,10,false,false,true,false,false,,high,builtiq_master | master_movement=Vertical Push | quality_pass_BIQ-0212 | review_only_not_applied,"compound vertical push; high fatigue; medium skill; unilateral; reps measurement; volume policy strength_hypertrophy; hypertrophy credits front_delts:1, triceps:0.5"
master:132,132,Single-Leg Balance,Mobility,other,other,,,,glutes; abs,glutes; abs,,,zero_non_hypertrophy,none_intentional,Bodyweight,unilateral,reps,isolation,low,low,warmup; isolation; accessory,1,8,true,false,false,true,false,,high,builtiq_master | master_movement=Balance | quality_pass_BIQ-0212 | review_only_not_applied,isolation other; low fatigue; low skill; unilateral; reps measurement; volume policy zero_non_hypertrophy; no hypertrophy primary by design; zero hypertrophy volume credit
master:92,92,Single-Leg Calf Raise,Unilateral,other,calf_raise,calves,,calves,,calves,,calves:1,strength_hypertrophy,assigned,Bodyweight,unilateral,reps,isolation,low,low,isolation; accessory,8,15,false,false,false,false,false,,high,builtiq_master | master_movement=Plantar Flexion | quality_pass_BIQ-0212 | review_only_not_applied,isolation calf raise; low fatigue; low skill; unilateral; reps measurement; volume policy strength_hypertrophy; hypertrophy credits calves:1
master:207,207,Single-Leg Glute Bridge,Unilateral,hinge,hinge,glutes,,glutes,hamstrings; abs,glutes; hamstrings; abs,,glutes:1; hamstrings:0.5,strength_hypertrophy,assigned,Bodyweight,unilateral,reps,compound,medium,medium,secondary; accessory,5,10,false,false,true,false,false,,high,builtiq_master | master_movement=Hip Extension | quality_pass_BIQ-0212 | review_only_not_applied,"compound hinge; medium fatigue; medium skill; unilateral; reps measurement; volume policy strength_hypertrophy; hypertrophy credits glutes:1, hamstrings:0.5"
master:206,206,Single-Leg Hip Thrust,Unilateral,hinge,hinge,glutes,,glutes,hamstrings; abs,glutes; hamstrings; abs,,glutes:1; hamstrings:0.5,strength_hypertrophy,assigned,Bodyweight,unilateral,reps,compound,high,medium,primary; secondary,5,10,false,false,true,false,false,,high,builtiq_master | master_movement=Hip Extension | quality_pass_BIQ-0212 | review_only_not_applied,"compound hinge; high fatigue; medium skill; unilateral; reps measurement; volume policy strength_hypertrophy; hypertrophy credits glutes:1, hamstrings:0.5"
master:205,205,Single-Leg Leg Curl,Unilateral,other,knee_flexion,hamstrings,,hamstrings,calves,hamstrings; calves,,hamstrings:1,strength_hypertrophy,assigned,Machine,unilateral,reps,isolation,low,low,isolation; accessory,8,15,false,false,false,false,false,,high,builtiq_master | master_movement=Knee Flexion | quality_pass_BIQ-0212 | review_only_not_applied,isolation knee flexion; low fatigue; low skill; unilateral; reps measurement; volume policy strength_hypertrophy; hypertrophy credits hamstrings:1
master:204,204,Single-Leg Leg Extension,Unilateral,other,other,quads,,quads,,quads,,quads:1,strength_hypertrophy,assigned,Machine,unilateral,reps,isolation,low,medium,isolation; accessory,8,15,false,false,false,false,false,,high,builtiq_master | master_movement=Knee Extension | quality_pass_BIQ-0212 | review_only_not_applied,isolation other; low fatigue; medium skill; unilateral; reps measurement; volume policy strength_hypertrophy; hypertrophy credits quads:1
master:203,203,Single-Leg Leg Press,Unilateral,squat,squat,quads,,quads,glutes,quads; glutes,,quads:1; glutes:0.5,strength_hypertrophy,assigned,Machine,unilateral,reps,compound,medium,medium,secondary; accessory,5,10,false,false,true,false,false,,high,builtiq_master | master_movement=Squat | quality_pass_BIQ-0212 | review_only_not_applied,"compound squat; medium fatigue; medium skill; unilateral; reps measurement; volume policy strength_hypertrophy; hypertrophy credits quads:1, glutes:0.5"
master:75,75,Single-Leg Romanian Deadlift,Unilateral,hinge,hinge,hamstrings,,hamstrings,glutes; abs,hamstrings; glutes; abs,,hamstrings:1; glutes:0.5,strength_hypertrophy,assigned,Dumbbell,unilateral,reps,compound,high,medium,primary; secondary,5,10,false,false,true,false,false,,high,builtiq_master | master_movement=Hinge | quality_pass_BIQ-0212 | review_only_not_applied,"compound hinge; high fatigue; medium skill; unilateral; reps measurement; volume policy strength_hypertrophy; hypertrophy credits hamstrings:1, glutes:0.5"
master:69,69,Sissy Squat,Accessory,squat,squat,quads,,quads,,quads,,quads:1; glutes:0.5,strength_hypertrophy,assigned,Bodyweight,bilateral,reps,compound,medium,medium,secondary; accessory,5,10,false,false,true,false,false,,high,builtiq_master | master_movement=Knee-Dominant Squat | quality_pass_BIQ-0212 | review_only_not_applied,"compound squat; medium fatigue; medium skill; bilateral; reps measurement; volume policy strength_hypertrophy; hypertrophy credits quads:1, glutes:0.5"
master:215,215,Sit-Up,Core,other,core_flexion,abs,,abs,hip_flexors,abs; hip_flexors,,abs:1,core,assigned,Bodyweight,bilateral,reps,isolation,low,medium,isolation; accessory,8,15,false,false,false,false,false,,high,builtiq_master | master_movement=Spinal/Hip Flexion | quality_pass_BIQ-0212 | review_only_not_applied,isolation core flexion; low fatigue; medium skill; bilateral; reps measurement; volume policy core; hypertrophy credits abs:1
master:50,50,Skull Crusher,Isolation,other,elbow_extension,triceps,,triceps,,triceps,,triceps:1,strength_hypertrophy,assigned,EZ-Bar,bilateral,reps,isolation,low,medium,isolation; accessory,8,15,false,false,false,false,false,,high,builtiq_master | master_movement=Elbow Extension | quality_pass_BIQ-0212 | review_only_not_applied,isolation elbow extension; low fatigue; medium skill; bilateral; reps measurement; volume policy strength_hypertrophy; hypertrophy credits triceps:1
master:123,123,Sled Pull,Conditioning,other,other,upper_back,,,forearms; abs,forearms; abs,Back; Legs,,zero_non_hypertrophy,none_intentional,Sled,bilateral,reps,isolation,low,medium,accessory,8,15,false,false,false,false,false,,medium,builtiq_master | master_movement=Locomotion | quality_pass_BIQ-0212 | review_only_not_applied,isolation other; low fatigue; medium skill; bilateral; reps measurement; volume policy zero_non_hypertrophy; no hypertrophy primary by design; zero hypertrophy volume credit
master:122,122,Sled Push,Conditioning,other,other,quads,,,quads; glutes; calves; abs,quads; glutes; calves; abs,,,zero_non_hypertrophy,none_intentional,Sled,bilateral,reps,isolation,low,medium,accessory,8,15,false,false,false,false,false,,high,builtiq_master | master_movement=Locomotion | quality_pass_BIQ-0212 | review_only_not_applied,isolation other; low fatigue; medium skill; bilateral; reps measurement; volume policy zero_non_hypertrophy; no hypertrophy primary by design; zero hypertrophy volume credit
master:84,84,Sliding Leg Curl,Bodyweight,other,knee_flexion,hamstrings,,hamstrings,glutes; abs,hamstrings; glutes; abs,,hamstrings:1,strength_hypertrophy,assigned,Bodyweight,bilateral,reps,isolation,low,low,isolation; accessory,8,15,false,false,false,false,false,,high,builtiq_master | master_movement=Knee Flexion | quality_pass_BIQ-0212 | review_only_not_applied,isolation knee flexion; low fatigue; low skill; bilateral; reps measurement; volume policy strength_hypertrophy; hypertrophy credits hamstrings:1
master:152,152,Smith Calf Raise,Isolation,other,calf_raise,calves,,calves,,calves,,calves:1,strength_hypertrophy,assigned,Smith Machine,bilateral,reps,isolation,low,low,isolation; accessory,8,15,false,false,false,false,false,,high,builtiq_master | master_movement=Plantar Flexion | quality_pass_BIQ-0212 | review_only_not_applied,isolation calf raise; low fatigue; low skill; bilateral; reps measurement; volume policy strength_hypertrophy; hypertrophy credits calves:1
master:151,151,Smith Split Squat,Unilateral,squat,lunge,quads,,quads,glutes,quads; glutes,,quads:1; glutes:0.5,strength_hypertrophy,assigned,Smith Machine,unilateral,reps,compound,medium,medium,secondary; accessory,5,10,false,false,true,false,false,,high,builtiq_master | master_movement=Lunge | quality_pass_BIQ-0212 | review_only_not_applied,"compound lunge; medium fatigue; medium skill; unilateral; reps measurement; volume policy strength_hypertrophy; hypertrophy credits quads:1, glutes:0.5"
master:150,150,Smith Squat,Compound,squat,squat,quads,,quads,glutes,quads; glutes,,quads:1; glutes:0.5,strength_hypertrophy,assigned,Smith Machine,bilateral,reps,compound,medium,medium,secondary; accessory,5,10,false,false,true,false,false,,high,builtiq_master | master_movement=Squat | quality_pass_BIQ-0212 | review_only_not_applied,"compound squat; medium fatigue; medium skill; bilateral; reps measurement; volume policy strength_hypertrophy; hypertrophy credits quads:1, glutes:0.5"
master:255,255,Snatch,Power,hinge,olympic,,,,glutes; quads; hamstrings; upper_back; front_delts,glutes; quads; hamstrings; upper_back; front_delts,,,zero_non_hypertrophy,none_intentional,Barbell,bilateral,reps,compound,high,high,power,1,3,false,true,true,false,false,,high,builtiq_master | master_movement=Hinge/Power | quality_pass_BIQ-0212 | review_only_not_applied,Olympic/power lift. High technical and systemic demand; zero hypertrophy set credit.; compound olympic; high fatigue; high skill; bilateral; reps measurement; volume policy zero_non_hypertrophy; no hypertrophy primary by design; zero hypertrophy volume credit
master:197,197,Spanish Squat,Accessory,squat,squat,quads,,quads,,quads,,quads:1; glutes:0.5,strength_hypertrophy,assigned,Bands,bilateral,reps,compound,medium,medium,secondary; accessory,5,10,false,false,true,false,false,,high,builtiq_master | master_movement=Knee-Dominant Squat | quality_pass_BIQ-0212 | review_only_not_applied,"compound squat; medium fatigue; medium skill; bilateral; reps measurement; volume policy strength_hypertrophy; hypertrophy credits quads:1, glutes:0.5"
master:44,44,Spider Curl,Isolation,other,elbow_flexion,biceps,,biceps,,biceps,,biceps:1,strength_hypertrophy,assigned,Dumbbell,bilateral,reps,isolation,low,low,isolation; accessory,8,15,false,false,false,false,false,,high,builtiq_master | master_movement=Elbow Flexion | quality_pass_BIQ-0212 | review_only_not_applied,isolation elbow flexion; low fatigue; low skill; bilateral; reps measurement; volume policy strength_hypertrophy; hypertrophy credits biceps:1
master:260,260,Split Jerk,Power,vertical_push,olympic,side_delts,,,front_delts; triceps; quads; glutes,front_delts; triceps; quads; glutes,,,zero_non_hypertrophy,none_intentional,Barbell,unilateral,reps,compound,high,high,power,1,3,false,true,true,false,false,,high,builtiq_master | master_movement=Vertical Push | quality_pass_BIQ-0212 | review_only_not_applied,"Split-stance catch. Olympic lift, not a hypertrophy vertical press.; compound olympic; high fatigue; high skill; unilateral; reps measurement; volume policy zero_non_hypertrophy; no hypertrophy primary by design; zero hypertrophy volume credit"
master:60,60,Split Squat,Unilateral,squat,lunge,quads,,quads,glutes; adductors,quads; glutes; adductors,,quads:1; glutes:0.5,strength_hypertrophy,assigned,Dumbbell,unilateral,reps,compound,medium,medium,secondary; accessory,5,10,false,false,true,false,false,,high,builtiq_master | master_movement=Lunge | quality_pass_BIQ-0212 | review_only_not_applied,"compound lunge; medium fatigue; medium skill; unilateral; reps measurement; volume policy strength_hypertrophy; hypertrophy credits quads:1, glutes:0.5"
master:115,115,Squat Jump,Plyometric,squat,jump,quads,,quads,glutes; calves,quads; glutes; calves,,,zero_non_hypertrophy,assigned,Bodyweight,bilateral,reps,compound,medium,medium,power,3,6,false,true,false,false,false,,high,builtiq_master | master_movement=Jump | quality_pass_BIQ-0212 | review_only_not_applied,"Plyometric jump. Underlying squat mechanics are involvement, not hypertrophy pattern.; compound jump; medium fatigue; medium skill; bilateral; reps measurement; volume policy zero_non_hypertrophy; zero hypertrophy volume credit"
master:246,246,Stair Climber,Cardio,other,other,quads,,,quads; glutes; calves,quads; glutes; calves,,,zero_non_hypertrophy,none_intentional,Stair Machine,bilateral,reps,isolation,low,medium,accessory,8,15,false,false,false,false,false,,high,builtiq_master | master_movement=Cardio | quality_pass_BIQ-0212 | review_only_not_applied,isolation other; low fatigue; medium skill; bilateral; reps measurement; volume policy zero_non_hypertrophy; no hypertrophy primary by design; zero hypertrophy volume credit
master:90,90,Standing Calf Raise,Isolation,other,calf_raise,calves,,calves,,calves,,calves:1,strength_hypertrophy,assigned,Machine,bilateral,reps,isolation,low,low,isolation; accessory,8,15,false,false,false,false,false,,high,builtiq_master | master_movement=Plantar Flexion | quality_pass_BIQ-0212 | review_only_not_applied,isolation calf raise; low fatigue; low skill; bilateral; reps measurement; volume policy strength_hypertrophy; hypertrophy credits calves:1
master:67,67,Step-Down,Unilateral,squat,lunge,quads,,quads,glutes,quads; glutes,,quads:1; glutes:0.5,strength_hypertrophy,assigned,Bodyweight,unilateral,reps,compound,medium,medium,secondary; accessory,5,10,false,false,false,false,false,,high,builtiq_master | master_movement=Step | quality_pass_BIQ-0212 | review_only_not_applied,"Usually a control/eccentric step pattern, not a ramp movement.; compound lunge; medium fatigue; medium skill; unilateral; reps measurement; volume policy strength_hypertrophy; hypertrophy credits quads:1, glutes:0.5"
master:66,66,Step-Up,Unilateral,squat,lunge,quads,,quads,glutes; hamstrings,quads; glutes; hamstrings,,quads:1; glutes:0.5,strength_hypertrophy,assigned,Dumbbell,unilateral,reps,compound,medium,medium,secondary; accessory,5,10,false,false,true,false,false,,high,builtiq_master | master_movement=Step | quality_pass_BIQ-0212 | review_only_not_applied,"compound lunge; medium fatigue; medium skill; unilateral; reps measurement; volume policy strength_hypertrophy; hypertrophy credits quads:1, glutes:0.5"
master:74,74,Stiff-Leg Deadlift,Compound,hinge,hinge,hamstrings,,hamstrings,glutes,hamstrings; glutes,Back,hamstrings:1; glutes:0.5,strength_hypertrophy,assigned,Barbell,bilateral,reps,compound,high,medium,primary; secondary,5,10,false,false,true,false,false,,medium,builtiq_master | master_movement=Hinge | quality_pass_BIQ-0212 | review_only_not_applied,"compound hinge; high fatigue; medium skill; bilateral; reps measurement; volume policy strength_hypertrophy; hypertrophy credits hamstrings:1, glutes:0.5"
master:22,22,Straight-Arm Pulldown,Isolation,other,vertical_pull,lats,,lats,triceps; serratus,lats; triceps; serratus,,lats:1; biceps:0.5,strength_hypertrophy,assigned,Cable,bilateral,reps,compound,medium,medium,secondary; accessory,5,10,false,false,true,false,false,,high,builtiq_master | master_movement=Shoulder Extension | quality_pass_BIQ-0212 | review_only_not_applied,"compound vertical pull; medium fatigue; medium skill; bilateral; reps measurement; volume policy strength_hypertrophy; hypertrophy credits lats:1, biceps:0.5"
master:109,109,Suitcase Carry,Carry,rotation,carry,obliques,,,obliques; abs; forearms; upper_back; glutes,obliques; abs; forearms; upper_back; glutes,,,zero_non_hypertrophy,none_intentional,Dumbbell,unilateral,distance,compound,medium,medium,accessory,20,40,false,false,false,false,false,,high,builtiq_master | master_movement=Anti-Lateral Flexion | quality_pass_BIQ-0212 | review_only_not_applied,One-sided carry / anti-lateral-flexion stability. Not ordinary rotation. No hypertrophy primary.; compound carry; medium fatigue; medium skill; unilateral; distance measurement; volume policy zero_non_hypertrophy; no hypertrophy primary by design; zero hypertrophy volume credit
master:194,194,Sumo Deadlift,Compound,hinge,hinge,glutes,,glutes,adductors; quads; hamstrings,glutes; adductors; quads; hamstrings,Back,glutes:1; hamstrings:0.5,strength_hypertrophy,assigned,Barbell,bilateral,reps,compound,high,medium,primary; secondary,5,10,false,false,true,false,false,,medium,builtiq_master | master_movement=Hinge | quality_pass_BIQ-0212 | review_only_not_applied,"compound hinge; high fatigue; medium skill; bilateral; reps measurement; volume policy strength_hypertrophy; hypertrophy credits glutes:1, hamstrings:0.5"
master:195,195,Sumo Squat,Compound,squat,squat,adductors,,adductors,quads; glutes,adductors; quads; glutes,,adductors:1; glutes:0.5,strength_hypertrophy,assigned,Dumbbell,bilateral,reps,compound,medium,medium,secondary; accessory,5,10,false,false,true,false,false,,high,builtiq_master | master_movement=Squat | quality_pass_BIQ-0212 | review_only_not_applied,"compound squat; medium fatigue; medium skill; bilateral; reps measurement; volume policy strength_hypertrophy; hypertrophy credits adductors:1, glutes:0.5"
master:10,10,Svend Press,Accessory,horizontal_push,horizontal_push,chest,,chest,front_delts; triceps,chest; front_delts; triceps,,chest:1; triceps:0.5; front_delts:0.5,strength_hypertrophy,assigned,Plate,bilateral,reps,compound,medium,medium,secondary; accessory,5,10,false,false,true,false,false,,high,builtiq_master | master_movement=Horizontal Push | quality_pass_BIQ-0212 | review_only_not_applied,"compound horizontal push; medium fatigue; medium skill; bilateral; reps measurement; volume policy strength_hypertrophy; hypertrophy credits chest:1, triceps:0.5, front_delts:0.5"
master:129,129,T Raise,Prehab,other,other,rear_delts,,,rear_delts,rear_delts,Mid Traps; Rhomboids,,zero_non_hypertrophy,none_intentional,Dumbbell,bilateral,reps,isolation,low,low,warmup; isolation; accessory,1,8,true,false,false,true,false,,medium,builtiq_master | master_movement=Horizontal Abduction | quality_pass_BIQ-0212 | review_only_not_applied,isolation other; low fatigue; low skill; bilateral; reps measurement; volume policy zero_non_hypertrophy; no hypertrophy primary by design; zero hypertrophy volume credit
master:17,17,T-Bar Row,Compound,horizontal_pull,horizontal_pull,,,lats,upper_back; biceps; rear_delts,lats; upper_back; biceps; rear_delts,,lats:1; upper_back:0.5,strength_hypertrophy,assigned,Machine,bilateral,reps,compound,medium,medium,secondary; accessory,5,10,false,false,true,false,false,,high,builtiq_master | master_movement=Horizontal Pull | quality_pass_BIQ-0212 | review_only_not_applied,"compound horizontal pull; medium fatigue; medium skill; bilateral; reps measurement; volume policy strength_hypertrophy; hypertrophy credits lats:1, upper_back:0.5"
master:200,200,Tempo Squat,Compound,squat,squat,quads,,quads,glutes; abs,quads; glutes; abs,,quads:1; glutes:0.5,strength_hypertrophy,assigned,Barbell,bilateral,reps,compound,medium,medium,secondary; accessory,5,10,false,false,true,false,false,,high,builtiq_master | master_movement=Squat | quality_pass_BIQ-0212 | review_only_not_applied,"compound squat; medium fatigue; medium skill; bilateral; reps measurement; volume policy strength_hypertrophy; hypertrophy credits quads:1, glutes:0.5"
master:138,138,Thoracic Rotation,Mobility,rotation,other,upper_back,,,upper_back,upper_back,,,zero_non_hypertrophy,none_intentional,Bodyweight,bilateral,reps,isolation,low,low,warmup; isolation; accessory,1,8,true,false,false,true,false,,high,builtiq_master | master_movement=Thoracic Rotation | quality_pass_BIQ-0212 | review_only_not_applied,isolation other; low fatigue; low skill; bilateral; reps measurement; volume policy zero_non_hypertrophy; no hypertrophy primary by design; zero hypertrophy volume credit
master:93,93,Tibialis Raise,Isolation,other,other,,,tibialis,,tibialis,,tibialis:1,strength_hypertrophy,assigned,Bodyweight,bilateral,reps,isolation,low,low,isolation; accessory,8,15,false,false,false,false,false,,high,builtiq_master | master_movement=Dorsiflexion | quality_pass_BIQ-0212 | review_only_not_applied,"Dorsiflexion isolation. tibialis is an extended muscle id, not in the current engine enum.; isolation other; low fatigue; low skill; bilateral; reps measurement; volume policy strength_hypertrophy; hypertrophy credits tibialis:1"
master:212,212,Toe Walk,Carry,other,calf_raise,calves,,calves,,calves,,calves:1,strength_hypertrophy,assigned,Bodyweight,bilateral,reps,isolation,low,medium,isolation; accessory,8,15,false,false,false,false,false,,high,builtiq_master | master_movement=Plantar Flexion | quality_pass_BIQ-0212 | review_only_not_applied,isolation calf raise; low fatigue; medium skill; bilateral; reps measurement; volume policy strength_hypertrophy; hypertrophy credits calves:1
master:72,72,Trap Bar Deadlift,Compound,hinge,hinge,glutes,,glutes,quads; hamstrings,glutes; quads; hamstrings,Back,glutes:1; hamstrings:0.5,strength_hypertrophy,assigned,Trap Bar,bilateral,reps,compound,high,medium,primary; secondary,5,10,false,false,true,false,false,,medium,builtiq_master | master_movement=Hinge | quality_pass_BIQ-0212 | review_only_not_applied,"compound hinge; high fatigue; medium skill; bilateral; reps measurement; volume policy strength_hypertrophy; hypertrophy credits glutes:1, hamstrings:0.5"
master:245,245,Treadmill Run,Cardio,other,other,,,,quads; calves; glutes,quads; calves; glutes,,,zero_non_hypertrophy,none_intentional,Treadmill,alternating,time,compound,medium,low,accessory,180,600,false,false,false,false,false,,high,builtiq_master | master_movement=Cardio | quality_pass_BIQ-0212 | review_only_not_applied,compound other; medium fatigue; low skill; alternating; time measurement; volume policy zero_non_hypertrophy; no hypertrophy primary by design; zero hypertrophy volume credit
master:244,244,Treadmill Walk,Cardio,other,other,,,,calves; glutes,calves; glutes,,,zero_non_hypertrophy,none_intentional,Treadmill,alternating,time,compound,low,low,warmup; accessory,300,900,true,false,false,true,false,,high,builtiq_master | master_movement=Cardio | quality_pass_BIQ-0212 | review_only_not_applied,compound other; low fatigue; low skill; alternating; time measurement; volume policy zero_non_hypertrophy; no hypertrophy primary by design; zero hypertrophy volume credit
master:52,52,Triceps Kickback,Isolation,other,elbow_extension,triceps,,triceps,,triceps,,triceps:1,strength_hypertrophy,assigned,Dumbbell,bilateral,reps,isolation,low,medium,isolation; accessory,8,15,false,false,false,false,false,,high,builtiq_master | master_movement=Elbow Extension | quality_pass_BIQ-0212 | review_only_not_applied,isolation elbow extension; low fatigue; medium skill; bilateral; reps measurement; volume policy strength_hypertrophy; hypertrophy credits triceps:1
master:48,48,Triceps Pushdown,Isolation,other,elbow_extension,triceps,,triceps,,triceps,,triceps:1,strength_hypertrophy,assigned,Cable,bilateral,reps,isolation,low,low,isolation; accessory,8,15,false,false,false,false,false,,high,builtiq_master | master_movement=Elbow Extension | quality_pass_BIQ-0212 | review_only_not_applied,isolation elbow extension; low fatigue; low skill; bilateral; reps measurement; volume policy strength_hypertrophy; hypertrophy credits triceps:1
master:253,253,Trunk Rotation,Core,rotation,other,obliques,,obliques,abs,obliques; abs,,obliques:1,strength_hypertrophy,assigned,Cable,bilateral,reps,isolation,low,medium,isolation; accessory,8,15,false,false,false,false,false,,high,builtiq_master | master_movement=Rotation | quality_pass_BIQ-0212 | review_only_not_applied,isolation other; low fatigue; medium skill; bilateral; reps measurement; volume policy strength_hypertrophy; hypertrophy credits obliques:1
master:177,177,Turkish Get-Up,Functional,other,other,abs,,abs,glutes; hip_flexors,abs; glutes; hip_flexors,,abs:1,strength_hypertrophy,assigned,Kettlebell,bilateral,reps,isolation,low,medium,isolation; accessory,8,15,false,false,false,false,false,,high,builtiq_master | master_movement=Ground-to-Stand | quality_pass_BIQ-0212 | review_only_not_applied,isolation other; low fatigue; medium skill; bilateral; reps measurement; volume policy strength_hypertrophy; hypertrophy credits abs:1
master:222,222,Turkish Sit-Up,Core,rotation,core_flexion,abs,,abs,obliques,abs; obliques,,abs:1,core,assigned,Kettlebell,bilateral,reps,isolation,low,medium,isolation; accessory,8,15,false,false,false,false,false,,high,builtiq_master | master_movement=Trunk Flexion/Rotation | quality_pass_BIQ-0212 | review_only_not_applied,isolation core flexion; low fatigue; medium skill; bilateral; reps measurement; volume policy core; hypertrophy credits abs:1
master:35,35,Upright Row,Accessory,vertical_pull,shoulder_abduction,side_delts,,side_delts,upper_back; biceps,side_delts; upper_back; biceps,,side_delts:1,strength_hypertrophy,assigned,Cable,bilateral,reps,isolation,medium,medium,isolation; accessory,8,15,false,false,false,false,true,shoulder_impingement_and_pattern_debate,review,builtiq_master | master_movement=Vertical Pull | quality_pass_BIQ-0212 | review_only_not_applied,High-pull / abduction pattern. Not the same vertical_pull as pull-up or lat pulldown.; isolation shoulder abduction; medium fatigue; medium skill; bilateral; reps measurement; volume policy strength_hypertrophy; hypertrophy credits side_delts:1
master:149,149,V-Squat,Compound,squat,squat,quads,,quads,glutes,quads; glutes,,quads:1; glutes:0.5,strength_hypertrophy,assigned,Machine,bilateral,reps,compound,medium,medium,secondary; accessory,5,10,false,false,true,false,false,,high,builtiq_master | master_movement=Squat | quality_pass_BIQ-0212 | review_only_not_applied,"compound squat; medium fatigue; medium skill; bilateral; reps measurement; volume policy strength_hypertrophy; hypertrophy credits quads:1, glutes:0.5"
master:214,214,V-Up,Core,other,other,abs,,abs,hip_flexors,abs; hip_flexors,,abs:1,strength_hypertrophy,assigned,Bodyweight,bilateral,reps,isolation,low,medium,isolation; accessory,8,15,false,false,false,false,false,,high,builtiq_master | master_movement=Trunk/Hip Flexion | quality_pass_BIQ-0212 | review_only_not_applied,isolation other; low fatigue; medium skill; bilateral; reps measurement; volume policy strength_hypertrophy; hypertrophy credits abs:1
master:180,180,Walking Knee Hug,Mobility,rotation,other,glutes,,,glutes; hip_flexors,glutes; hip_flexors,Balance,,zero_non_hypertrophy,none_intentional,Bodyweight,bilateral,reps,isolation,low,low,warmup; isolation; accessory,1,8,true,false,false,true,false,,medium,builtiq_master | master_movement=Dynamic Mobility | quality_pass_BIQ-0212 | review_only_not_applied,isolation other; low fatigue; low skill; bilateral; reps measurement; volume policy zero_non_hypertrophy; no hypertrophy primary by design; zero hypertrophy volume credit
master:64,64,Walking Lunge,Unilateral,squat,lunge,quads,,quads,glutes; adductors,quads; glutes; adductors,,quads:1; glutes:0.5,strength_hypertrophy,assigned,Dumbbell,alternating,reps,compound,high,medium,secondary; accessory,5,10,false,false,true,false,false,,high,builtiq_master | master_movement=Lunge | quality_pass_BIQ-0212 | review_only_not_applied,"compound lunge; high fatigue; medium skill; alternating; reps measurement; volume policy strength_hypertrophy; hypertrophy credits quads:1, glutes:0.5"
master:181,181,Walking Quad Stretch,Mobility,rotation,other,quads,,,quads; hip_flexors,quads; hip_flexors,Balance,,zero_non_hypertrophy,none_intentional,Bodyweight,bilateral,reps,isolation,low,low,warmup; isolation; accessory,1,8,true,false,false,true,false,,medium,builtiq_master | master_movement=Dynamic Mobility | quality_pass_BIQ-0212 | review_only_not_applied,isolation other; low fatigue; low skill; bilateral; reps measurement; volume policy zero_non_hypertrophy; no hypertrophy primary by design; zero hypertrophy volume credit
master:70,70,Wall Sit,Isometric,squat,squat,quads,,quads,glutes,quads; glutes,,quads:1; glutes:0.5,strength_hypertrophy,assigned,Bodyweight,bilateral,time,compound,medium,medium,secondary; accessory,20,45,false,false,true,false,false,,high,builtiq_master | master_movement=Isometric Squat | quality_pass_BIQ-0212 | review_only_not_applied,"compound squat; medium fatigue; medium skill; bilateral; time measurement; volume policy strength_hypertrophy; hypertrophy credits quads:1, glutes:0.5"
master:125,125,Wall Slide,Mobility,rotation,other,side_delts,,,serratus; upper_back,serratus; upper_back,,,zero_non_hypertrophy,none_intentional,Bodyweight,bilateral,reps,isolation,low,low,warmup; isolation; accessory,1,8,true,false,false,true,false,,high,builtiq_master | master_movement=Scapular Upward Rotation | quality_pass_BIQ-0212 | review_only_not_applied,isolation other; low fatigue; low skill; bilateral; reps measurement; volume policy zero_non_hypertrophy; no hypertrophy primary by design; zero hypertrophy volume credit
master:250,250,Windmill,Core,rotation,core_rotation,obliques,,obliques,hamstrings,obliques; hamstrings,,obliques:1,core,assigned,Kettlebell,unilateral,reps,isolation,low,high,isolation; accessory,8,15,false,false,false,false,false,,high,builtiq_master | master_movement=Rotation | quality_pass_BIQ-0212 | review_only_not_applied,isolation core rotation; low fatigue; high skill; unilateral; reps measurement; volume policy core; hypertrophy credits obliques:1
master:182,182,World's Greatest Stretch,Mobility,rotation,other,,,,hip_flexors; hamstrings,hip_flexors; hamstrings,Thoracic Spine,,zero_non_hypertrophy,none_intentional,Bodyweight,bilateral,reps,isolation,low,low,warmup; isolation; accessory,1,8,true,false,false,true,false,,medium,builtiq_master | master_movement=Dynamic Mobility | quality_pass_BIQ-0212 | review_only_not_applied,isolation other; low fatigue; low skill; bilateral; reps measurement; volume policy zero_non_hypertrophy; no hypertrophy primary by design; zero hypertrophy volume credit
master:46,46,Wrist Curl,Isolation,other,other,forearms,,forearms,,forearms,,forearms:1,strength_hypertrophy,assigned,Dumbbell,bilateral,reps,isolation,low,low,isolation; accessory,8,15,false,false,false,false,false,,high,builtiq_master | master_movement=Wrist Flexion | quality_pass_BIQ-0212 | review_only_not_applied,isolation other; low fatigue; low skill; bilateral; reps measurement; volume policy strength_hypertrophy; hypertrophy credits forearms:1
master:235,235,Wrist Pronation/Supination,Prehab,rotation,other,forearms,,,forearms,forearms,,,zero_non_hypertrophy,none_intentional,Dumbbell,bilateral,reps,isolation,low,low,warmup; isolation; accessory,1,8,true,false,false,true,false,,high,builtiq_master | master_movement=Forearm Rotation | quality_pass_BIQ-0212 | review_only_not_applied,isolation other; low fatigue; low skill; bilateral; reps measurement; volume policy zero_non_hypertrophy; no hypertrophy primary by design; zero hypertrophy volume credit
master:128,128,Y Raise,Prehab,other,shoulder_abduction,,,upper_back,rear_delts; rotator_cuff,upper_back; rear_delts; rotator_cuff,,,zero_non_hypertrophy,assigned,Dumbbell,bilateral,reps,isolation,low,low,warmup; isolation; accessory,1,8,true,false,false,true,true,primary_lower_trap_vs_rear_delt_ambiguity,review,builtiq_master | master_movement=Scapular Raise | quality_pass_BIQ-0212 | review_only_not_applied,Scapular raise / prehab. Muscles involved; zero hypertrophy working-set credit.; isolation shoulder abduction; low fatigue; low skill; bilateral; reps measurement; volume policy zero_non_hypertrophy; zero hypertrophy volume credit
master:186,186,Z Press,Compound,vertical_push,vertical_push,side_delts,,front_delts,triceps; abs,front_delts; triceps; abs,,front_delts:1; triceps:0.5,strength_hypertrophy,assigned,Barbell,bilateral,reps,compound,medium,medium,secondary; accessory,5,10,false,false,true,false,false,,high,builtiq_master | master_movement=Vertical Push | quality_pass_BIQ-0212 | review_only_not_applied,"compound vertical push; medium fatigue; medium skill; bilateral; reps measurement; volume policy strength_hypertrophy; hypertrophy credits front_delts:1, triceps:0.5"
