id,name,external_source,external_id,exercise_type,category,muscle_group,equipment,movement_pattern,instructions,thumbnail_url,gif_url,media_url,is_system,is_archived
0001,3/4 sit-up,exercisedb,0001,waist,waist,hip flexors,body weight,,"Lie flat on your back with your knees bent and feet flat on the ground. Place your hands behind your head with your elbows pointing outwards. Engaging your abs, slowly lift your upper body off the ground, curling forward until your torso is at a 45-degree angle. Pause for a moment at the top, then slowly lower your upper body back down to the starting position. Repeat for the desired number of repetitions.",images/0001-2gPfomN.jpg,videos/0001-2gPfomN.gif,videos/0001-2gPfomN.gif,true,false
0002,45° side bend,exercisedb,0002,waist,waist,obliques,body weight,,"Stand with your feet shoulder-width apart and your arms extended straight down by your sides. Keeping your back straight and your core engaged, slowly bend your torso to one side, lowering your hand towards your knee. Pause for a moment at the bottom, then slowly return to the starting position. Repeat on the other side. Continue alternating sides for the desired number of repetitions.",images/0002-Hy9D21L.jpg,videos/0002-Hy9D21L.gif,videos/0002-Hy9D21L.gif,true,false
0003,air bike,exercisedb,0003,waist,waist,hip flexors,body weight,,"Lie flat on your back with your hands placed behind your head. Lift your legs off the ground and bend your knees at a 90-degree angle. Bring your right elbow towards your left knee while simultaneously straightening your right leg. Return to the starting position and repeat the movement on the opposite side, bringing your left elbow towards your right knee while straightening your left leg. Continue alternating sides in a pedaling motion for the desired number of repetitions.",images/0003-1ZFqTDN.jpg,videos/0003-1ZFqTDN.gif,videos/0003-1ZFqTDN.gif,true,false
1512,all fours squad stretch,exercisedb,1512,upper legs,upper legs,hamstrings,body weight,,"Start on all fours with your hands directly under your shoulders and your knees directly under your hips. Extend one leg straight back, keeping your knee bent and your foot flexed. Slowly lower your hips towards the ground, feeling a stretch in your quads. Hold this position for 20-30 seconds. Switch legs and repeat the stretch on the other side.",images/1512-qBcKorM.jpg,videos/1512-qBcKorM.gif,videos/1512-qBcKorM.gif,true,false
0006,alternate heel touchers,exercisedb,0006,waist,waist,obliques,body weight,,"Lie flat on your back with your knees bent and feet flat on the ground. Extend your arms straight out to the sides, parallel to the ground. Engaging your abs, lift your shoulders off the ground and reach your right hand towards your right heel. Return to the starting position and repeat on the left side, reaching your left hand towards your left heel. Continue alternating sides for the desired number of repetitions.",images/0006-qaZVsGk.jpg,videos/0006-qaZVsGk.gif,videos/0006-qaZVsGk.gif,true,false
0007,alternate lateral pulldown,exercisedb,0007,back,back,biceps,cable,,"Sit on the cable machine with your back straight and feet flat on the ground. Grasp the handles with an overhand grip, slightly wider than shoulder-width apart. Lean back slightly and pull the handles towards your chest, squeezing your shoulder blades together. Pause for a moment at the peak of the movement, then slowly release the handles back to the starting position. Repeat for the desired number of repetitions.",images/0007-4IKbhHV.jpg,videos/0007-4IKbhHV.gif,videos/0007-4IKbhHV.gif,true,false
1368,ankle circles,exercisedb,1368,lower legs,lower legs,ankle stabilizers,body weight,,"Sit on the ground with your legs extended in front of you. Lift one leg off the ground and rotate your ankle in a circular motion. Perform the desired number of circles in one direction, then switch to the other direction. Repeat with the other leg.",images/1368-uL9CsKm.jpg,videos/1368-uL9CsKm.gif,videos/1368-uL9CsKm.gif,true,false
3293,archer pull up,exercisedb,3293,back,back,biceps,body weight,,"Start by hanging from a pull-up bar with an overhand grip, slightly wider than shoulder-width apart. Engage your core and pull your shoulder blades down and back. As you pull yourself up, bend one arm and bring your elbow towards your side, while keeping the other arm straight. Continue pulling until your chin is above the bar and your bent arm is fully flexed. Lower yourself back down with control, straightening the bent arm and repeating the movement on the other side. Alternate sides with each repetition.",images/3293-72BC5Za.jpg,videos/3293-72BC5Za.gif,videos/3293-72BC5Za.gif,true,false
3294,archer push up,exercisedb,3294,chest,chest,triceps,body weight,,"Start in a push-up position with your hands slightly wider than shoulder-width apart. Extend one arm straight out to the side, parallel to the ground. Lower your body by bending your elbows, keeping your back straight and core engaged. Push back up to the starting position. Repeat on the other side, extending the opposite arm out to the side. Continue alternating sides for the desired number of repetitions.",images/3294-A9qxk2F.jpg,videos/3294-A9qxk2F.gif,videos/3294-A9qxk2F.gif,true,false
2355,arm slingers hanging bent knee legs,exercisedb,2355,waist,waist,shoulders,body weight,,"Hang from a pull-up bar with your arms fully extended and your knees bent at a 90-degree angle. Engage your core and lift your knees towards your chest, bringing them as close to your elbows as possible. Slowly lower your legs back down to the starting position. Repeat for the desired number of repetitions.",images/2355-uWpxD4v.jpg,videos/2355-uWpxD4v.gif,videos/2355-uWpxD4v.gif,true,false
2333,arm slingers hanging straight legs,exercisedb,2333,waist,waist,shoulders,body weight,,"Hang from a pull-up bar with your arms fully extended and your legs straight down. Engage your core and lift your legs up in front of you until they are parallel to the ground. Hold for a moment at the top, then slowly lower your legs back down to the starting position. Repeat for the desired number of repetitions.",images/2333-PXTIwgu.jpg,videos/2333-PXTIwgu.gif,videos/2333-PXTIwgu.gif,true,false
3214,arms apart circular toe touch (male),exercisedb,3214,upper legs,upper legs,hamstrings,body weight,,"Stand with your feet shoulder-width apart and arms extended to the sides. Keeping your legs straight, bend forward at the waist and reach down towards your toes with your right hand. As you reach down, simultaneously lift your left leg straight up behind you, maintaining balance. Return to the starting position and repeat the movement with your left hand reaching towards your toes and your right leg lifting up behind you. Continue alternating sides for the desired number of repetitions.",images/3214-RtyAsy1.jpg,videos/3214-RtyAsy1.gif,videos/3214-RtyAsy1.gif,true,false
3204,arms overhead full sit-up (male),exercisedb,3204,waist,waist,hip flexors,body weight,,"Lie flat on your back with your knees bent and feet flat on the ground. Extend your arms overhead, keeping them straight. Engaging your abs, slowly lift your upper body off the ground, curling forward until your torso is upright. Pause for a moment at the top, then slowly lower your upper body back down to the starting position. Repeat for the desired number of repetitions.",images/3204-NAkmgdx.jpg,videos/3204-NAkmgdx.gif,videos/3204-NAkmgdx.gif,true,false
0009,assisted chest dip (kneeling),exercisedb,0009,chest,chest,triceps,leverage machine,,"Adjust the machine to your desired height and secure your knees on the pad. Grasp the handles with your palms facing down and your arms fully extended. Lower your body by bending your elbows until your upper arms are parallel to the floor. Pause for a moment, then push yourself back up to the starting position. Repeat for the desired number of repetitions.",images/0009-PAgTVaK.jpg,videos/0009-PAgTVaK.gif,videos/0009-PAgTVaK.gif,true,false
0011,assisted hanging knee raise,exercisedb,0011,waist,waist,hip flexors,assisted,,"Hang from a pull-up bar with your arms fully extended and your palms facing away from you. Engage your core muscles and lift your knees towards your chest, bending at the hips and knees. Pause for a moment at the top of the movement, squeezing your abs. Slowly lower your legs back down to the starting position. Repeat for the desired number of repetitions.",images/0011-03lzqwk.jpg,videos/0011-03lzqwk.gif,videos/0011-03lzqwk.gif,true,false
0010,assisted hanging knee raise with throw down,exercisedb,0010,waist,waist,hip flexors,assisted,,"Hang from a pull-up bar with your arms fully extended and your palms facing away from you. Engage your core and lift your knees towards your chest, keeping your legs together. Once your knees are at chest level, explosively throw your legs down towards the ground, extending them fully. Allow your legs to swing back up and repeat the movement for the desired number of repetitions.",images/0010-8K0w2yA.jpg,videos/0010-8K0w2yA.gif,videos/0010-8K0w2yA.gif,true,false
1708,assisted lying calves stretch,exercisedb,1708,lower legs,lower legs,hamstrings,assisted,,"Lie on your back with your legs extended. Bend one knee and place your foot flat on the ground. Using your hands or a towel, gently pull your toes towards your body, feeling a stretch in your calf. Hold the stretch for 20-30 seconds. Release the stretch and repeat on the other leg.",images/1708-GxDwDX0.jpg,videos/1708-GxDwDX0.gif,videos/1708-GxDwDX0.gif,true,false
1709,assisted lying glutes stretch,exercisedb,1709,upper legs,upper legs,hamstrings,assisted,,"Lie on your back with your legs extended. Bend your right knee and place your right ankle on your left thigh, just above the knee. Grasp your left thigh with both hands and gently pull it towards your chest. Hold the stretch for 20-30 seconds. Release and repeat on the other side.",images/1709-yn0LjwL.jpg,videos/1709-yn0LjwL.gif,videos/1709-yn0LjwL.gif,true,false
1710,assisted lying gluteus and piriformis stretch,exercisedb,1710,upper legs,upper legs,hamstrings,assisted,,"Lie on your back with your legs extended. Bend your right knee and place your right ankle on your left thigh, just above the knee. Grasp your left thigh with both hands and gently pull it towards your chest. Hold the stretch for 20-30 seconds. Release the stretch and repeat on the other side.",images/1710-RQNVT10.jpg,videos/1710-RQNVT10.gif,videos/1710-RQNVT10.gif,true,false
0012,assisted lying leg raise with lateral throw down,exercisedb,0012,waist,waist,hip flexors,assisted,,"Lie flat on your back with your legs extended and your arms by your sides. Place your hands under your glutes for support. Engage your abs and lift your legs off the ground, keeping them straight. While keeping your legs together, lower them to one side until they are a few inches above the ground. Pause for a moment, then lift your legs back to the starting position. Repeat the movement to the other side. Continue alternating sides for the desired number of repetitions.",images/0012-UGhRD1A.jpg,videos/0012-UGhRD1A.gif,videos/0012-UGhRD1A.gif,true,false
0013,assisted lying leg raise with throw down,exercisedb,0013,waist,waist,hip flexors,assisted,,"Lie flat on your back with your legs extended and your arms by your sides. Place your hands under your glutes for support. Engage your core and lift your legs off the ground, keeping them straight. Raise your legs until they are perpendicular to the ground. Lower your legs back down to the starting position. Simultaneously, throw your legs down towards the ground, keeping them straight. Raise your legs back up to the starting position. Repeat for the desired number of repetitions.",images/0013-VX5YKR5.jpg,videos/0013-VX5YKR5.gif,videos/0013-VX5YKR5.gif,true,false
0014,assisted motion russian twist,exercisedb,0014,waist,waist,obliques,medicine ball,,"Sit on the ground with your knees bent and feet flat on the floor. Hold the medicine ball with both hands in front of your chest. Lean back slightly, engaging your abs and keeping your back straight. Slowly twist your torso to the right, bringing the medicine ball towards the right side of your body. Pause for a moment, then twist your torso to the left, bringing the medicine ball towards the left side of your body. Continue alternating sides for the desired number of repetitions.",images/0014-r7cT9YD.jpg,videos/0014-r7cT9YD.gif,videos/0014-r7cT9YD.gif,true,false
0015,assisted parallel close grip pull-up,exercisedb,0015,back,back,biceps,leverage machine,,"Adjust the machine to your desired weight and height. Place your hands on the parallel bars with a close grip, palms facing each other. Hang from the bars with your arms fully extended and your feet off the ground. Engage your back muscles and pull your body up towards the bars, keeping your elbows close to your body. Continue pulling until your chin is above the bars. Pause for a moment at the top, then slowly lower your body back down to the starting position. Repeat for the desired number of repetitions.",images/0015-vrhHa6D.jpg,videos/0015-vrhHa6D.gif,videos/0015-vrhHa6D.gif,true,false
0016,assisted prone hamstring,exercisedb,0016,upper legs,upper legs,glutes,assisted,,"Lie face down on a mat or bench with your legs fully extended. Have a partner or use a resistance band to secure your ankles. Engage your hamstrings and lift your legs towards your glutes, keeping your knees straight. Pause for a moment at the top, then slowly lower your legs back down to the starting position. Repeat for the desired number of repetitions.",images/0016-VedGSby.jpg,videos/0016-VedGSby.gif,videos/0016-VedGSby.gif,true,false
1713,assisted prone lying quads stretch,exercisedb,1713,upper legs,upper legs,hamstrings,assisted,,"Lie face down on the ground with your legs extended. Bend your left knee and reach back with your left hand to grab your left foot or ankle. Gently pull your left foot towards your glutes, feeling a stretch in your left quad. Hold the stretch for 20-30 seconds, then release. Repeat with your right leg.",images/1713-YUYAMEj.jpg,videos/1713-YUYAMEj.gif,videos/1713-YUYAMEj.gif,true,false
1714,assisted prone rectus femoris stretch,exercisedb,1714,waist,waist,quadriceps,assisted,,"Lie face down on the ground with your legs straight. Bend your right knee and reach back with your right hand to grab your right foot or ankle. Gently pull your right foot or ankle towards your glutes, feeling a stretch in the front of your right thigh. Hold the stretch for 20-30 seconds. Release and repeat on the other side.",images/1714-2Ryn564.jpg,videos/1714-2Ryn564.gif,videos/1714-2Ryn564.gif,true,false
0017,assisted pull-up,exercisedb,0017,back,back,biceps,leverage machine,,"Adjust the machine to your desired weight and height settings. Grasp the handles with an overhand grip, slightly wider than shoulder-width apart. Hang with your arms fully extended and your feet off the ground. Engage your back muscles and pull your body up towards the handles, keeping your elbows close to your body. Continue pulling until your chin is above the handles. Pause for a moment at the top, then slowly lower your body back down to the starting position. Repeat for the desired number of repetitions.",images/0017-kiJ4Z2K.jpg,videos/0017-kiJ4Z2K.gif,videos/0017-kiJ4Z2K.gif,true,false
1716,assisted seated pectoralis major stretch with stability ball,exercisedb,1716,chest,chest,shoulders,assisted,,"Sit on a stability ball with your feet flat on the ground and your back straight. Hold a stability ball with both hands and extend your arms straight out in front of you. Slowly lower the stability ball towards your chest, feeling a stretch in your pectoral muscles. Hold the stretch for a few seconds, then slowly return to the starting position. Repeat for the desired number of repetitions.",images/1716-RoV1Rfa.jpg,videos/1716-RoV1Rfa.gif,videos/1716-RoV1Rfa.gif,true,false
1712,assisted side lying adductor stretch,exercisedb,1712,upper legs,upper legs,hamstrings,assisted,,"Lie on your side with your legs straight and stacked on top of each other. Bend your bottom leg slightly for stability. Place your top foot on a stable surface, such as a bench or step. Keeping your top leg straight, slowly lower it towards the ground, feeling a stretch in your inner thigh. Hold the stretch for 20-30 seconds. Return to the starting position and repeat on the other side.",images/1712-hC6oYY5.jpg,videos/1712-hC6oYY5.gif,videos/1712-hC6oYY5.gif,true,false
1758,assisted sit-up,exercisedb,1758,waist,waist,hip flexors,assisted,,"Sit on the edge of a bench or have someone hold your feet down. Lie flat on your back with your knees bent and feet flat on the ground. Place your hands behind your head with your elbows pointing outwards. Engaging your abs, slowly lift your upper body off the ground, curling forward until your torso is at a 45-degree angle. Pause for a moment at the top, then slowly lower your upper body back down to the starting position. Repeat for the desired number of repetitions.",images/1758-aumB2IV.jpg,videos/1758-aumB2IV.gif,videos/1758-aumB2IV.gif,true,false
1431,assisted standing chin-up,exercisedb,1431,back,back,biceps,leverage machine,,"Adjust the machine to your desired assistance level. Stand on the foot platform and grip the handles with an overhand grip, slightly wider than shoulder-width apart. Keep your chest up and shoulders back, engage your core, and slightly bend your knees. Pull your body up by flexing your elbows and driving your elbows down towards your sides. Continue pulling until your chin is above the bar. Pause for a moment at the top, then slowly lower your body back down to the starting position. Repeat for the desired number of repetitions.",images/1431-7OeHptV.jpg,videos/1431-7OeHptV.gif,videos/1431-7OeHptV.gif,true,false
1432,assisted standing pull-up,exercisedb,1432,back,back,biceps,leverage machine,,"Adjust the machine to your desired weight and height settings. Stand facing the machine with your feet shoulder-width apart. Grasp the handles with an overhand grip, slightly wider than shoulder-width apart. Engage your lats and biceps, and pull yourself up towards the handles. Pause for a moment at the top, squeezing your back muscles. Slowly lower yourself back down to the starting position. Repeat for the desired number of repetitions.",images/1432-f4xtKBj.jpg,videos/1432-f4xtKBj.gif,videos/1432-f4xtKBj.gif,true,false
0018,assisted standing triceps extension (with towel),exercisedb,0018,upper arms,upper arms,shoulders,assisted,,"Stand with your feet shoulder-width apart and hold a towel with both hands behind your head. Keep your elbows close to your ears and your upper arms stationary. Slowly extend your forearms upward, squeezing your triceps at the top. Pause for a moment, then slowly lower the towel back down to the starting position. Repeat for the desired number of repetitions.",images/0018-7HcfMBP.jpg,videos/0018-7HcfMBP.gif,videos/0018-7HcfMBP.gif,true,false
0019,assisted triceps dip (kneeling),exercisedb,0019,upper arms,upper arms,chest,leverage machine,,"Adjust the machine to your desired weight and height. Kneel down on the pad facing the machine, with your hands gripping the handles. Lower your body by bending your elbows, keeping your back straight and close to the machine. Pause for a moment at the bottom, then push yourself back up to the starting position. Repeat for the desired number of repetitions.",images/0019-J60bN17.jpg,videos/0019-J60bN17.gif,videos/0019-J60bN17.gif,true,false
2364,assisted wide-grip chest dip (kneeling),exercisedb,2364,chest,chest,triceps,leverage machine,,Adjust the machine to your desired height and secure your knees on the pad. Grasp the handles with a wide grip and keep your elbows slightly bent. Lower your body by bending your elbows until your upper arms are parallel to the floor. Push yourself back up to the starting position by extending your arms. Repeat for the desired number of repetitions.,images/2364-PnZJIrk.jpg,videos/2364-PnZJIrk.gif,videos/2364-PnZJIrk.gif,true,false
3220,astride jumps (male),exercisedb,3220,cardio,cardio,quadriceps,body weight,,"Stand with your feet shoulder-width apart. Bend your knees and lower your body into a squat position. Jump explosively upwards, extending your legs and arms. While in the air, spread your legs apart and bring your arms out to the sides. Land softly with your feet shoulder-width apart, bending your knees to absorb the impact. Repeat for the desired number of repetitions.",images/3220-f9lVSSI.jpg,videos/3220-f9lVSSI.gif,videos/3220-f9lVSSI.gif,true,false
3672,back and forth step,exercisedb,3672,cardio,cardio,quadriceps,body weight,,"Stand with your feet shoulder-width apart. Step forward with your right foot, bending your knee and lowering your body into a lunge position. Push off with your right foot and step back to the starting position. Repeat the movement with your left foot, alternating legs with each step. Continue stepping back and forth, maintaining a steady pace. Repeat for the desired duration or number of repetitions.",images/3672-fNGumX0.jpg,videos/3672-fNGumX0.gif,videos/3672-fNGumX0.gif,true,false
1314,back extension on exercise ball,exercisedb,1314,back,back,glutes,stability ball,,"Place the stability ball on the ground and lie face down on top of it, with your hips resting on the ball and your feet against a wall or other stable surface. Position your hands behind your head or crossed over your chest. Engage your core and slowly lift your upper body off the ball, extending your back until your body forms a straight line from your head to your heels. Pause for a moment at the top, then slowly lower your upper body back down to the starting position. Repeat for the desired number of repetitions.",images/1314-qLpO4vV.jpg,videos/1314-qLpO4vV.gif,videos/1314-qLpO4vV.gif,true,false
3297,back lever,exercisedb,3297,back,back,biceps,body weight,,"Start by hanging from a pull-up bar with an overhand grip, hands slightly wider than shoulder-width apart. Engage your core and pull your shoulder blades down and back. Bend your knees and tuck them towards your chest. Slowly lift your legs up, keeping them straight, until your body is parallel to the ground. Hold this position for a few seconds, then slowly lower your legs back down to the starting position. Repeat for the desired number of repetitions.",images/3297-GaSzzuh.jpg,videos/3297-GaSzzuh.gif,videos/3297-GaSzzuh.gif,true,false
1405,back pec stretch,exercisedb,1405,back,back,shoulders,body weight,,"Stand tall with your feet shoulder-width apart. Extend your arms straight out in front of you, parallel to the ground. Cross your arms in front of your body, with your right arm over your left arm. Interlock your fingers and rotate your palms away from your body. Slowly raise your arms up and away from your body, feeling a stretch in your back and chest. Hold the stretch for 15-30 seconds, then release. Repeat on the opposite side.",images/1405-chfnQnM.jpg,videos/1405-chfnQnM.gif,videos/1405-chfnQnM.gif,true,false
1473,backward jump,exercisedb,1473,upper legs,upper legs,hamstrings,body weight,,"Stand with your feet shoulder-width apart. Bend your knees slightly and jump backwards, pushing off with both feet. Land softly on the balls of your feet, bending your knees to absorb the impact. Repeat for the desired number of repetitions.",images/1473-SaDOwk7.jpg,videos/1473-SaDOwk7.gif,videos/1473-SaDOwk7.gif,true,false
0020,balance board,exercisedb,0020,upper legs,upper legs,calves,body weight,,"Place the balance board on a flat surface. Step onto the balance board with one foot, ensuring it is centered. Slowly shift your weight onto the foot on the balance board, keeping your core engaged. Maintain your balance and stability as you hold the position for a desired amount of time. Repeat the exercise with the other foot.",images/0020-xAySMB0.jpg,videos/0020-xAySMB0.gif,videos/0020-xAySMB0.gif,true,false
0968,band alternating biceps curl,exercisedb,0968,upper arms,upper arms,forearms,band,,"Stand with your feet shoulder-width apart and hold the band with an underhand grip, palms facing up. Keep your elbows close to your sides and slowly curl one arm up towards your shoulder, squeezing your biceps at the top. Lower the arm back down to the starting position and repeat with the other arm. Continue alternating arms for the desired number of repetitions.",images/0968-3omWx6P.jpg,videos/0968-3omWx6P.gif,videos/0968-3omWx6P.gif,true,false
0969,band alternating v-up,exercisedb,0969,waist,waist,hip flexors,band,,"Lie flat on your back with your legs straight and your arms extended overhead, holding the band. Engage your abs and lift your legs and upper body off the ground simultaneously, reaching your hands towards your toes. As you lower your legs and upper body back down, switch the position of your legs, crossing one over the other. Repeat the movement, alternating the position of your legs with each repetition. Continue for the desired number of repetitions.",images/0969-ztAa1RK.jpg,videos/0969-ztAa1RK.gif,videos/0969-ztAa1RK.gif,true,false
0970,band assisted pull-up,exercisedb,0970,back,back,biceps,band,,"Attach the band to a pull-up bar or sturdy anchor point. Step onto the band and grip the bar with your palms facing away from you, hands slightly wider than shoulder-width apart. Hang with your arms fully extended, keeping your core engaged and your shoulders down and back. Pull your body up towards the bar by squeezing your shoulder blades together and driving your elbows down towards your hips. Continue pulling until your chin is above the bar, then slowly lower yourself back down to the starting position. Repeat for the desired number of repetitions.",images/0970-r1XNRYB.jpg,videos/0970-r1XNRYB.gif,videos/0970-r1XNRYB.gif,true,false
0971,band assisted wheel rollerout,exercisedb,0971,waist,waist,lower back,band,,"Kneel on the floor and hold the handles of the band with both hands, palms facing down. Place the band on the ground in front of you and position your hands shoulder-width apart. Engage your core and slowly roll the wheel forward, extending your body as far as you can while maintaining control. Pause for a moment at the furthest point, then slowly roll the wheel back towards your knees to return to the starting position. Repeat for the desired number of repetitions.",images/0971-zhF9lW4.jpg,videos/0971-zhF9lW4.gif,videos/0971-zhF9lW4.gif,true,false
1254,band bench press,exercisedb,1254,chest,chest,triceps,band,,"Lie flat on a bench with your feet flat on the ground and your back pressed against the bench. Grasp the band handles with an overhand grip, slightly wider than shoulder-width apart. Extend your arms fully, pushing the bands away from your chest. Slowly lower the bands back down to your chest, keeping your elbows at a 90-degree angle. Repeat for the desired number of repetitions.",images/1254-khlHMqs.jpg,videos/1254-khlHMqs.gif,videos/1254-khlHMqs.gif,true,false
0980,band bent-over hip extension,exercisedb,0980,upper legs,upper legs,hamstrings,band,,"Attach the band to a sturdy anchor point at ankle height. Stand facing away from the anchor point with your feet shoulder-width apart. Step back to create tension in the band, keeping your knees slightly bent. Hinge at the hips and lean forward, maintaining a neutral spine. Extend your right leg straight back, squeezing your glutes at the top. Lower your right leg back down and repeat with the left leg. Continue alternating legs for the desired number of repetitions.",images/0980-wSScovH.jpg,videos/0980-wSScovH.gif,videos/0980-wSScovH.gif,true,false
0972,band bicycle crunch,exercisedb,0972,waist,waist,hip flexors,band,,"Lie flat on your back with your hands behind your head and your knees bent. Lift your feet off the ground and bring your right knee towards your chest while simultaneously twisting your torso to bring your left elbow towards your right knee. Straighten your right leg while bringing your left knee towards your chest and twisting your torso to bring your right elbow towards your left knee. Continue alternating the twisting motion, as if you are pedaling a bicycle, while keeping your core engaged throughout the movement. Repeat for the desired number of repetitions.",images/0972-tZkGYZ9.jpg,videos/0972-tZkGYZ9.gif,videos/0972-tZkGYZ9.gif,true,false
0974,band close-grip pulldown,exercisedb,0974,back,back,biceps,band,,"Attach the band to a high anchor point, such as a pull-up bar or sturdy beam. Stand facing the anchor point and grab the band with an underhand grip, hands shoulder-width apart. Step back to create tension in the band, keeping your feet hip-width apart. Engage your core and keep your back straight as you pull the band down towards your chest, squeezing your shoulder blades together. Pause for a moment at the bottom of the movement, then slowly release the band back to the starting position. Repeat for the desired number of repetitions.",images/0974-DptumMx.jpg,videos/0974-DptumMx.gif,videos/0974-DptumMx.gif,true,false
0975,band close-grip push-up,exercisedb,0975,upper arms,upper arms,chest,band,,"Place a band around your upper arms, just above the elbows. Assume a push-up position with your hands directly under your shoulders and your body in a straight line from head to heels. Bend your elbows and lower your chest towards the ground, keeping your elbows close to your sides. Push through your palms to extend your arms and return to the starting position. Repeat for the desired number of repetitions.",images/0975-ufaxB52.jpg,videos/0975-ufaxB52.gif,videos/0975-ufaxB52.gif,true,false
0976,band concentration curl,exercisedb,0976,upper arms,upper arms,forearms,band,,"Sit on a bench or chair with your legs spread apart and your feet flat on the ground. Hold one end of the band in your hand and step on the other end with your foot on the same side. Lean forward slightly and rest your elbow on the inside of your thigh, just above the knee. With your palm facing up, slowly curl your hand towards your shoulder, keeping your upper arm stationary. Pause for a moment at the top, then slowly lower your hand back down to the starting position. Repeat for the desired number of repetitions, then switch sides.",images/0976-kmVVAfu.jpg,videos/0976-kmVVAfu.gif,videos/0976-kmVVAfu.gif,true,false
3117,band fixed back close grip pulldown,exercisedb,3117,back,back,biceps,band,,"Attach the band to a fixed point above you, such as a pull-up bar or sturdy beam. Sit down on a bench or chair facing the band, with your feet flat on the ground and your knees bent. Grasp the band with a close grip, palms facing towards you. Keep your back straight and engage your core. Pull the band down towards your chest, squeezing your shoulder blades together. Pause for a moment at the bottom of the movement, feeling the contraction in your lats. Slowly release the band back to the starting position, maintaining control throughout the movement. Repeat for the desired number of repetitions.",images/3117-4LoWllp.jpg,videos/3117-4LoWllp.gif,videos/3117-4LoWllp.gif,true,false
3116,band fixed back underhand pulldown,exercisedb,3116,back,back,biceps,band,,"Attach the band to a sturdy anchor point above your head. Stand facing the anchor point with your feet shoulder-width apart. Grasp the band with an underhand grip, hands slightly wider than shoulder-width apart. Step back to create tension in the band, keeping your arms fully extended. Engage your core and squeeze your shoulder blades together. Pull the band down towards your chest, leading with your elbows. Pause for a moment at the bottom of the movement, feeling the contraction in your lats. Slowly release the tension in the band and return to the starting position. Repeat for the desired number of repetitions.",images/3116-ZH68exZ.jpg,videos/3116-ZH68exZ.gif,videos/3116-ZH68exZ.gif,true,false
0977,band front lateral raise,exercisedb,0977,shoulders,shoulders,traps,band,,"Stand with your feet shoulder-width apart and hold the band in front of your thighs with your palms facing down. Keep your arms straight and lift the band up in front of you until your arms are parallel to the ground. Pause for a moment at the top, then slowly lower the band back down to the starting position. Repeat for the desired number of repetitions.",images/0977-sTg7iys.jpg,videos/0977-sTg7iys.gif,videos/0977-sTg7iys.gif,true,false
0978,band front raise,exercisedb,0978,shoulders,shoulders,triceps,band,,"Stand with your feet shoulder-width apart and hold the band in front of your thighs with your palms facing down. Keep your arms straight and slowly raise them forward until they are parallel to the ground. Pause for a moment at the top, then slowly lower your arms back down to the starting position. Repeat for the desired number of repetitions.",images/0978-TFA88iB.jpg,videos/0978-TFA88iB.gif,videos/0978-TFA88iB.gif,true,false
1408,band hip lift,exercisedb,1408,upper legs,upper legs,hamstrings,band,,"Lie on your back with your knees bent and feet flat on the ground. Place a resistance band just above your knees. Engage your glutes and core muscles. Press your heels into the ground and lift your hips off the floor, squeezing your glutes at the top. Pause for a moment at the top, then slowly lower your hips back down to the starting position. Repeat for the desired number of repetitions.",images/1408-E4R8Hz1.jpg,videos/1408-E4R8Hz1.gif,videos/1408-E4R8Hz1.gif,true,false
0979,band horizontal pallof press,exercisedb,0979,waist,waist,obliques,band,,"Attach the band to a sturdy anchor point at waist height. Stand perpendicular to the anchor point with your feet shoulder-width apart. Grasp the band handle with both hands and step away from the anchor point to create tension in the band. Bring your hands to your chest, keeping your elbows bent and close to your body. Engage your core and maintain a stable stance. Extend your arms straight out in front of you, pushing the band away from your body. Hold the extended position for a few seconds, focusing on maintaining tension in your core. Slowly bring your hands back to your chest, resisting the pull of the band. Repeat for the desired number of repetitions.",images/0979-9pa4H5m.jpg,videos/0979-9pa4H5m.gif,videos/0979-9pa4H5m.gif,true,false
0981,band jack knife sit-up,exercisedb,0981,waist,waist,hip flexors,band,,"Lie flat on your back with your legs straight and your arms extended overhead, holding the band. Engage your abs and lift your legs and upper body simultaneously, bringing your hands towards your feet. Pause for a moment at the top, then slowly lower your legs and upper body back down to the starting position. Repeat for the desired number of repetitions.",images/0981-KCBKjma.jpg,videos/0981-KCBKjma.gif,videos/0981-KCBKjma.gif,true,false
0983,band kneeling one arm pulldown,exercisedb,0983,back,back,biceps,band,,"Attach the band to a sturdy anchor point above your head. Kneel down and hold the band with one hand, palm facing down. Extend your arm fully overhead, keeping your elbow slightly bent. Engage your lat muscles and pull the band down towards your side, bringing your elbow towards your ribcage. Pause for a moment at the bottom, then slowly release the tension and return to the starting position. Repeat for the desired number of repetitions, then switch sides.",images/0983-pmnrOp0.jpg,videos/0983-pmnrOp0.gif,videos/0983-pmnrOp0.gif,true,false
0985,band kneeling twisting crunch,exercisedb,0985,waist,waist,obliques,band,,"Attach the band to a sturdy anchor point at waist height. Kneel down facing away from the anchor point and hold the band with both hands, keeping your elbows bent and close to your sides. Engage your abs and slowly twist your torso to one side, bringing your hands towards your opposite hip. Pause for a moment, then slowly return to the starting position. Repeat on the other side. Continue alternating sides for the desired number of repetitions.",images/0985-225x2Vd.jpg,videos/0985-225x2Vd.gif,videos/0985-225x2Vd.gif,true,false
0984,band lying hip internal rotation,exercisedb,0984,upper legs,upper legs,hamstrings,band,,"Lie on your back with your legs straight and a resistance band looped around your feet. Bend your knees and bring them towards your chest, keeping your feet together. Slowly rotate your knees outwards, away from each other, while keeping your feet together. Pause for a moment at the end of the rotation, then slowly return to the starting position. Repeat for the desired number of repetitions.",images/0984-vIICElP.jpg,videos/0984-vIICElP.gif,videos/0984-vIICElP.gif,true,false
1002,band lying straight leg raise,exercisedb,1002,waist,waist,hip flexors,band,,"Lie flat on your back with your legs straight and your feet together. Place the band around the arches of your feet and hold the ends of the band with your hands. Engaging your abs, lift both legs off the ground until they are perpendicular to the floor. Pause for a moment at the top, then slowly lower your legs back down to the starting position. Repeat for the desired number of repetitions.",images/1002-bbLR7fB.jpg,videos/1002-bbLR7fB.gif,videos/1002-bbLR7fB.gif,true,false
0986,band one arm overhead biceps curl,exercisedb,0986,upper arms,upper arms,forearms,band,,"Stand with your feet shoulder-width apart and place one end of the band under your foot. Hold the other end of the band with your arm fully extended overhead, palm facing forward. Keeping your upper arm stationary, curl your forearm towards your shoulder, squeezing your biceps. Pause for a moment at the top, then slowly lower your forearm back to the starting position. Repeat for the desired number of repetitions, then switch arms.",images/0986-UNAB8ak.jpg,videos/0986-UNAB8ak.gif,videos/0986-UNAB8ak.gif,true,false
0987,band one arm single leg split squat,exercisedb,0987,upper legs,upper legs,glutes,band,,"Stand with your feet hip-width apart and place a resistance band around your ankles. Extend one leg forward and rest the top of your foot on a bench or step behind you. Hold onto a support with one hand for balance. Bend your standing leg and lower your body down into a squat position, keeping your knee in line with your toes. Push through your heel to return to the starting position. Repeat for the desired number of repetitions, then switch legs.",images/0987-arsYEd3.jpg,videos/0987-arsYEd3.gif,videos/0987-arsYEd3.gif,true,false
0988,band one arm standing low row,exercisedb,0988,back,back,biceps,band,,"Attach the band to a stable anchor point at waist height. Stand facing the anchor point with your feet shoulder-width apart. Hold the band with one hand, palm facing inward, and step back to create tension in the band. Bend your knees slightly and hinge forward at the hips, keeping your back straight. Pull the band towards your waist, squeezing your shoulder blades together. Pause for a moment at the top of the movement, then slowly release the band back to the starting position. Repeat for the desired number of repetitions, then switch sides.",images/0988-km0sQC0.jpg,videos/0988-km0sQC0.gif,videos/0988-km0sQC0.gif,true,false
0989,band one arm twisting chest press,exercisedb,0989,chest,chest,shoulders,band,,"Attach the band to a sturdy anchor point at chest height. Stand with your side facing the anchor point and grab the band with one hand. Step away from the anchor point to create tension in the band. Position your feet shoulder-width apart and slightly bend your knees. Bring your hand holding the band across your body, towards the opposite shoulder. While maintaining tension in the band, push your hand forward and away from your body, extending your arm. Slowly return to the starting position and repeat for the desired number of repetitions. Switch sides and repeat the exercise with the other hand.",images/0989-c16nYGA.jpg,videos/0989-c16nYGA.gif,videos/0989-c16nYGA.gif,true,false
0990,band one arm twisting seated row,exercisedb,0990,back,back,biceps,band,,"Sit on a bench or chair with your feet flat on the ground and your back straight. Hold the band with one hand and extend your arm fully in front of you. Keeping your back straight, pull the band towards your body by bending your elbow and squeezing your shoulder blades together. At the same time, twist your torso towards the side of the pulling arm. Pause for a moment at the top, then slowly release the tension in the band and return to the starting position. Repeat for the desired number of repetitions, then switch to the other arm.",images/0990-DKBwJrL.jpg,videos/0990-DKBwJrL.gif,videos/0990-DKBwJrL.gif,true,false
0991,band pull through,exercisedb,0991,upper legs,upper legs,hamstrings,band,,"Attach a resistance band to a sturdy anchor point at ground level. Stand facing away from the anchor point with your feet shoulder-width apart. Step forward to create tension in the band, keeping your knees slightly bent. Hinge at the hips and push your glutes back, maintaining a slight bend in your knees. Lower your torso until it is parallel to the ground, feeling a stretch in your hamstrings. Drive your hips forward and squeeze your glutes to return to the starting position. Repeat for the desired number of repetitions.",images/0991-VtTbiP3.jpg,videos/0991-VtTbiP3.gif,videos/0991-VtTbiP3.gif,true,false
0992,band push sit-up,exercisedb,0992,waist,waist,shoulders,band,,"Attach the band securely to a stable anchor point. Lie flat on your back with your knees bent and feet flat on the ground. Hold the band with both hands and extend your arms straight up towards the ceiling. Engaging your abs, slowly lift your upper body off the ground, curling forward until your torso is at a 45-degree angle. Pause for a moment at the top, then slowly lower your upper body back down to the starting position. Repeat for the desired number of repetitions.",images/0992-zFzbBfL.jpg,videos/0992-zFzbBfL.gif,videos/0992-zFzbBfL.gif,true,false
0993,band reverse fly,exercisedb,0993,shoulders,shoulders,upper back,band,,Attach the band to a stationary object at chest height. Stand with your feet shoulder-width apart and hold the band with both hands in front of you. Keep your arms straight and lift them out to the sides until they are parallel to the ground. Squeeze your shoulder blades together at the top of the movement. Slowly lower your arms back to the starting position. Repeat for the desired number of repetitions.,images/0993-sTfvVsG.jpg,videos/0993-sTfvVsG.gif,videos/0993-sTfvVsG.gif,true,false
0994,band reverse wrist curl,exercisedb,0994,lower arms,lower arms,forearms,band,,"Sit on a bench or chair with your feet flat on the ground. Hold the band with an overhand grip, palms facing down, and wrap it around your fingers. Rest your forearms on your thighs, with your wrists hanging off the edge. Slowly curl your wrists upward, squeezing your forearms. Pause for a moment at the top, then slowly lower your wrists back down to the starting position. Repeat for the desired number of repetitions.",images/0994-Ezpnw9d.jpg,videos/0994-Ezpnw9d.gif,videos/0994-Ezpnw9d.gif,true,false
0996,band seated hip internal rotation,exercisedb,0996,upper legs,upper legs,hamstrings,band,,"Sit on a chair or bench with your back straight and feet flat on the ground. Place a resistance band around your thighs, just above your knees. Keep your knees bent at a 90-degree angle and your feet shoulder-width apart. Engage your glutes and slowly rotate your knees outward, pushing against the resistance of the band. Pause for a moment at the end of the movement, then slowly return to the starting position. Repeat for the desired number of repetitions.",images/0996-9gbyYKk.jpg,videos/0996-9gbyYKk.gif,videos/0996-9gbyYKk.gif,true,false
1011,band seated twist,exercisedb,1011,waist,waist,obliques,band,,"Sit on the ground with your legs extended in front of you and your back straight. Wrap the band around your waist and hold the ends with both hands. Engage your abs and slowly twist your torso to one side, keeping your back straight and your feet on the ground. Pause for a moment at the end of the twist, then slowly return to the starting position. Repeat the twist to the other side. Continue alternating sides for the desired number of repetitions.",images/1011-S1JXDAG.jpg,videos/1011-S1JXDAG.gif,videos/1011-S1JXDAG.gif,true,false
0997,band shoulder press,exercisedb,0997,shoulders,shoulders,triceps,band,,"Stand with your feet shoulder-width apart and place the band under your feet. Hold the band with your palms facing forward and raise your hands to shoulder height, elbows bent. Press the band overhead, fully extending your arms. Pause for a moment at the top, then slowly lower the band back to shoulder height. Repeat for the desired number of repetitions.",images/0997-peAeMR3.jpg,videos/0997-peAeMR3.gif,videos/0997-peAeMR3.gif,true,false
1018,band shrug,exercisedb,1018,back,back,shoulders,band,,"Stand with your feet shoulder-width apart and place the band under your feet, holding the ends with your hands. Keep your arms straight and relaxed, and let the band hang in front of your thighs. Engage your traps by shrugging your shoulders upward, lifting the band as high as possible. Hold the contraction for a moment, then slowly lower your shoulders back down to the starting position. Repeat for the desired number of repetitions.",images/1018-trmte8s.jpg,videos/1018-trmte8s.gif,videos/1018-trmte8s.gif,true,false
0998,band side triceps extension,exercisedb,0998,upper arms,upper arms,shoulders,band,,"Stand with your feet shoulder-width apart and hold the band with both hands, palms facing down. Extend your arms straight out to the sides, keeping them parallel to the ground. Slowly bend your elbows and bring your hands towards your shoulders, keeping your upper arms still. Pause for a moment, then slowly extend your arms back out to the starting position. Repeat for the desired number of repetitions.",images/0998-obe5LMq.jpg,videos/0998-obe5LMq.gif,videos/0998-obe5LMq.gif,true,false
0999,band single leg calf raise,exercisedb,0999,lower legs,lower legs,ankles,band,,"Stand with your feet hip-width apart and place the band around the ball of your left foot. Hold onto a stable object for balance if needed. Slowly raise your left heel off the ground, lifting your body weight onto the ball of your foot. Pause for a moment at the top, then slowly lower your left heel back down to the starting position. Repeat for the desired number of repetitions, then switch to the right leg.",images/0999-9JprnPh.jpg,videos/0999-9JprnPh.gif,videos/0999-9JprnPh.gif,true,false
1000,band single leg reverse calf raise,exercisedb,1000,lower legs,lower legs,hamstrings,band,,"Stand with your feet hip-width apart and place the band around the ball of your foot. Hold onto a stable object for balance. Slowly raise your heel off the ground, lifting your body weight onto the ball of your foot. Pause for a moment at the top, then slowly lower your heel back down to the starting position. Repeat for the desired number of repetitions, then switch to the other leg.",images/1000-QsSQWbf.jpg,videos/1000-QsSQWbf.gif,videos/1000-QsSQWbf.gif,true,false
1001,band single leg split squat,exercisedb,1001,upper legs,upper legs,glutes,band,,"Stand with your feet hip-width apart and place a resistance band around your ankles. Take a big step forward with your right foot and a smaller step back with your left foot. Bend your knees and lower your body until your right thigh is parallel to the ground, keeping your left knee slightly above the ground. Push through your right heel to return to the starting position. Repeat on the other side.",images/1001-y8bYM8w.jpg,videos/1001-y8bYM8w.gif,videos/1001-y8bYM8w.gif,true,false
1004,band squat,exercisedb,1004,upper legs,upper legs,quadriceps,band,,"Stand with your feet shoulder-width apart, with the band placed just above your knees. Keeping your chest up and core engaged, push your hips back and bend your knees to lower into a squat position. Make sure your knees are tracking over your toes and your weight is in your heels. Pause for a moment at the bottom, then push through your heels to return to the starting position. Repeat for the desired number of repetitions.",images/1004-TUZLh71.jpg,videos/1004-TUZLh71.gif,videos/1004-TUZLh71.gif,true,false
1003,band squat row,exercisedb,1003,upper legs,upper legs,hamstrings,band,,"Attach the band to a sturdy anchor point at waist height. Stand facing the anchor point with your feet shoulder-width apart. Hold the band handles with your palms facing each other and your arms extended in front of you. Bend your knees and lower into a squat position, keeping your back straight and chest lifted. From the squat position, pull the band handles towards your body, squeezing your shoulder blades together. Pause for a moment at the top, then slowly release the tension and return to the starting position. Repeat for the desired number of repetitions.",images/1003-w1NOByi.jpg,videos/1003-w1NOByi.gif,videos/1003-w1NOByi.gif,true,false
1005,band standing crunch,exercisedb,1005,waist,waist,obliques,band,,"Attach the band to a sturdy anchor point at waist height. Stand facing away from the anchor point with your feet shoulder-width apart. Hold the band with both hands and bring it up to your chest, keeping your elbows bent and close to your body. Engage your abs and slowly crunch forward, bringing your chest towards your knees. Pause for a moment at the top of the crunch, then slowly return to the starting position. Repeat for the desired number of repetitions.",images/1005-Kzg30R7.jpg,videos/1005-Kzg30R7.gif,videos/1005-Kzg30R7.gif,true,false
1022,band standing rear delt row,exercisedb,1022,shoulders,shoulders,trapezius,band,,"Stand with your feet shoulder-width apart and place the band under your feet. Hold the band handles with your palms facing each other and your arms extended in front of you. Bend your knees slightly and hinge forward at the hips, keeping your back straight. Pull the band towards your chest, squeezing your shoulder blades together. Pause for a moment at the top, then slowly release the tension and return to the starting position. Repeat for the desired number of repetitions.",images/1022-tc5dYrf.jpg,videos/1022-tc5dYrf.gif,videos/1022-tc5dYrf.gif,true,false
1007,band standing twisting crunch,exercisedb,1007,waist,waist,obliques,band,,"Stand with your feet shoulder-width apart and place the band around your upper back, crossing it in front of your chest. Hold the ends of the band with your hands, keeping your elbows bent and close to your sides. Engage your abs and twist your torso to one side, bringing your elbow towards the opposite knee. Pause for a moment, then return to the starting position. Repeat on the other side. Continue alternating sides for the desired number of repetitions.",images/1007-euq4pwp.jpg,videos/1007-euq4pwp.gif,videos/1007-euq4pwp.gif,true,false
1008,band step-up,exercisedb,1008,upper legs,upper legs,quadriceps,band,,"Place a band around your thighs, just above your knees. Stand facing a step or platform with your feet hip-width apart. Step up onto the platform with your right foot, pushing through your heel. Extend your left leg behind you, keeping it straight. Lower your left foot back down to the ground. Repeat with your left foot stepping up onto the platform. Continue alternating legs for the desired number of repetitions.",images/1008-d5bTEPV.jpg,videos/1008-d5bTEPV.gif,videos/1008-d5bTEPV.gif,true,false
1009,band stiff leg deadlift,exercisedb,1009,upper legs,upper legs,hamstrings,band,,"Stand with your feet shoulder-width apart and place the band around your ankles. Hold the band with both hands in front of your thighs, palms facing your body. Keeping your back straight and your core engaged, hinge at the hips and slowly lower your upper body towards the ground. As you lower, push your hips back and allow your knees to bend slightly. Lower the band towards the ground, feeling a stretch in your hamstrings. Pause for a moment at the bottom, then engage your glutes and hamstrings to lift your upper body back up to the starting position. Repeat for the desired number of repetitions.",images/1009-kuMiR2T.jpg,videos/1009-kuMiR2T.gif,videos/1009-kuMiR2T.gif,true,false
1023,band straight back stiff leg deadlift,exercisedb,1023,upper legs,upper legs,hamstrings,band,,"Stand with your feet shoulder-width apart and place the band around your upper legs. Hold the band with both hands in front of your thighs, palms facing your body. Keeping your back straight and your knees slightly bent, hinge at the hips and lower the band towards the ground. Feel the stretch in your hamstrings as you lower the band. Engage your glutes and hamstrings to lift your body back up to the starting position. Repeat for the desired number of repetitions.",images/1023-lHeUULr.jpg,videos/1023-lHeUULr.gif,videos/1023-lHeUULr.gif,true,false
1010,band straight leg deadlift,exercisedb,1010,back,back,hamstrings,band,,"Stand with your feet shoulder-width apart and place the band around your feet. Hold the band with both hands, palms facing your body, and keep your arms straight. Engage your core and maintain a slight bend in your knees. Slowly hinge forward at your hips, keeping your back straight and chest lifted. Lower the band towards the ground while keeping your legs straight. Pause for a moment at the bottom, then squeeze your glutes and hamstrings to return to the starting position. Repeat for the desired number of repetitions.",images/1010-KUaoUV8.jpg,videos/1010-KUaoUV8.gif,videos/1010-KUaoUV8.gif,true,false
1012,band twisting overhead press,exercisedb,1012,shoulders,shoulders,triceps,band,,"Stand with your feet shoulder-width apart and place the band under your feet. Hold the band handles at shoulder height with your palms facing forward. Engage your core and press the band overhead, fully extending your arms. As you press, twist your torso to one side, keeping your hips stable. Pause for a moment at the top, then return to the starting position. Repeat the press and twist on the opposite side. Continue alternating sides for the desired number of repetitions.",images/1012-u4bAmKp.jpg,videos/1012-u4bAmKp.gif,videos/1012-u4bAmKp.gif,true,false
1369,band two legs calf raise - (band under both legs) v. 2,exercisedb,1369,lower legs,lower legs,ankles,band,,"Stand with your feet shoulder-width apart and place a resistance band under both feet. Hold the ends of the band with your hands for stability. Raise your heels off the ground as high as possible, using your calves. Pause for a moment at the top, then slowly lower your heels back down to the starting position. Repeat for the desired number of repetitions.",images/1369-jl6uxZV.jpg,videos/1369-jl6uxZV.gif,videos/1369-jl6uxZV.gif,true,false
1013,band underhand pulldown,exercisedb,1013,back,back,biceps,band,,"Attach the band to a high anchor point, such as a pull-up bar or sturdy beam. Stand facing the anchor point with your feet shoulder-width apart. Grasp the band with an underhand grip, hands slightly wider than shoulder-width apart. Extend your arms fully overhead, keeping your elbows slightly bent. Engage your lats and pull the band down towards your chest, squeezing your shoulder blades together. Pause for a moment at the bottom of the movement, then slowly release the tension and return to the starting position. Repeat for the desired number of repetitions.",images/1013-k6tUeqS.jpg,videos/1013-k6tUeqS.gif,videos/1013-k6tUeqS.gif,true,false
1014,band v-up,exercisedb,1014,waist,waist,hip flexors,band,,"Lie flat on your back with your legs straight and your arms extended overhead, holding the band. Engaging your abs, lift your legs and upper body off the ground simultaneously, reaching your hands towards your toes. Pause for a moment at the top, then slowly lower your legs and upper body back down to the starting position. Repeat for the desired number of repetitions.",images/1014-H6ETwO9.jpg,videos/1014-H6ETwO9.gif,videos/1014-H6ETwO9.gif,true,false
1015,band vertical pallof press,exercisedb,1015,waist,waist,obliques,band,,"Stand with your feet shoulder-width apart and wrap the band around a sturdy object at chest height. Hold the band with both hands and step away from the anchor point, creating tension in the band. Position yourself perpendicular to the anchor point, with your side facing the band. Extend your arms straight out in front of you, keeping your hands at chest height. Engage your core and press the band away from your chest, fully extending your arms. Hold the position for a few seconds, then slowly bring the band back towards your chest. Repeat for the desired number of repetitions, then switch sides.",images/1015-G7PXMlT.jpg,videos/1015-G7PXMlT.gif,videos/1015-G7PXMlT.gif,true,false
1016,band wrist curl,exercisedb,1016,lower arms,lower arms,biceps,band,,"Sit on a bench or chair with your feet flat on the ground. Hold the band with both hands, palms facing up, and rest your forearms on your thighs. Slowly curl your wrists upward, squeezing your forearms. Pause for a moment at the top, then slowly lower your wrists back down to the starting position. Repeat for the desired number of repetitions.",images/1016-vUTfFHw.jpg,videos/1016-vUTfFHw.gif,videos/1016-vUTfFHw.gif,true,false
1017,band y-raise,exercisedb,1017,shoulders,shoulders,traps,band,,"Stand with your feet shoulder-width apart and hold the band in front of your thighs with your palms facing inwards. Keep your arms straight and lift them up and out to the sides, forming a 'Y' shape with your body. Squeeze your shoulder blades together at the top of the movement. Slowly lower your arms back down to the starting position. Repeat for the desired number of repetitions.",images/1017-aHDy5O5.jpg,videos/1017-aHDy5O5.gif,videos/1017-aHDy5O5.gif,true,false
0023,barbell alternate biceps curl,exercisedb,0023,upper arms,upper arms,forearms,barbell,,"Stand up straight with your feet shoulder-width apart and hold a barbell in each hand, palms facing forward. Keep your upper arms stationary and exhale as you curl the weights while contracting your biceps. Continue to raise the barbells until your biceps are fully contracted and the barbells are at shoulder level. Hold the contracted position for a brief pause as you squeeze your biceps. Inhale as you slowly begin to lower the barbells back to the starting position. Repeat for the desired number of repetitions, alternating arms.",images/0023-Yza7XrQ.jpg,videos/0023-Yza7XrQ.gif,videos/0023-Yza7XrQ.gif,true,false
0024,barbell bench front squat,exercisedb,0024,upper legs,upper legs,hamstrings,barbell,,"Start by standing with your feet shoulder-width apart and the barbell resting on your upper chest, just below your collarbone. Hold the barbell with an overhand grip, keeping your elbows up and your upper arms parallel to the ground. Lower your body down into a squat position by bending at the knees and hips, keeping your back straight and your chest up. Pause for a moment at the bottom of the squat, then push through your heels to return to the starting position. Repeat for the desired number of repetitions.",images/0024-Y7YcmIJ.jpg,videos/0024-Y7YcmIJ.gif,videos/0024-Y7YcmIJ.gif,true,false
0025,barbell bench press,exercisedb,0025,chest,chest,triceps,barbell,,"Lie flat on a bench with your feet flat on the ground and your back pressed against the bench. Grasp the barbell with an overhand grip slightly wider than shoulder-width apart. Lift the barbell off the rack and hold it directly above your chest with your arms fully extended. Lower the barbell slowly towards your chest, keeping your elbows tucked in. Pause for a moment when the barbell touches your chest. Push the barbell back up to the starting position by extending your arms. Repeat for the desired number of repetitions.",images/0025-EIeI8Vf.jpg,videos/0025-EIeI8Vf.gif,videos/0025-EIeI8Vf.gif,true,false
0026,barbell bench squat,exercisedb,0026,upper legs,upper legs,glutes,barbell,,"Set up a barbell on a squat rack at chest height. Stand facing away from the rack, with your feet shoulder-width apart. Bend your knees and lower your body down into a squat position, keeping your back straight and chest up. Grasp the barbell with an overhand grip, slightly wider than shoulder-width apart. Lift the barbell off the rack and step back, ensuring your feet are still shoulder-width apart. Lower your body down into a squat, keeping your knees in line with your toes. Pause for a moment at the bottom, then push through your heels to return to the starting position. Repeat for the desired number of repetitions.",images/0026-W9pFVv1.jpg,videos/0026-W9pFVv1.gif,videos/0026-W9pFVv1.gif,true,false
1316,barbell bent arm pullover,exercisedb,1316,back,back,triceps,barbell,,"Lie flat on a bench with your head at one end and your feet on the floor. Hold a barbell with a shoulder-width grip and extend your arms straight above your chest. Lower the barbell behind your head while keeping your arms slightly bent. Pause for a moment, then raise the barbell back to the starting position. Repeat for the desired number of repetitions.",images/1316-cA9FuWG.jpg,videos/1316-cA9FuWG.gif,videos/1316-cA9FuWG.gif,true,false
0027,barbell bent over row,exercisedb,0027,back,back,biceps,barbell,,"Stand with your feet shoulder-width apart and knees slightly bent. Bend forward at the hips while keeping your back straight and chest up. Grasp the barbell with an overhand grip, hands slightly wider than shoulder-width apart. Pull the barbell towards your lower chest by retracting your shoulder blades and squeezing your back muscles. Pause for a moment at the top, then slowly lower the barbell back to the starting position. Repeat for the desired number of repetitions.",images/0027-eZyBC3j.jpg,videos/0027-eZyBC3j.gif,videos/0027-eZyBC3j.gif,true,false
2407,barbell biceps curl (with arm blaster),exercisedb,2407,upper arms,upper arms,forearms,barbell,,"Stand up straight with your feet shoulder-width apart and hold a barbell with an underhand grip, palms facing up. Place your upper arms against the arm blaster, keeping your elbows close to your torso. Keeping your upper arms stationary, exhale and curl the weights while contracting your biceps. Continue to raise the barbell until your biceps are fully contracted and the bar is at shoulder level. Hold the contracted position for a brief pause as you squeeze your biceps. Inhale and slowly begin to lower the barbell back to the starting position. Repeat for the desired number of repetitions.",images/2407-aee2Fcj.jpg,videos/2407-aee2Fcj.gif,videos/2407-aee2Fcj.gif,true,false
0028,barbell clean and press,exercisedb,0028,upper legs,upper legs,hamstrings,barbell,,"Stand with your feet shoulder-width apart and the barbell on the floor in front of you. Bend your knees and hinge at the hips to lower down and grip the barbell with an overhand grip, hands slightly wider than shoulder-width apart. Drive through your heels and extend your hips and knees to lift the barbell off the floor, keeping it close to your body. As the barbell reaches your thighs, explosively extend your hips, shrug your shoulders, and pull the barbell up towards your chest. As the barbell reaches chest height, quickly drop under it and catch it at shoulder level, with your elbows pointing forward and your palms facing up. From the catch position, press the barbell overhead by extending your arms and pushing the barbell straight up. Lower the barbell back down to the starting position and repeat for the desired number of repetitions.",images/0028-SGY8Zui.jpg,videos/0028-SGY8Zui.gif,videos/0028-SGY8Zui.gif,true,false
0029,barbell clean-grip front squat,exercisedb,0029,upper legs,upper legs,quadriceps,barbell,,"Start by standing with your feet shoulder-width apart and the barbell resting on your upper chest, with your elbows pointing forward. Lower your body by bending your knees and pushing your hips back, as if you are sitting back into a chair. Keep your chest up and your back straight as you lower down, making sure your knees do not go past your toes. Continue lowering until your thighs are parallel to the ground, or as low as you can comfortably go. Pause for a moment at the bottom, then push through your heels to stand back up, extending your hips and knees. Repeat for the desired number of repetitions.",images/0029-qi996YS.jpg,videos/0029-qi996YS.gif,videos/0029-qi996YS.gif,true,false
0030,barbell close-grip bench press,exercisedb,0030,upper arms,upper arms,chest,barbell,,"Lie flat on a bench with your feet flat on the ground and your back pressed against the bench. Grasp the barbell with a close grip, slightly narrower than shoulder-width apart. Unrack the barbell and lower it slowly towards your chest, keeping your elbows close to your body. Pause for a moment when the barbell touches your chest. Push the barbell back up to the starting position, fully extending your arms. Repeat for the desired number of repetitions.",images/0030-J6Dx1Mu.jpg,videos/0030-J6Dx1Mu.gif,videos/0030-J6Dx1Mu.gif,true,false
0031,barbell curl,exercisedb,0031,upper arms,upper arms,forearms,barbell,,"Stand up straight with your feet shoulder-width apart and hold a barbell with an underhand grip, palms facing forward. Keep your elbows close to your torso and exhale as you curl the weights while contracting your biceps. Continue to raise the bar until your biceps are fully contracted and the bar is at shoulder level. Hold the contracted position for a brief pause as you squeeze your biceps. Inhale as you slowly begin to lower the bar back to the starting position. Repeat for the desired number of repetitions.",images/0031-25GPyDY.jpg,videos/0031-25GPyDY.gif,videos/0031-25GPyDY.gif,true,false
0032,barbell deadlift,exercisedb,0032,upper legs,upper legs,hamstrings,barbell,,"Stand with your feet shoulder-width apart and the barbell on the ground in front of you. Bend your knees and hinge at the hips to lower your torso and grip the barbell with an overhand grip, hands slightly wider than shoulder-width apart. Keep your back straight and chest lifted as you drive through your heels to lift the barbell off the ground, extending your hips and knees. As you stand up straight, squeeze your glutes and keep your core engaged. Lower the barbell back down to the ground by bending at the hips and knees, keeping your back straight. Repeat for the desired number of repetitions.",images/0032-ila4NZS.jpg,videos/0032-ila4NZS.gif,videos/0032-ila4NZS.gif,true,false
0033,barbell decline bench press,exercisedb,0033,chest,chest,triceps,barbell,,"Lie on a decline bench with your feet secured and your head lower than your hips. Grasp the barbell with an overhand grip slightly wider than shoulder-width apart. Unrack the barbell and lower it slowly towards your chest, keeping your elbows tucked in. Pause for a moment at the bottom, then push the barbell back up to the starting position. Repeat for the desired number of repetitions.",images/0033-GrO65fd.jpg,videos/0033-GrO65fd.gif,videos/0033-GrO65fd.gif,true,false
0034,barbell decline bent arm pullover,exercisedb,0034,back,back,triceps,barbell,,"Lie down on a decline bench with your head lower than your hips and your feet secured. Hold a barbell with a pronated grip (palms facing away from you) and extend your arms straight above your chest. Lower the barbell behind your head in a controlled manner, keeping your arms slightly bent. Pause for a moment, then raise the barbell back to the starting position by contracting your lats. Repeat for the desired number of repetitions.",images/0034-hMEptv0.jpg,videos/0034-hMEptv0.gif,videos/0034-hMEptv0.gif,true,false
0035,barbell decline close grip to skull press,exercisedb,0035,upper arms,upper arms,chest,barbell,,"Lie on a decline bench with your head lower than your feet and hold a barbell with a close grip. Lower the barbell towards your forehead by bending your elbows, keeping your upper arms stationary. Pause for a moment, then extend your arms to press the barbell back up to the starting position. Repeat for the desired number of repetitions.",images/0035-LMGXZn8.jpg,videos/0035-LMGXZn8.gif,videos/0035-LMGXZn8.gif,true,false
1255,barbell decline pullover,exercisedb,1255,chest,chest,triceps,barbell,,"Lie down on a decline bench with your head lower than your hips and your feet secured. Hold the barbell with a pronated grip (palms facing away from you) and your hands slightly wider than shoulder-width apart. Extend your arms above your chest, keeping a slight bend in your elbows. Lower the barbell in an arc motion behind your head, feeling a stretch in your chest and shoulders. Pause for a moment, then return the barbell to the starting position by reversing the motion. Repeat for the desired number of repetitions.",images/1255-9sgNE2O.jpg,videos/1255-9sgNE2O.gif,videos/1255-9sgNE2O.gif,true,false
0036,barbell decline wide-grip press,exercisedb,0036,chest,chest,triceps,barbell,,"Lie on a decline bench with your feet secured and your head lower than your hips. Grasp the barbell with a wide grip, slightly wider than shoulder-width apart. Lower the barbell to your chest, keeping your elbows out to the sides. Push the barbell back up to the starting position, fully extending your arms. Repeat for the desired number of repetitions.",images/0036-hl8DUh8.jpg,videos/0036-hl8DUh8.gif,videos/0036-hl8DUh8.gif,true,false
0037,barbell decline wide-grip pullover,exercisedb,0037,back,back,triceps,barbell,,"Lie on a decline bench with your head lower than your hips and your feet secured. Hold a barbell with a wide grip and extend your arms straight above your chest. Lower the barbell behind your head in a controlled manner, keeping your arms straight. Pause for a moment, then raise the barbell back to the starting position. Repeat for the desired number of repetitions.",images/0037-Hj4FOCd.jpg,videos/0037-Hj4FOCd.gif,videos/0037-Hj4FOCd.gif,true,false
0038,barbell drag curl,exercisedb,0038,upper arms,upper arms,forearms,barbell,,"Stand with your feet shoulder-width apart and hold a barbell with an underhand grip, palms facing up. Let the barbell hang at arm's length in front of your thighs. Keeping your upper arms stationary, curl the barbell up towards your chest by contracting your biceps. Pause for a moment at the top, then slowly lower the barbell back down to the starting position. Repeat for the desired number of repetitions.",images/0038-IENzBdA.jpg,videos/0038-IENzBdA.gif,videos/0038-IENzBdA.gif,true,false
1370,barbell floor calf raise,exercisedb,1370,lower legs,lower legs,hamstrings,barbell,,"Place a barbell on the floor in front of you. Stand with the balls of your feet on the edge of the barbell, with your heels hanging off. Hold onto a stable object for balance if needed. Raise your heels as high as possible, using your calves to lift your body. Pause for a moment at the top, then slowly lower your heels back down to the starting position. Repeat for the desired number of repetitions.",images/1370-2IHEa2T.jpg,videos/1370-2IHEa2T.gif,videos/1370-2IHEa2T.gif,true,false
0039,barbell front chest squat,exercisedb,0039,upper legs,upper legs,quadriceps,barbell,,"Start by standing with your feet shoulder-width apart, toes slightly turned out. Hold the barbell in front of your chest with your hands shoulder-width apart, elbows pointing forward. Engage your core and keep your chest up as you lower your body down into a squat position, pushing your hips back and bending your knees. Lower until your thighs are parallel to the ground, or as low as you can comfortably go. Pause for a moment at the bottom, then push through your heels to return to the starting position. Repeat for the desired number of repetitions.",images/0039-IeTIEqg.jpg,videos/0039-IeTIEqg.gif,videos/0039-IeTIEqg.gif,true,false
0041,barbell front raise,exercisedb,0041,shoulders,shoulders,biceps,barbell,,"Stand with your feet shoulder-width apart and hold a barbell in front of your thighs with an overhand grip. Keep your arms straight and lift the barbell forward and upward until it reaches shoulder level. Pause for a moment at the top, then slowly lower the barbell back down to the starting position. Repeat for the desired number of repetitions.",images/0041-b2Uoz54.jpg,videos/0041-b2Uoz54.gif,videos/0041-b2Uoz54.gif,true,false
0040,barbell front raise and pullover,exercisedb,0040,chest,chest,deltoids,barbell,,"Stand with your feet shoulder-width apart and hold a barbell with an overhand grip, palms facing down. Keep your arms straight and raise the barbell in front of you until it reaches shoulder height. Pause for a moment at the top, then slowly lower the barbell back down to the starting position. Next, lower the barbell behind your head, keeping your arms straight. Pause for a moment at the bottom, then raise the barbell back up to the starting position. Repeat for the desired number of repetitions.",images/0040-33AzZeV.jpg,videos/0040-33AzZeV.gif,videos/0040-33AzZeV.gif,true,false
0042,barbell front squat,exercisedb,0042,upper legs,upper legs,quadriceps,barbell,,"Start by standing with your feet shoulder-width apart, toes slightly turned out. Hold the barbell in front of your shoulders, resting it on your collarbone and shoulders. Engage your core and keep your chest up as you lower your body down into a squat position, pushing your hips back and bending your knees. Lower until your thighs are parallel to the ground, or as low as you can comfortably go. Pause for a moment at the bottom, then push through your heels to return to the starting position. Repeat for the desired number of repetitions.",images/0042-zG0zs85.jpg,videos/0042-zG0zs85.gif,videos/0042-zG0zs85.gif,true,false
0043,barbell full squat,exercisedb,0043,upper legs,upper legs,quadriceps,barbell,,"Stand with your feet shoulder-width apart, toes slightly turned out. Hold the barbell across your upper back, resting it on your traps or rear delts. Engage your core and keep your chest up as you begin to lower your body down. Bend at the knees and hips, pushing your hips back and down as if sitting into a chair. Lower yourself until your thighs are parallel to the ground or slightly below. Keep your knees in line with your toes and your weight in your heels. Drive through your heels to stand back up, extending your hips and knees. Repeat for the desired number of repetitions.",images/0043-qXTaZnJ.jpg,videos/0043-qXTaZnJ.gif,videos/0043-qXTaZnJ.gif,true,false
1461,barbell full squat (back pov),exercisedb,1461,upper legs,upper legs,quadriceps,barbell,,"Stand with your feet shoulder-width apart, toes slightly turned out. Hold the barbell across your upper back, resting it on your traps or rear delts. Engage your core and keep your chest up as you begin to lower your body down. Bend at the knees and hips, pushing your hips back and down as if sitting into a chair. Lower your body until your thighs are parallel to the ground or slightly below. Keep your knees in line with your toes and your weight in your heels. Drive through your heels to stand back up, extending your hips and knees. Repeat for the desired number of repetitions.",images/1461-DhMl549.jpg,videos/1461-DhMl549.gif,videos/1461-DhMl549.gif,true,false
1462,barbell full squat (side pov),exercisedb,1462,upper legs,upper legs,quadriceps,barbell,,"Stand with your feet shoulder-width apart, toes slightly turned out. Hold the barbell across your upper back, resting it on your traps or rear delts. Engage your core and keep your chest up as you begin to lower your body down. Bend at the knees and hips, pushing your hips back and down as if sitting into a chair. Lower your body until your thighs are parallel to the ground or slightly below. Keep your knees in line with your toes and your weight in your heels. Drive through your heels to stand back up, extending your hips and knees. Repeat for the desired number of repetitions.",images/1462-iYzB0Cz.jpg,videos/1462-iYzB0Cz.gif,videos/1462-iYzB0Cz.gif,true,false
1545,barbell full zercher squat,exercisedb,1545,upper legs,upper legs,quadriceps,barbell,,"Stand with your feet shoulder-width apart and toes slightly turned out. Hold the barbell in the crooks of your elbows, with your hands gripping the barbell for stability. Engage your core and keep your chest lifted as you lower your hips back and down into a squat position. Keep your knees in line with your toes and your weight in your heels. Lower until your thighs are parallel to the ground, or as low as you can comfortably go. Drive through your heels to stand back up, squeezing your glutes at the top of the movement. Repeat for the desired number of repetitions.",images/1545-vR1vold.jpg,videos/1545-vR1vold.gif,videos/1545-vR1vold.gif,true,false
1409,barbell glute bridge,exercisedb,1409,upper legs,upper legs,hamstrings,barbell,,"Start by lying flat on your back on the ground with your knees bent and feet flat on the floor. Place a barbell across your hips, holding it securely with both hands. Engage your glutes and core muscles, then lift your hips off the ground until your body forms a straight line from your knees to your shoulders. Pause for a moment at the top, squeezing your glutes. Slowly lower your hips back down to the starting position. Repeat for the desired number of repetitions.",images/1409-qKBpF7I.jpg,videos/1409-qKBpF7I.gif,videos/1409-qKBpF7I.gif,true,false
3562,barbell glute bridge two legs on bench (male),exercisedb,3562,upper legs,upper legs,hamstrings,barbell,,"Start by sitting on the edge of a bench with your upper back resting against it and your feet flat on the ground, hip-width apart. Place a barbell across your hips, holding it securely with both hands. Engage your glutes and core muscles, then press through your heels to lift your hips off the bench, creating a straight line from your knees to your shoulders. Pause for a moment at the top, squeezing your glutes. Slowly lower your hips back down to the starting position. Repeat for the desired number of repetitions.",images/3562-qg2PGl6.jpg,videos/3562-qg2PGl6.gif,videos/3562-qg2PGl6.gif,true,false
0044,barbell good morning,exercisedb,0044,upper legs,upper legs,lower back,barbell,,"Start by standing with your feet shoulder-width apart and the barbell resting on your upper back. Keeping your back straight and your core engaged, hinge forward at the hips, pushing your buttocks back as if you were trying to touch the wall behind you with your glutes. Lower your torso until it is parallel to the ground, feeling a stretch in your hamstrings. Pause for a moment, then return to the starting position by squeezing your glutes and pushing your hips forward. Repeat for the desired number of repetitions.",images/0044-XlZ4lAC.jpg,videos/0044-XlZ4lAC.gif,videos/0044-XlZ4lAC.gif,true,false
0045,barbell guillotine bench press,exercisedb,0045,chest,chest,shoulders,barbell,,"Lie flat on a bench with your feet flat on the ground and your back pressed against the bench. Grasp the barbell with an overhand grip, slightly wider than shoulder-width apart. Lower the barbell slowly towards your neck, keeping your elbows pointed outwards. Pause for a moment when the barbell is just above your neck. Push the barbell back up to the starting position, fully extending your arms. Repeat for the desired number of repetitions.",images/0045-GXoaSgn.jpg,videos/0045-GXoaSgn.gif,videos/0045-GXoaSgn.gif,true,false
0046,barbell hack squat,exercisedb,0046,upper legs,upper legs,quadriceps,barbell,,"Start by standing with your feet shoulder-width apart and your toes slightly turned out. Hold the barbell behind your legs, resting it on your upper thighs. Lower your body by bending at the knees and hips, keeping your back straight and your chest up. Continue lowering until your thighs are parallel to the ground, or as low as you can comfortably go. Pause for a moment, then push through your heels to return to the starting position. Repeat for the desired number of repetitions.",images/0046-5VCj6iH.jpg,videos/0046-5VCj6iH.gif,videos/0046-5VCj6iH.gif,true,false
1436,barbell high bar squat,exercisedb,1436,upper legs,upper legs,quadriceps,barbell,,"Stand with your feet shoulder-width apart, toes slightly turned out. Place the barbell on your upper back, resting it on your traps. Engage your core and keep your chest up as you begin to squat down, pushing your hips back and bending your knees. Lower yourself until your thighs are parallel to the ground, or as low as you can comfortably go. Drive through your heels to stand back up, extending your hips and knees. Repeat for the desired number of repetitions.",images/1436-Gnfo4FM.jpg,videos/1436-Gnfo4FM.gif,videos/1436-Gnfo4FM.gif,true,false
0047,barbell incline bench press,exercisedb,0047,chest,chest,shoulders,barbell,,"Set up an incline bench at a 45-degree angle. Lie down on the bench with your feet flat on the ground. Grasp the barbell with an overhand grip, slightly wider than shoulder-width apart. Unrack the barbell and lower it slowly towards your chest, keeping your elbows at a 45-degree angle. Pause for a moment at the bottom, then push the barbell back up to the starting position. Repeat for the desired number of repetitions.",images/0047-3TZduzM.jpg,videos/0047-3TZduzM.gif,videos/0047-3TZduzM.gif,true,false
1719,barbell incline close grip bench press,exercisedb,1719,upper arms,upper arms,chest,barbell,,"Set up an incline bench at a 45-degree angle. Lie down on the bench with your feet flat on the ground. Grasp the barbell with a close grip, slightly narrower than shoulder-width apart. Unrack the barbell and lower it slowly towards your chest, keeping your elbows close to your body. Pause for a moment when the barbell touches your chest. Push the barbell back up to the starting position, fully extending your arms. Repeat for the desired number of repetitions.",images/1719-gx7s7uF.jpg,videos/1719-gx7s7uF.gif,videos/1719-gx7s7uF.gif,true,false
0048,barbell incline reverse-grip press,exercisedb,0048,upper arms,upper arms,chest,barbell,,"Set up an incline bench at a 45-degree angle. Lie back on the bench and grasp the barbell with a reverse grip, hands slightly wider than shoulder-width apart. Unrack the barbell and lower it towards your upper chest, keeping your elbows tucked in. Pause for a moment at the bottom, then push the barbell back up to the starting position. Repeat for the desired number of repetitions.",images/0048-641mIfk.jpg,videos/0048-641mIfk.gif,videos/0048-641mIfk.gif,true,false
0049,barbell incline row,exercisedb,0049,back,back,biceps,barbell,,"Set up an incline bench at a 45-degree angle. Lie face down on the bench with your chest against the pad and your feet flat on the ground. Grasp the barbell with an overhand grip, slightly wider than shoulder-width apart. Keep your back straight and your core engaged. Pull the barbell towards your chest, squeezing your shoulder blades together. Pause for a moment at the top, then slowly lower the barbell back to the starting position. Repeat for the desired number of repetitions.",images/0049-dmgMp3n.jpg,videos/0049-dmgMp3n.gif,videos/0049-dmgMp3n.gif,true,false
0050,barbell incline shoulder raise,exercisedb,0050,chest,chest,deltoids,barbell,,"Set up an incline bench at a 45-degree angle. Sit on the bench with your back against the pad and feet flat on the ground. Hold a barbell with an overhand grip, slightly wider than shoulder-width apart. Lift the barbell up to shoulder height, keeping your elbows slightly bent. Slowly raise the barbell overhead, extending your arms fully. Pause for a moment at the top, then slowly lower the barbell back to shoulder height. Repeat for the desired number of repetitions.",images/0050-xi0yckC.jpg,videos/0050-xi0yckC.gif,videos/0050-xi0yckC.gif,true,false
0051,barbell jefferson squat,exercisedb,0051,upper legs,upper legs,quadriceps,barbell,,"Stand with your feet shoulder-width apart and toes slightly turned out. Hold the barbell with an overhand grip, resting it on the front of your body, just below your waist. Step your left foot forward and your right foot back, keeping your feet shoulder-width apart. Bend your knees and lower your body down into a squat position, keeping your back straight and chest up. Push through your heels to stand back up to the starting position. Repeat the movement, alternating your forward and back foot with each repetition.",images/0051-pkSoCW9.jpg,videos/0051-pkSoCW9.gif,videos/0051-pkSoCW9.gif,true,false
0052,barbell jm bench press,exercisedb,0052,upper arms,upper arms,chest,barbell,,"Lie flat on a bench with your feet flat on the ground and your back pressed against the bench. Grasp the barbell with an overhand grip, slightly wider than shoulder-width apart. Lower the barbell to your chest, keeping your elbows tucked in close to your body. Push the barbell back up to the starting position, fully extending your arms. Repeat for the desired number of repetitions.",images/0052-ZsiqXYa.jpg,videos/0052-ZsiqXYa.gif,videos/0052-ZsiqXYa.gif,true,false
0053,barbell jump squat,exercisedb,0053,upper legs,upper legs,quadriceps,barbell,,"Start by standing with your feet shoulder-width apart, holding a barbell across your upper back. Lower your body into a squat position by bending your knees and pushing your hips back. Once you reach the bottom of the squat, explode upwards by jumping off the ground. As you jump, extend your hips, knees, and ankles, pushing through your toes. Land softly back into the squat position and immediately repeat the movement for the desired number of repetitions.",images/0053-1gFNTZV.jpg,videos/0053-1gFNTZV.gif,videos/0053-1gFNTZV.gif,true,false
1410,barbell lateral lunge,exercisedb,1410,upper legs,upper legs,quadriceps,barbell,,"Stand with your feet shoulder-width apart, holding a barbell across your upper back. Take a big step to the side with your right foot, keeping your left foot planted. Bend your right knee and lower your body down into a lunge position, keeping your left leg straight. Push off with your right foot and return to the starting position. Repeat on the other side, stepping with your left foot.",images/1410-py1HSzx.jpg,videos/1410-py1HSzx.gif,videos/1410-py1HSzx.gif,true,false
1435,barbell low bar squat,exercisedb,1435,upper legs,upper legs,quadriceps,barbell,,"Stand with your feet shoulder-width apart and the barbell resting on your upper back. Keeping your chest up and core engaged, slowly lower your body by bending your knees and pushing your hips back. Continue lowering until your thighs are parallel to the ground or slightly below. Pause for a moment, then push through your heels to return to the starting position. Repeat for the desired number of repetitions.",images/1435-bTpEUcm.jpg,videos/1435-bTpEUcm.gif,videos/1435-bTpEUcm.gif,true,false
0054,barbell lunge,exercisedb,0054,upper legs,upper legs,quadriceps,barbell,,"Start by standing with your feet shoulder-width apart and a barbell resting on your upper back. Take a step forward with your right foot, keeping your torso upright. Lower your body by bending your right knee until your thigh is parallel to the ground. Push through your right heel to return to the starting position. Repeat with your left leg, alternating legs for the desired number of repetitions.",images/0054-t8iSghb.jpg,videos/0054-t8iSghb.gif,videos/0054-t8iSghb.gif,true,false
1720,barbell lying back of the head tricep extension,exercisedb,1720,upper arms,upper arms,shoulders,barbell,,"Lie flat on a bench with your feet flat on the ground and your head at the end of the bench. Hold a barbell with an overhand grip, hands shoulder-width apart, and extend your arms straight up over your chest. Keeping your upper arms stationary, slowly lower the barbell behind your head by bending your elbows. Pause for a moment, then extend your arms back up to the starting position. Repeat for the desired number of repetitions.",images/1720-yg8Totb.jpg,videos/1720-yg8Totb.gif,videos/1720-yg8Totb.gif,true,false
0055,barbell lying close-grip press,exercisedb,0055,upper arms,upper arms,chest,barbell,,"Lie flat on a bench with your feet flat on the ground and your back pressed against the bench. Grasp the barbell with a close grip, hands shoulder-width apart, palms facing towards your feet. Lift the barbell off the rack and hold it directly above your chest with your arms fully extended. Slowly lower the barbell towards your chest, keeping your elbows close to your body. Pause for a moment when the barbell touches your chest, then push it back up to the starting position. Repeat for the desired number of repetitions.",images/0055-EcaV7aL.jpg,videos/0055-EcaV7aL.gif,videos/0055-EcaV7aL.gif,true,false
0056,barbell lying close-grip triceps extension,exercisedb,0056,upper arms,upper arms,shoulders,barbell,,"Lie flat on a bench with your feet flat on the ground and your head at the end of the bench. Grasp the barbell with a close grip, hands shoulder-width apart, palms facing up. Extend your arms fully, lifting the barbell above your chest. Keeping your upper arms stationary, slowly lower the barbell towards your forehead by bending your elbows. Pause for a moment at the bottom, then extend your arms back to the starting position. Repeat for the desired number of repetitions.",images/0056-HJ63mSO.jpg,videos/0056-HJ63mSO.gif,videos/0056-HJ63mSO.gif,true,false
0057,barbell lying extension,exercisedb,0057,upper arms,upper arms,shoulders,barbell,,"Lie flat on a bench with your feet flat on the ground and your head at the end of the bench. Hold the barbell with an overhand grip, hands shoulder-width apart, and extend your arms straight up over your chest. Keeping your upper arms stationary, slowly lower the barbell towards your forehead by bending your elbows. Pause for a moment, then extend your arms back up to the starting position. Repeat for the desired number of repetitions.",images/0057-EMpUwRI.jpg,videos/0057-EMpUwRI.gif,videos/0057-EMpUwRI.gif,true,false
0058,barbell lying lifting (on hip),exercisedb,0058,upper legs,upper legs,hamstrings,barbell,,"Lie flat on your back on a bench with your feet flat on the ground and your knees bent. Hold the barbell with an overhand grip and position it on your hips. Engaging your glutes, lift your hips off the bench until your body forms a straight line from your knees to your shoulders. Pause for a moment at the top, then slowly lower your hips back down to the starting position. Repeat for the desired number of repetitions.",images/0058-SNFfUff.jpg,videos/0058-SNFfUff.gif,videos/0058-SNFfUff.gif,true,false
0059,barbell lying preacher curl,exercisedb,0059,upper arms,upper arms,forearms,barbell,,"Sit on a preacher bench with your chest against the pad and your arms extended over the edge, holding a barbell with an underhand grip. Keeping your upper arms stationary, exhale and curl the weights while contracting your biceps. Continue to raise the bar until your biceps are fully contracted and the bar is at shoulder level. Hold the contracted position for a brief pause as you squeeze your biceps. Inhale and slowly begin to lower the barbell back to the starting position. Repeat for the desired number of repetitions.",images/0059-SYJ4Bkt.jpg,videos/0059-SYJ4Bkt.gif,videos/0059-SYJ4Bkt.gif,true,false
0061,barbell lying triceps extension,exercisedb,0061,upper arms,upper arms,shoulders,barbell,,"Lie flat on a bench with your feet flat on the ground and your head at the end of the bench. Hold the barbell with an overhand grip, hands shoulder-width apart, and extend your arms straight up over your chest. Keeping your upper arms stationary, slowly lower the barbell towards your forehead by bending your elbows. Pause for a moment at the bottom, then extend your arms back up to the starting position. Repeat for the desired number of repetitions.",images/0061-iZop9xO.jpg,videos/0061-iZop9xO.gif,videos/0061-iZop9xO.gif,true,false
0060,barbell lying triceps extension skull crusher,exercisedb,0060,upper arms,upper arms,shoulders,barbell,,"Lie flat on a bench with your feet flat on the ground and your head at the end of the bench. Hold the barbell with an overhand grip, hands shoulder-width apart, and extend your arms straight up over your chest. Keeping your upper arms stationary, slowly lower the barbell towards your forehead by bending your elbows. Pause for a moment when the barbell is just above your forehead, then extend your arms back up to the starting position. Repeat for the desired number of repetitions.",images/0060-h8LFzo9.jpg,videos/0060-h8LFzo9.gif,videos/0060-h8LFzo9.gif,true,false
0063,barbell narrow stance squat,exercisedb,0063,upper legs,upper legs,quadriceps,barbell,,"Stand with your feet shoulder-width apart and toes pointing slightly outward. Hold the barbell across your upper back, resting it on your traps or rear delts. Engage your core and keep your chest up as you slowly lower your body by bending your knees and pushing your hips back. Continue lowering until your thighs are parallel to the ground or slightly below. Pause for a moment, then push through your heels to return to the starting position. Repeat for the desired number of repetitions.",images/0063-elhhVgj.jpg,videos/0063-elhhVgj.gif,videos/0063-elhhVgj.gif,true,false
0064,barbell one arm bent over row,exercisedb,0064,back,back,biceps,barbell,,"Stand with your feet shoulder-width apart, knees slightly bent, and hold a barbell with one hand using an overhand grip. Bend forward at the hips, keeping your back straight and your head in a neutral position. Pull the barbell up towards your chest, keeping your elbow close to your body and squeezing your shoulder blades together. Lower the barbell back down to the starting position in a controlled manner. Repeat for the desired number of repetitions, then switch to the other arm.",images/0064-Jsgsc27.jpg,videos/0064-Jsgsc27.gif,videos/0064-Jsgsc27.gif,true,false
0065,barbell one arm floor press,exercisedb,0065,upper arms,upper arms,chest,barbell,,"Lie flat on your back on the floor with your knees bent and feet flat on the ground. Hold the barbell with one hand, palm facing up, and extend your arm straight up over your chest. Slowly lower the barbell towards your chest, keeping your elbow close to your body. Pause for a moment at the bottom, then push the barbell back up to the starting position. Repeat for the desired number of repetitions, then switch arms.",images/0065-vtusOWT.jpg,videos/0065-vtusOWT.gif,videos/0065-vtusOWT.gif,true,false
0066,barbell one arm side deadlift,exercisedb,0066,upper legs,upper legs,hamstrings,barbell,,"Stand with your feet shoulder-width apart, holding a barbell in one hand with an overhand grip. Keep your back straight and your core engaged. Bend at the hips and lower the barbell towards the outside of your leg, keeping your arm straight and your chest up. Lower the barbell as far as you can while maintaining good form. Pause for a moment, then slowly return to the starting position. Repeat for the desired number of repetitions, then switch sides.",images/0066-2DxtqHL.jpg,videos/0066-2DxtqHL.gif,videos/0066-2DxtqHL.gif,true,false
0067,barbell one arm snatch,exercisedb,0067,shoulders,shoulders,traps,barbell,,"Stand with your feet shoulder-width apart, toes pointing slightly outwards. Hold the barbell with an overhand grip, hands slightly wider than shoulder-width apart. Bend your knees and lower your hips into a squat position, keeping your back straight and chest up. Explosively extend your hips, knees, and ankles, driving the barbell upwards. As the barbell reaches chest level, pull it upwards with your arm, keeping it close to your body. Rotate your elbow under the barbell and extend your arm fully overhead, locking out your elbow. Lower the barbell back down to the starting position in a controlled manner. Repeat for the desired number of repetitions, then switch arms.",images/0067-xHKN2s8.jpg,videos/0067-xHKN2s8.gif,videos/0067-xHKN2s8.gif,true,false
0068,barbell one leg squat,exercisedb,0068,upper legs,upper legs,glutes,barbell,,"Stand with your feet shoulder-width apart and hold a barbell across your upper back. Lift one foot off the ground and extend it forward, keeping it parallel to the ground. Bend your standing leg and lower your body down as if sitting back into a chair, keeping your chest up and your back straight. Lower yourself until your thigh is parallel to the ground, then push through your heel to return to the starting position. Repeat for the desired number of repetitions, then switch legs and repeat.",images/0068-uKyN64F.jpg,videos/0068-uKyN64F.gif,videos/0068-uKyN64F.gif,true,false
0069,barbell overhead squat,exercisedb,0069,upper legs,upper legs,glutes,barbell,,"Stand with your feet shoulder-width apart and toes slightly turned out. Hold the barbell with a wide grip, positioning it overhead with your arms fully extended. Engage your core and lower your body down into a squat position, keeping your chest up and knees tracking over your toes. Pause for a moment at the bottom, then push through your heels to return to the starting position. Repeat for the desired number of repetitions.",images/0069-gfk9kD4.jpg,videos/0069-gfk9kD4.gif,videos/0069-gfk9kD4.gif,true,false
1411,barbell palms down wrist curl over a bench,exercisedb,1411,lower arms,lower arms,biceps,barbell,,"Sit on a bench with your feet flat on the ground and your forearms resting on your thighs, palms facing down. Hold a barbell with an overhand grip, hands shoulder-width apart. Lower the barbell towards the ground by flexing your wrists, keeping your forearms stationary. Pause for a moment at the bottom, then slowly raise the barbell back up by extending your wrists. Repeat for the desired number of repetitions.",images/1411-yzYH9pI.jpg,videos/1411-yzYH9pI.gif,videos/1411-yzYH9pI.gif,true,false
1412,barbell palms up wrist curl over a bench,exercisedb,1412,lower arms,lower arms,biceps,barbell,,"Sit on a bench with your feet flat on the ground and hold a barbell with an underhand grip, palms facing up. Rest your forearms on the bench, allowing your wrists to hang off the edge. Keeping your forearms stationary, exhale and curl your wrists upwards as far as possible. Hold the contracted position for a brief pause, then inhale and slowly lower the barbell back to the starting position. Repeat for the desired number of repetitions.",images/1412-SJAA2IQ.jpg,videos/1412-SJAA2IQ.gif,videos/1412-SJAA2IQ.gif,true,false
3017,barbell pendlay row,exercisedb,3017,back,back,biceps,barbell,,"Stand with your feet shoulder-width apart and your knees slightly bent. Bend forward at the hips, keeping your back straight and your chest up. Grasp the barbell with an overhand grip, slightly wider than shoulder-width apart. Pull the barbell towards your upper abdomen, squeezing your shoulder blades together. Lower the barbell back down to the starting position. Repeat for the desired number of repetitions.",images/3017-r0z6xzQ.jpg,videos/3017-r0z6xzQ.gif,videos/3017-r0z6xzQ.gif,true,false
1751,barbell pin presses,exercisedb,1751,upper arms,upper arms,shoulders,barbell,,"Set up a barbell on a power rack at chest height. Stand facing the barbell and position yourself underneath it, with your feet shoulder-width apart. Grip the barbell with an overhand grip, slightly wider than shoulder-width apart. Lift the barbell off the rack and hold it directly above your chest, with your arms fully extended. Lower the barbell down towards your chest, keeping your elbows tucked in close to your body. Pause for a moment when the barbell touches your chest. Push the barbell back up to the starting position, fully extending your arms. Repeat for the desired number of repetitions.",images/1751-bndCa3Q.jpg,videos/1751-bndCa3Q.gif,videos/1751-bndCa3Q.gif,true,false
0070,barbell preacher curl,exercisedb,0070,upper arms,upper arms,forearms,barbell,,"Sit on a preacher bench with your upper arms resting on the pad and your chest against the support. Grasp the barbell with an underhand grip, slightly wider than shoulder-width apart. Keeping your upper arms stationary, exhale and curl the barbell up towards your shoulders. Pause for a moment at the top, squeezing your biceps. Inhale and slowly lower the barbell back down to the starting position. Repeat for the desired number of repetitions.",images/0070-qOgPVf6.jpg,videos/0070-qOgPVf6.gif,videos/0070-qOgPVf6.gif,true,false
0071,barbell press sit-up,exercisedb,0071,waist,waist,shoulders,barbell,,"Lie flat on your back on a mat with your knees bent and feet flat on the ground. Hold the barbell with an overhand grip, resting it on your chest. Engaging your abs, slowly lift your upper body off the ground, curling forward until your torso is at a 45-degree angle. Pause for a moment at the top, then slowly lower your upper body back down to the starting position. Repeat for the desired number of repetitions.",images/0071-wnEscH8.jpg,videos/0071-wnEscH8.gif,videos/0071-wnEscH8.gif,true,false
0072,barbell prone incline curl,exercisedb,0072,upper arms,upper arms,forearms,barbell,,"Set up an incline bench at a 45-degree angle. Lie face down on the bench with your chest and stomach resting against it. Hold a barbell with an underhand grip, shoulder-width apart. Extend your arms fully, allowing the barbell to hang down towards the floor. Keeping your upper arms stationary, exhale and curl the weights while contracting your biceps. Continue to raise the barbell until your biceps are fully contracted and the bar is at shoulder level. Hold the contracted position for a brief pause as you squeeze your biceps. Inhale and slowly begin to lower the barbell back to the starting position. Repeat for the desired number of repetitions.",images/0072-WLvTAv5.jpg,videos/0072-WLvTAv5.gif,videos/0072-WLvTAv5.gif,true,false
0073,barbell pullover,exercisedb,0073,back,back,chest,barbell,,"Lie flat on a bench with your head at one end and your feet on the floor. Hold a barbell with a shoulder-width grip and extend your arms straight above your chest. Keeping your arms straight, lower the barbell behind your head in a controlled manner until you feel a stretch in your lats. Pause for a moment, then raise the barbell back to the starting position. Repeat for the desired number of repetitions.",images/0073-i6LWjok.jpg,videos/0073-i6LWjok.gif,videos/0073-i6LWjok.gif,true,false
0022,barbell pullover to press,exercisedb,0022,back,back,triceps,barbell,,"Lie flat on a bench with your head at one end and your feet on the ground. Hold the barbell with a pronated grip (palms facing away from you) and extend your arms straight above your chest. Keeping your arms straight, lower the barbell behind your head in an arc-like motion until you feel a stretch in your lats. Pause for a moment, then reverse the motion and press the barbell back to the starting position above your chest. Repeat for the desired number of repetitions.",images/0022-znLogoF.jpg,videos/0022-znLogoF.gif,videos/0022-znLogoF.gif,true,false
0074,barbell rack pull,exercisedb,0074,upper legs,upper legs,hamstrings,barbell,,"Set up a barbell on a rack at knee height. Stand with your feet shoulder-width apart, toes pointing slightly outwards. Bend at the hips and knees to lower yourself down and grip the barbell with an overhand grip, hands shoulder-width apart. Engage your core and lift the barbell by extending your hips and knees, pulling your shoulders back and squeezing your glutes at the top. Lower the barbell back down to the starting position by bending at the hips and knees. Repeat for the desired number of repetitions.",images/0074-za9Ni4z.jpg,videos/0074-za9Ni4z.gif,videos/0074-za9Ni4z.gif,true,false
0075,barbell rear delt raise,exercisedb,0075,shoulders,shoulders,traps,barbell,,"Stand with your feet shoulder-width apart and hold a barbell with an overhand grip, palms facing down. Bend your knees slightly and hinge forward at the hips, keeping your back straight. Raise the barbell out to the sides, keeping your arms straight, until they are parallel to the ground. Pause for a moment at the top, then slowly lower the barbell back to the starting position. Repeat for the desired number of repetitions.",images/0075-Ln9iTbU.jpg,videos/0075-Ln9iTbU.gif,videos/0075-Ln9iTbU.gif,true,false
0076,barbell rear delt row,exercisedb,0076,shoulders,shoulders,trapezius,barbell,,"Stand with your feet shoulder-width apart and knees slightly bent. Hold a barbell with an overhand grip, hands slightly wider than shoulder-width apart. Bend forward at the hips, keeping your back straight and chest up. Pull the barbell towards your chest, squeezing your shoulder blades together. Pause for a moment at the top, then slowly lower the barbell back to the starting position. Repeat for the desired number of repetitions.",images/0076-S9zHIvU.jpg,videos/0076-S9zHIvU.gif,videos/0076-S9zHIvU.gif,true,false
0078,barbell rear lunge,exercisedb,0078,upper legs,upper legs,quadriceps,barbell,,"Start by standing with your feet shoulder-width apart and a barbell resting on your upper back. Take a step backward with your right foot, landing on the ball of your foot. Bend both knees to lower your body until your left thigh is parallel to the ground. Push through your left heel to return to the starting position. Repeat with the other leg.",images/0078-VaP75jl.jpg,videos/0078-VaP75jl.gif,videos/0078-VaP75jl.gif,true,false
0077,barbell rear lunge v. 2,exercisedb,0077,upper legs,upper legs,quadriceps,barbell,,"Stand with your feet shoulder-width apart and hold a barbell across your upper back. Take a step backward with your right foot, landing on the ball of your foot. Bend both knees to lower your body until your left thigh is parallel to the ground. Push through your left heel to return to the starting position. Repeat with the other leg.",images/0077-62Nw60O.jpg,videos/0077-62Nw60O.gif,videos/0077-62Nw60O.gif,true,false
0079,barbell revers wrist curl v. 2,exercisedb,0079,lower arms,lower arms,biceps,barbell,,"Sit on a bench with your feet flat on the ground and your knees bent. Hold a barbell with an overhand grip, palms facing down, and your hands shoulder-width apart. Rest your forearms on your thighs, allowing your wrists to hang off the edge. Keeping your forearms stationary, exhale and curl your wrists upward as far as possible. Hold the contracted position for a brief pause, then inhale and slowly lower the barbell back to the starting position. Repeat for the desired number of repetitions.",images/0079-qDnGfDb.jpg,videos/0079-qDnGfDb.gif,videos/0079-qDnGfDb.gif,true,false
2187,barbell reverse close-grip bench press,exercisedb,2187,upper arms,upper arms,chest,barbell,,"Lie flat on a bench with your feet flat on the ground and your back pressed against the bench. Grasp the barbell with a reverse grip, hands shoulder-width apart. Lift the barbell off the rack and hold it directly above your chest with your arms fully extended. Slowly lower the barbell down towards your chest, keeping your elbows close to your body. Pause for a moment when the barbell is just above your chest. Push the barbell back up to the starting position, fully extending your arms. Repeat for the desired number of repetitions.",images/2187-YqJw82s.jpg,videos/2187-YqJw82s.gif,videos/2187-YqJw82s.gif,true,false
0080,barbell reverse curl,exercisedb,0080,upper arms,upper arms,forearms,barbell,,"Stand up straight with your feet shoulder-width apart and hold a barbell with an overhand grip, palms facing down. Keep your upper arms stationary and exhale as you curl the barbell upward, contracting your biceps. Continue to raise the barbell until your biceps are fully contracted and the barbell is at shoulder level. Hold the contracted position for a brief pause as you squeeze your biceps. Inhale as you slowly lower the barbell back to the starting position, keeping your upper arms stationary. Repeat for the desired number of repetitions.",images/0080-xNrS20v.jpg,videos/0080-xNrS20v.gif,videos/0080-xNrS20v.gif,true,false
0118,barbell reverse grip bent over row,exercisedb,0118,back,back,biceps,barbell,,"Stand with your feet shoulder-width apart and knees slightly bent. Hold a barbell with an overhand grip, palms facing down, and hands slightly wider than shoulder-width apart. Bend forward at the hips, keeping your back straight and chest up, until your torso is almost parallel to the floor. Pull the barbell towards your lower chest, squeezing your shoulder blades together. Pause for a moment at the top, then slowly lower the barbell back to the starting position. Repeat for the desired number of repetitions.",images/0118-SzX3uzM.jpg,videos/0118-SzX3uzM.gif,videos/0118-SzX3uzM.gif,true,false
1256,barbell reverse grip decline bench press,exercisedb,1256,chest,chest,triceps,barbell,,"Lie on a decline bench with your feet secured and your head lower than your hips. Grasp the barbell with a reverse grip, slightly wider than shoulder-width apart. Unrack the barbell and lower it slowly towards your chest, keeping your elbows tucked in. Pause for a moment at the bottom, then push the barbell back up to the starting position. Repeat for the desired number of repetitions.",images/1256-DotAgEF.jpg,videos/1256-DotAgEF.gif,videos/1256-DotAgEF.gif,true,false
1257,barbell reverse grip incline bench press,exercisedb,1257,chest,chest,triceps,barbell,,"Set up an incline bench at a 45-degree angle. Lie down on the bench with your feet flat on the ground. Grasp the barbell with a reverse grip, hands slightly wider than shoulder-width apart. Unrack the barbell and lower it slowly towards your chest, keeping your elbows tucked in. Pause for a moment when the barbell touches your chest. Push the barbell back up to the starting position, fully extending your arms. Repeat for the desired number of repetitions.",images/1257-DU7I633.jpg,videos/1257-DU7I633.gif,videos/1257-DU7I633.gif,true,false
1317,barbell reverse grip incline bench row,exercisedb,1317,back,back,biceps,barbell,,"Set up an incline bench at a 45-degree angle. Sit on the bench facing the backrest with your chest against it. Grab the barbell with a reverse grip (palms facing down) and hands slightly wider than shoulder-width apart. Keep your back straight and core engaged. Pull the barbell towards your upper abdomen, squeezing your shoulder blades together. Pause for a moment at the top of the movement. Slowly lower the barbell back to the starting position. Repeat for the desired number of repetitions.",images/1317-8d8qJQI.jpg,videos/1317-8d8qJQI.gif,videos/1317-8d8qJQI.gif,true,false
1721,barbell reverse grip skullcrusher,exercisedb,1721,upper arms,upper arms,forearms,barbell,,"Lie flat on a bench with your feet flat on the ground and your head at the end of the bench. Hold the barbell with a reverse grip, palms facing towards your face, and your hands shoulder-width apart. Extend your arms straight up over your chest, keeping your elbows in and your wrists straight. Slowly lower the barbell towards your forehead by bending your elbows, keeping your upper arms stationary. Pause for a moment at the bottom, then extend your arms back up to the starting position. Repeat for the desired number of repetitions.",images/1721-yRLPCLu.jpg,videos/1721-yRLPCLu.gif,videos/1721-yRLPCLu.gif,true,false
0081,barbell reverse preacher curl,exercisedb,0081,upper arms,upper arms,forearms,barbell,,"Sit on a preacher bench with your chest against the pad and your arms extended straight down, holding a barbell with an overhand grip. Keeping your upper arms stationary, exhale and curl the barbell upward while contracting your biceps. Continue to raise the barbell until your biceps are fully contracted and the barbell is at shoulder level. Hold the contracted position for a brief pause as you squeeze your biceps. Inhale and slowly lower the barbell back to the starting position. Repeat for the desired number of repetitions.",images/0081-4LIG9xr.jpg,videos/0081-4LIG9xr.gif,videos/0081-4LIG9xr.gif,true,false
0082,barbell reverse wrist curl,exercisedb,0082,lower arms,lower arms,biceps,barbell,,"Sit on a bench with your feet flat on the ground and hold a barbell with an overhand grip, palms facing down. Rest your forearms on your thighs, allowing your wrists to hang off the edge. Slowly curl your wrists upward, bringing the barbell towards your body. Pause for a moment at the top, then slowly lower the barbell back down to the starting position. Repeat for the desired number of repetitions.",images/0082-LsZkfU6.jpg,videos/0082-LsZkfU6.gif,videos/0082-LsZkfU6.gif,true,false
0084,barbell rollerout,exercisedb,0084,waist,waist,lower back,barbell,,"Kneel on the floor and hold a barbell with both hands, shoulder-width apart. Roll the barbell forward, extending your arms and keeping your core engaged. Continue rolling forward until your body is fully extended and your arms are overhead. Pause for a moment, then slowly roll the barbell back towards your knees, maintaining control. Repeat for the desired number of repetitions.",images/0084-7M66AVi.jpg,videos/0084-7M66AVi.gif,videos/0084-7M66AVi.gif,true,false
0083,barbell rollerout from bench,exercisedb,0083,waist,waist,shoulders,barbell,,"Start by kneeling on the floor with a barbell placed on a bench in front of you. Grasp the barbell with an overhand grip, slightly wider than shoulder-width apart. Keeping your core engaged and your back straight, slowly roll the barbell forward, extending your arms in front of you. Continue rolling the barbell forward until your body is fully extended and your arms are overhead. Pause for a moment at the fully extended position, then slowly roll the barbell back towards your body, returning to the starting position. Repeat for the desired number of repetitions.",images/0083-Gxg9lDc.jpg,videos/0083-Gxg9lDc.gif,videos/0083-Gxg9lDc.gif,true,false
0085,barbell romanian deadlift,exercisedb,0085,upper legs,upper legs,hamstrings,barbell,,"Stand with your feet shoulder-width apart and your toes pointing forward. Hold the barbell with an overhand grip, hands slightly wider than shoulder-width apart. Bend at the hips, keeping your back straight and your knees slightly bent. Lower the barbell towards the ground, keeping it close to your body. Feel the stretch in your hamstrings as you lower the barbell. Once you feel a stretch in your hamstrings, push your hips forward and stand up straight. Squeeze your glutes at the top of the movement. Lower the barbell back down to the starting position and repeat for the desired number of repetitions.",images/0085-wQ2c4XD.jpg,videos/0085-wQ2c4XD.gif,videos/0085-wQ2c4XD.gif,true,false
0086,barbell seated behind head military press,exercisedb,0086,shoulders,shoulders,triceps,barbell,,"Sit on a bench with your back straight and feet flat on the ground. Hold the barbell with an overhand grip, slightly wider than shoulder-width apart. Lift the barbell off the rack and bring it down to shoulder level, behind your head. Press the barbell upward until your arms are fully extended. Lower the barbell back down to the starting position. Repeat for the desired number of repetitions.",images/0086-ngPpyRS.jpg,videos/0086-ngPpyRS.gif,videos/0086-ngPpyRS.gif,true,false
0087,barbell seated bradford rocky press,exercisedb,0087,shoulders,shoulders,triceps,barbell,,"Sit on a bench with your back straight and feet flat on the ground. Hold the barbell with an overhand grip, slightly wider than shoulder-width apart. Lift the barbell to shoulder height, keeping your elbows slightly bent and pointing forward. Press the barbell overhead, fully extending your arms. Lower the barbell back to shoulder height and repeat for the desired number of repetitions.",images/0087-0dCyly0.jpg,videos/0087-0dCyly0.gif,videos/0087-0dCyly0.gif,true,false
0088,barbell seated calf raise,exercisedb,0088,lower legs,lower legs,hamstrings,barbell,,"Sit on a bench with your feet flat on the floor and a barbell resting on your thighs. Place the balls of your feet on a raised platform, such as a block or step. Position the barbell across your thighs and hold it securely with your hands. Keeping your back straight and your core engaged, lift your heels off the ground by extending your ankles. Pause for a moment at the top, then slowly lower your heels back down to the starting position. Repeat for the desired number of repetitions.",images/0088-ktsFQAZ.jpg,videos/0088-ktsFQAZ.gif,videos/0088-ktsFQAZ.gif,true,false
1371,barbell seated calf raise,exercisedb,1371,lower legs,lower legs,hamstrings,barbell,,"Sit on a bench with your feet flat on the floor and a barbell resting on your thighs. Place the balls of your feet on a raised platform, such as a block or step. Lower your heels as far as possible, feeling a stretch in your calves. Raise your heels as high as possible, contracting your calves. Repeat for the desired number of repetitions.",images/1371-ipvgBnC.jpg,videos/1371-ipvgBnC.gif,videos/1371-ipvgBnC.gif,true,false
1718,barbell seated close grip behind neck triceps extension,exercisedb,1718,upper arms,upper arms,shoulders,barbell,,"Sit on a bench with your back straight and feet flat on the ground. Hold the barbell with a close grip behind your neck, palms facing forward. Keep your elbows close to your head and slowly lower the barbell towards the back of your head. Pause for a moment, then extend your arms back up to the starting position. Repeat for the desired number of repetitions.",images/1718-4CBIBOM.jpg,videos/1718-4CBIBOM.gif,videos/1718-4CBIBOM.gif,true,false
0089,barbell seated close-grip concentration curl,exercisedb,0089,upper arms,upper arms,forearms,barbell,,"Sit on a bench with your feet flat on the floor and hold a barbell with an underhand grip, hands shoulder-width apart. Rest your upper arms against your inner thighs, just above your knees, and let the barbell hang down in front of you. Keeping your upper arms stationary, exhale and curl the barbell up towards your shoulders, contracting your biceps. Hold the contracted position for a brief pause, then inhale and slowly lower the barbell back down to the starting position. Repeat for the desired number of repetitions.",images/0089-1V1gj1u.jpg,videos/0089-1V1gj1u.gif,videos/0089-1V1gj1u.gif,true,false
0090,barbell seated good morning,exercisedb,0090,upper legs,upper legs,hamstrings,barbell,,"Sit on a bench with your feet flat on the ground and a barbell resting on your upper back. Keep your back straight and your chest up. Slowly hinge forward at the hips, lowering your torso towards the ground. Pause for a moment at the bottom, then push through your heels to return to the starting position. Repeat for the desired number of repetitions.",images/0090-d960PgE.jpg,videos/0090-d960PgE.gif,videos/0090-d960PgE.gif,true,false
0091,barbell seated overhead press,exercisedb,0091,shoulders,shoulders,triceps,barbell,,"Sit on a bench with your back straight and feet flat on the ground. Hold the barbell with an overhand grip, slightly wider than shoulder-width apart. Lift the barbell off the rack and bring it to shoulder level, with your elbows bent and palms facing forward. Press the barbell overhead by extending your arms fully. Pause for a moment at the top, then slowly lower the barbell back to shoulder level. Repeat for the desired number of repetitions.",images/0091-kTbSH9h.jpg,videos/0091-kTbSH9h.gif,videos/0091-kTbSH9h.gif,true,false
0092,barbell seated overhead triceps extension,exercisedb,0092,upper arms,upper arms,shoulders,barbell,,"Sit on a bench with your back straight and feet flat on the ground. Hold a barbell with an overhand grip, hands shoulder-width apart, and raise it overhead. Lower the barbell behind your head by bending your elbows, keeping your upper arms close to your head. Pause for a moment, then extend your arms to raise the barbell back to the starting position. Repeat for the desired number of repetitions.",images/0092-5uFK1xr.jpg,videos/0092-5uFK1xr.gif,videos/0092-5uFK1xr.gif,true,false
0094,barbell seated twist,exercisedb,0094,waist,waist,obliques,barbell,,"Sit on a flat bench with your feet flat on the ground and your knees bent. Hold a barbell with both hands in front of your chest, keeping your elbows slightly bent. Engage your core and slowly twist your torso to one side, keeping your back straight. Pause for a moment at the end of the twist, then slowly rotate back to the starting position. Repeat the twist to the other side. Continue alternating sides for the desired number of repetitions.",images/0094-dFSNDOA.jpg,videos/0094-dFSNDOA.gif,videos/0094-dFSNDOA.gif,true,false
0095,barbell shrug,exercisedb,0095,back,back,shoulders,barbell,,"Stand with your feet shoulder-width apart and hold a barbell in front of you with an overhand grip. Keep your arms straight and your back straight throughout the exercise. Lift your shoulders up towards your ears as high as possible, squeezing your traps at the top. Hold for a moment, then slowly lower your shoulders back down to the starting position. Repeat for the desired number of repetitions.",images/0095-dG7tG5y.jpg,videos/0095-dG7tG5y.gif,videos/0095-dG7tG5y.gif,true,false
0096,barbell side bent v. 2,exercisedb,0096,waist,waist,obliques,barbell,,"Stand with your feet shoulder-width apart and hold a barbell with both hands, palms facing down. Keep your back straight and core engaged throughout the exercise. Slowly bend your torso to the right side, lowering the barbell towards your right knee. Pause for a moment, then return to the starting position. Repeat the movement on the left side. Continue alternating sides for the desired number of repetitions.",images/0096-i4JkUaL.jpg,videos/0096-i4JkUaL.gif,videos/0096-i4JkUaL.gif,true,false
0098,barbell side split squat,exercisedb,0098,upper legs,upper legs,glutes,barbell,,"Stand with your feet wider than shoulder-width apart, toes pointing slightly outward. Hold a barbell across your upper back, resting it on your traps. Engage your core and keep your chest up as you lower your body down into a squat position, bending at the knees and hips. As you lower, push your knees out to the sides and keep your weight on your heels. Lower until your thighs are parallel to the ground, then push through your heels to return to the starting position. Repeat for the desired number of repetitions.",images/0098-W31mMjd.jpg,videos/0098-W31mMjd.gif,videos/0098-W31mMjd.gif,true,false
0097,barbell side split squat v. 2,exercisedb,0097,upper legs,upper legs,glutes,barbell,,"Stand with your feet wider than shoulder-width apart, toes pointing slightly outwards. Hold a barbell across your upper back, resting it on your shoulders. Take a big step to the side with your right foot, keeping your left foot planted. Bend your right knee and lower your body down into a squat position, keeping your chest up and your back straight. Push through your right heel to return to the starting position. Repeat on the other side, stepping out with your left foot. Continue alternating sides for the desired number of repetitions.",images/0097-HUEqZ1y.jpg,videos/0097-HUEqZ1y.gif,videos/0097-HUEqZ1y.gif,true,false
1756,barbell single leg deadlift,exercisedb,1756,upper legs,upper legs,hamstrings,barbell,,"Stand with your feet hip-width apart, holding a barbell in front of your thighs with an overhand grip. Shift your weight onto your left foot and lift your right foot slightly off the ground. Hinge forward at the hips, keeping your back straight and your right leg extended behind you for balance. Lower the barbell towards the ground, keeping it close to your body and your left leg slightly bent. Pause for a moment at the bottom, then engage your glutes and hamstrings to lift your torso back up to the starting position. Repeat for the desired number of repetitions, then switch sides.",images/1756-gEyURal.jpg,videos/1756-gEyURal.gif,videos/1756-gEyURal.gif,true,false
0099,barbell single leg split squat,exercisedb,0099,upper legs,upper legs,glutes,barbell,,"Stand with your feet shoulder-width apart, holding a barbell across your upper back. Take a large step forward with one leg, keeping your torso upright. Lower your body by bending your front knee and hip, while keeping your back leg straight. Continue lowering until your front thigh is parallel to the ground. Pause for a moment, then push through your front heel to return to the starting position. Repeat for the desired number of repetitions, then switch legs.",images/0099-gGNQmVt.jpg,videos/0099-gGNQmVt.gif,videos/0099-gGNQmVt.gif,true,false
2799,barbell sitted alternate leg raise,exercisedb,2799,waist,waist,hip flexors,barbell,,"Sit on a bench with your back straight and hold a barbell across your thighs. Keeping your legs straight, lift one leg up as high as possible while keeping the other leg on the ground. Lower the raised leg back down and repeat with the other leg. Continue alternating legs for the desired number of repetitions.",images/2799-G7xoEzr.jpg,videos/2799-G7xoEzr.gif,videos/2799-G7xoEzr.gif,true,false
2800,barbell sitted alternate leg raise (female),exercisedb,2800,waist,waist,hip flexors,barbell,,"Sit on a bench with your back straight and hold a barbell across your thighs. Place your hands on the sides of the bench for support. Keeping your legs straight, lift one leg up as high as possible while keeping it parallel to the ground. Lower the leg back down and repeat with the other leg. Continue alternating legs for the desired number of repetitions.",images/2800-BCs0G2F.jpg,videos/2800-BCs0G2F.gif,videos/2800-BCs0G2F.gif,true,false
0100,barbell skier,exercisedb,0100,shoulders,shoulders,triceps,barbell,,"Stand with your feet shoulder-width apart and hold a barbell in front of your thighs with an overhand grip. Bend your knees slightly and hinge forward at the hips, keeping your back straight and chest up. Simultaneously lift the barbell up towards your shoulders while jumping slightly off the ground. As you reach the top of the movement, quickly reverse the motion and lower the barbell back down to the starting position. Repeat for the desired number of repetitions.",images/0100-4Leypho.jpg,videos/0100-4Leypho.gif,videos/0100-4Leypho.gif,true,false
0101,barbell speed squat,exercisedb,0101,upper legs,upper legs,quadriceps,barbell,,"Stand with your feet shoulder-width apart, toes slightly turned out. Hold the barbell across your upper back, resting it on your traps or rear delts. Engage your core and keep your chest up as you lower your hips back and down, as if sitting into a chair. Lower until your thighs are parallel to the ground, or as low as you can comfortably go. Drive through your heels to stand back up, squeezing your glutes at the top. Repeat for the desired number of repetitions.",images/0101-euI1BwR.jpg,videos/0101-euI1BwR.gif,videos/0101-euI1BwR.gif,true,false
2810,barbell split squat v. 2,exercisedb,2810,upper legs,upper legs,glutes,barbell,,"Start by standing with your feet shoulder-width apart, holding a barbell across your upper back. Take a large step forward with your right foot, keeping your torso upright. Lower your body by bending your knees and hips until your right thigh is parallel to the ground. Pause for a moment, then push through your right heel to return to the starting position. Repeat with your left leg forward for the desired number of repetitions.",images/2810-HBYyX94.jpg,videos/2810-HBYyX94.gif,videos/2810-HBYyX94.gif,true,false
0102,barbell squat (on knees),exercisedb,0102,upper legs,upper legs,glutes,barbell,,"Start by kneeling on the ground with your knees hip-width apart and your toes pointing forward. Place a barbell across your shoulders, gripping it with an overhand grip and your hands slightly wider than shoulder-width apart. Engage your core and keep your chest lifted as you slowly lower your body down by bending your knees, keeping your back straight. Continue lowering until your thighs are parallel to the ground, or as low as you can comfortably go. Pause for a moment at the bottom, then push through your heels to return to the starting position. Repeat for the desired number of repetitions.",images/0102-oR7O9LW.jpg,videos/0102-oR7O9LW.gif,videos/0102-oR7O9LW.gif,true,false
2798,barbell squat jump step rear lunge,exercisedb,2798,upper legs,upper legs,glutes,barbell,,"Start by standing with your feet shoulder-width apart, holding a barbell across your upper back. Lower your body into a squat position by bending your knees and pushing your hips back. Explode upwards, jumping off the ground as high as you can. Land softly on your feet and immediately step back with one leg into a reverse lunge. Lower your body down until your front thigh is parallel to the ground, keeping your back straight. Push through your front heel to return to the starting position. Repeat the jump and lunge sequence on the other leg. Continue alternating legs for the desired number of repetitions.",images/2798-RYcV1kH.jpg,videos/2798-RYcV1kH.gif,videos/2798-RYcV1kH.gif,true,false
0103,barbell standing ab rollerout,exercisedb,0103,waist,waist,shoulders,barbell,,"Stand upright with your feet shoulder-width apart and hold the barbell with both hands in front of your thighs. Engage your core and slowly roll the barbell down towards the ground, keeping your back straight and your arms extended. Continue rolling the barbell forward until your body is fully extended and your hands are directly above your head. Pause for a moment, then slowly roll the barbell back towards your thighs, maintaining control and keeping your core engaged. Repeat for the desired number of repetitions.",images/0103-xnInPfE.jpg,videos/0103-xnInPfE.gif,videos/0103-xnInPfE.gif,true,false
0104,barbell standing back wrist curl,exercisedb,0104,lower arms,lower arms,biceps,barbell,,"Stand up straight with your feet shoulder-width apart and hold a barbell with an overhand grip. Rest the barbell on the back of your hands with your palms facing down and your fingers pointing towards your body. Keeping your upper arms stationary, exhale and curl your wrists upwards as far as possible. Hold the contracted position for a brief pause, then inhale and slowly lower the barbell back to the starting position. Repeat for the desired number of repetitions.",images/0104-2qTvJAZ.jpg,videos/0104-2qTvJAZ.gif,videos/0104-2qTvJAZ.gif,true,false
0105,barbell standing bradford press,exercisedb,0105,shoulders,shoulders,triceps,barbell,,"Stand with your feet shoulder-width apart and hold the barbell in front of your shoulders with an overhand grip. Press the barbell overhead, fully extending your arms. Lower the barbell back down to the starting position. Repeat for the desired number of repetitions.",images/0105-dCPESfR.jpg,videos/0105-dCPESfR.gif,videos/0105-dCPESfR.gif,true,false
1372,barbell standing calf raise,exercisedb,1372,lower legs,lower legs,hamstrings,barbell,,"Stand with your feet shoulder-width apart and place a barbell across your upper back. Raise your heels off the ground as high as possible, using only your toes. Pause for a moment at the top, then slowly lower your heels back down to the starting position. Repeat for the desired number of repetitions.",images/1372-8ozhUIZ.jpg,videos/1372-8ozhUIZ.gif,videos/1372-8ozhUIZ.gif,true,false
0106,barbell standing close grip curl,exercisedb,0106,upper arms,upper arms,forearms,barbell,,"Stand up straight with your feet shoulder-width apart and hold a barbell with an underhand grip, hands close together. Keep your elbows close to your torso and your upper arms stationary throughout the movement. Exhale as you curl the weights while contracting your biceps. Continue to raise the bar until your biceps are fully contracted and the bar is at shoulder level. Hold the contracted position for a brief pause as you squeeze your biceps. Inhale as you slowly begin to bring the barbell back to the starting position. Repeat for the desired number of repetitions.",images/0106-4dUn2iv.jpg,videos/0106-4dUn2iv.gif,videos/0106-4dUn2iv.gif,true,false
1456,barbell standing close grip military press,exercisedb,1456,shoulders,shoulders,triceps,barbell,,"Stand with your feet shoulder-width apart and hold the barbell with an overhand grip, hands slightly closer than shoulder-width apart. Lift the barbell to shoulder height, keeping your elbows close to your body. Press the barbell overhead, extending your arms fully. Lower the barbell back to shoulder height. Repeat for the desired number of repetitions.",images/1456-wdRZISl.jpg,videos/1456-wdRZISl.gif,videos/1456-wdRZISl.gif,true,false
2414,barbell standing concentration curl,exercisedb,2414,upper arms,upper arms,forearms,barbell,,"Stand with your feet shoulder-width apart and hold a barbell in one hand, palm facing up. Rest your opposite hand on your thigh for support. Keeping your upper arm stationary, exhale and curl the weight up towards your shoulder. Pause for a moment at the top, squeezing your biceps. Inhale and slowly lower the weight back down to the starting position. Repeat for the desired number of repetitions, then switch arms.",images/2414-vsMcDi9.jpg,videos/2414-vsMcDi9.gif,videos/2414-vsMcDi9.gif,true,false
0107,barbell standing front raise over head,exercisedb,0107,shoulders,shoulders,triceps,barbell,,"Stand with your feet shoulder-width apart, holding a barbell in front of your thighs with an overhand grip. Keep your back straight and engage your core. Slowly raise the barbell in front of you, keeping your arms straight and your palms facing down. Continue lifting until the barbell is slightly above shoulder level. Pause for a moment at the top, then slowly lower the barbell back down to the starting position. Repeat for the desired number of repetitions.",images/0107-S8mo30S.jpg,videos/0107-S8mo30S.gif,videos/0107-S8mo30S.gif,true,false
0108,barbell standing leg calf raise,exercisedb,0108,lower legs,lower legs,hamstrings,barbell,,"Stand with your feet shoulder-width apart and place a barbell across your upper back. Raise your heels off the ground as high as possible, using your calves. Pause for a moment at the top, then slowly lower your heels back down to the starting position. Repeat for the desired number of repetitions.",images/0108-rGwhJ5o.jpg,videos/0108-rGwhJ5o.gif,videos/0108-rGwhJ5o.gif,true,false
0109,barbell standing overhead triceps extension,exercisedb,0109,upper arms,upper arms,shoulders,barbell,,"Stand with your feet shoulder-width apart and hold a barbell with an overhand grip. Raise the barbell overhead, fully extending your arms. Keeping your upper arms close to your head, slowly lower the barbell behind your head by bending your elbows. Pause for a moment, then raise the barbell back to the starting position by extending your arms. Repeat for the desired number of repetitions.",images/0109-dZl9Q27.jpg,videos/0109-dZl9Q27.gif,videos/0109-dZl9Q27.gif,true,false
0110,barbell standing reverse grip curl,exercisedb,0110,upper arms,upper arms,forearms,barbell,,"Stand up straight with your feet shoulder-width apart and hold a barbell with an underhand grip, palms facing up. Keep your elbows close to your torso and your upper arms stationary. Exhale and curl the weights while contracting your biceps, bringing the barbell as close to your shoulders as possible. Hold the contracted position for a brief pause as you squeeze your biceps. Inhale and slowly lower the barbell back to the starting position. Repeat for the desired number of repetitions.",images/0110-LWuA3aZ.jpg,videos/0110-LWuA3aZ.gif,videos/0110-LWuA3aZ.gif,true,false
0111,barbell standing rocking leg calf raise,exercisedb,0111,lower legs,lower legs,hamstrings,barbell,,"Stand with your feet shoulder-width apart and hold a barbell across your upper back. Raise your heels off the ground as high as possible, balancing on the balls of your feet. Slowly lower your heels back down to the starting position. Repeat for the desired number of repetitions.",images/0111-6HiHHe0.jpg,videos/0111-6HiHHe0.gif,videos/0111-6HiHHe0.gif,true,false
0112,barbell standing twist,exercisedb,0112,waist,waist,obliques,barbell,,"Stand with your feet shoulder-width apart and hold a barbell in front of your chest with both hands, palms facing down. Engage your core and keep your back straight throughout the exercise. Slowly twist your torso to the right, pivoting on your feet and hips, while keeping your lower body stable. Pause for a moment at the end of the twist, then slowly return to the starting position. Repeat the twist to the left side. Continue alternating twists for the desired number of repetitions.",images/0112-yQe5HpE.jpg,videos/0112-yQe5HpE.gif,videos/0112-yQe5HpE.gif,true,false
1629,barbell standing wide grip biceps curl,exercisedb,1629,upper arms,upper arms,forearms,barbell,,"Stand with your feet shoulder-width apart and hold a barbell with an underhand grip, hands wider than shoulder-width apart. Keep your back straight and your elbows close to your torso. Exhale and curl the barbell up towards your shoulders, keeping your upper arms stationary. Pause for a moment at the top, squeezing your biceps. Inhale and slowly lower the barbell back to the starting position, fully extending your arms. Repeat for the desired number of repetitions.",images/1629-faHKVkK.jpg,videos/1629-faHKVkK.gif,videos/1629-faHKVkK.gif,true,false
1457,barbell standing wide military press,exercisedb,1457,shoulders,shoulders,triceps,barbell,,"Stand with your feet shoulder-width apart and hold the barbell with an overhand grip, slightly wider than shoulder-width. Lift the barbell to shoulder height, keeping your elbows slightly in front of the bar. Press the barbell overhead, extending your arms fully. Lower the barbell back to shoulder height and repeat for the desired number of repetitions.",images/1457-Kyd9Rz5.jpg,videos/1457-Kyd9Rz5.gif,videos/1457-Kyd9Rz5.gif,true,false
0113,barbell standing wide-grip curl,exercisedb,0113,upper arms,upper arms,forearms,barbell,,"Stand up straight with your feet shoulder-width apart and hold a barbell with an overhand grip, hands wider than shoulder-width apart. Let the barbell hang at arm's length in front of your thighs, with your palms facing away from your body. Keeping your upper arms stationary, exhale and curl the barbell upward by contracting your biceps. Continue to raise the barbell until your biceps are fully contracted and the barbell is at shoulder level. Hold the contracted position for a brief pause as you squeeze your biceps. Inhale and slowly begin to lower the barbell back to the starting position. Repeat for the desired number of repetitions.",images/0113-NdIb5Z1.jpg,videos/0113-NdIb5Z1.gif,videos/0113-NdIb5Z1.gif,true,false
0114,barbell step-up,exercisedb,0114,upper legs,upper legs,quadriceps,barbell,,"Stand in front of a bench or step with a barbell resting on your upper back. Place one foot on the bench or step, ensuring your entire foot is in contact with the surface. Push through your heel and step up onto the bench or step, fully extending your hip and knee. Pause briefly at the top, then lower yourself back down to the starting position. Repeat with the opposite leg. Continue alternating legs for the desired number of repetitions.",images/0114-Kxquu2E.jpg,videos/0114-Kxquu2E.gif,videos/0114-Kxquu2E.gif,true,false
0115,barbell stiff leg good morning,exercisedb,0115,upper legs,upper legs,hamstrings,barbell,,"Stand with your feet shoulder-width apart and your knees slightly bent. Hold the barbell across your upper back, resting it on your traps. Keeping your back straight, hinge forward at the hips, pushing your glutes back. Lower your torso until it is parallel to the ground, feeling a stretch in your hamstrings. Engage your glutes and hamstrings to return to the starting position. Repeat for the desired number of repetitions.",images/0115-JrOHAZc.jpg,videos/0115-JrOHAZc.gif,videos/0115-JrOHAZc.gif,true,false
0116,barbell straight leg deadlift,exercisedb,0116,upper legs,upper legs,glutes,barbell,,"Stand with your feet shoulder-width apart and your toes pointing forward. Hold the barbell with an overhand grip, hands slightly wider than shoulder-width apart. Bend at your hips and lower the barbell towards the ground, keeping your back straight and your knees slightly bent. Lower the barbell until you feel a stretch in your hamstrings. Engage your hamstrings and glutes to lift the barbell back up to the starting position. Repeat for the desired number of repetitions.",images/0116-hrVQWvE.jpg,videos/0116-hrVQWvE.gif,videos/0116-hrVQWvE.gif,true,false
0117,barbell sumo deadlift,exercisedb,0117,upper legs,upper legs,hamstrings,barbell,,"Stand with your feet wider than shoulder-width apart, toes pointing outwards. Place a barbell on the ground in front of you, centered between your feet. Bend your knees and lower your hips, keeping your back straight and chest up, to grip the barbell with an overhand grip. Engage your core and drive through your heels to lift the barbell off the ground, extending your hips and knees simultaneously. As you lift, keep your chest up and back straight, and push your hips forward to fully engage your glutes. Pause for a moment at the top, then slowly lower the barbell back down to the starting position, maintaining control throughout the movement. Repeat for the desired number of repetitions.",images/0117-KgI0tqW.jpg,videos/0117-KgI0tqW.gif,videos/0117-KgI0tqW.gif,true,false
3305,barbell thruster,exercisedb,3305,shoulders,shoulders,quadriceps,barbell,,"Start by standing with your feet shoulder-width apart, holding a barbell at shoulder height with an overhand grip. Lower into a squat position by bending your knees and pushing your hips back. As you reach the bottom of the squat, explosively drive through your heels to stand up, simultaneously pressing the barbell overhead. Lower the barbell back to shoulder height as you lower back into the squat position. Repeat for the desired number of repetitions.",images/3305-f7Y9eDZ.jpg,videos/3305-f7Y9eDZ.gif,videos/3305-f7Y9eDZ.gif,true,false
0120,barbell upright row,exercisedb,0120,shoulders,shoulders,traps,barbell,,"Stand with your feet shoulder-width apart and hold a barbell with an overhand grip, hands slightly wider than shoulder-width apart. Let the barbell hang in front of your thighs, arms fully extended. Keeping your back straight and core engaged, exhale and lift the barbell straight up towards your chin, leading with your elbows. Pause for a moment at the top, then inhale and slowly lower the barbell back down to the starting position. Repeat for the desired number of repetitions.",images/0120-UDlhcO8.jpg,videos/0120-UDlhcO8.gif,videos/0120-UDlhcO8.gif,true,false
0119,barbell upright row v. 2,exercisedb,0119,shoulders,shoulders,traps,barbell,,"Stand with your feet shoulder-width apart and hold a barbell with an overhand grip, hands slightly wider than shoulder-width apart. Let the barbell hang in front of your thighs, arms fully extended. Keeping your back straight, exhale and lift the barbell straight up towards your chin, leading with your elbows. Pause for a moment at the top, then inhale and slowly lower the barbell back down to the starting position. Repeat for the desired number of repetitions.",images/0119-83HoW9X.jpg,videos/0119-83HoW9X.gif,videos/0119-83HoW9X.gif,true,false
0121,barbell upright row v. 3,exercisedb,0121,shoulders,shoulders,traps,barbell,,"Stand with your feet shoulder-width apart and hold a barbell with an overhand grip, hands slightly wider than shoulder-width apart. Let the barbell hang in front of your thighs, arms fully extended. Keeping your core engaged and back straight, exhale as you lift the barbell straight up towards your chin, leading with your elbows. Pause for a moment at the top, then inhale as you slowly lower the barbell back down to the starting position. Repeat for the desired number of repetitions.",images/0121-fI18Rbc.jpg,videos/0121-fI18Rbc.gif,videos/0121-fI18Rbc.gif,true,false
0122,barbell wide bench press,exercisedb,0122,chest,chest,shoulders,barbell,,"Lie flat on a bench with your feet flat on the ground and your back pressed against the bench. Grasp the barbell with a wide grip, slightly wider than shoulder-width apart. Lift the barbell off the rack and hold it directly above your chest with your arms fully extended. Lower the barbell slowly towards your chest, keeping your elbows slightly flared out. Pause for a moment when the barbell touches your chest, then push it back up to the starting position. Repeat for the desired number of repetitions.",images/0122-JsKq9so.jpg,videos/0122-JsKq9so.gif,videos/0122-JsKq9so.gif,true,false
1258,barbell wide reverse grip bench press,exercisedb,1258,chest,chest,triceps,barbell,,"Lie flat on a bench with your feet flat on the ground and your back pressed against the bench. Grasp the barbell with a wide reverse grip, slightly wider than shoulder-width apart. Lift the barbell off the rack and hold it directly above your chest with your arms fully extended. Lower the barbell slowly towards your chest, keeping your elbows tucked in and your wrists straight. Pause for a moment when the barbell touches your chest, then push it back up to the starting position. Repeat for the desired number of repetitions.",images/1258-945zpRg.jpg,videos/1258-945zpRg.gif,videos/1258-945zpRg.gif,true,false
0124,barbell wide squat,exercisedb,0124,upper legs,upper legs,glutes,barbell,,"Stand with your feet wider than shoulder-width apart, toes pointing slightly outward. Hold the barbell across your upper back, resting it on your traps or rear delts. Engage your core and keep your chest up as you lower your body down into a squat, pushing your hips back and bending your knees. Lower until your thighs are parallel to the ground, or as low as you can comfortably go. Pause for a moment at the bottom, then push through your heels to return to the starting position. Repeat for the desired number of repetitions.",images/0124-s7HX1BY.jpg,videos/0124-s7HX1BY.gif,videos/0124-s7HX1BY.gif,true,false
0123,barbell wide-grip upright row,exercisedb,0123,shoulders,shoulders,traps,barbell,,"Stand with your feet shoulder-width apart and hold a barbell with an overhand grip, hands wider than shoulder-width apart. Let the barbell hang in front of your thighs, arms fully extended. Keeping your back straight, exhale and lift the barbell straight up towards your chin, leading with your elbows. Pause for a moment at the top, then inhale and slowly lower the barbell back down to the starting position. Repeat for the desired number of repetitions.",images/0123-RgJDRR1.jpg,videos/0123-RgJDRR1.gif,videos/0123-RgJDRR1.gif,true,false
0126,barbell wrist curl,exercisedb,0126,lower arms,lower arms,biceps,barbell,,"Sit on a bench with your feet flat on the ground and your forearms resting on your thighs, holding a barbell with an underhand grip. Allow the barbell to roll down to your fingertips, keeping your wrists straight. Slowly curl the barbell up towards your forearms by flexing your wrists. Pause for a moment at the top, then slowly lower the barbell back down to the starting position. Repeat for the desired number of repetitions.",images/0126-82LxxkW.jpg,videos/0126-82LxxkW.gif,videos/0126-82LxxkW.gif,true,false
0125,barbell wrist curl v. 2,exercisedb,0125,lower arms,lower arms,biceps,barbell,,"Sit on a bench with your feet flat on the ground and your knees bent. Hold a barbell with an underhand grip, palms facing up, and your hands shoulder-width apart. Rest your forearms on your thighs, allowing your wrists to hang off the edge. Slowly curl your wrists upward, bringing the barbell towards your forearms. Pause for a moment at the top, then slowly lower the barbell back down to the starting position. Repeat for the desired number of repetitions.",images/0125-6kSxYnw.jpg,videos/0125-6kSxYnw.gif,videos/0125-6kSxYnw.gif,true,false
0127,barbell zercher squat,exercisedb,0127,upper legs,upper legs,quadriceps,barbell,,"Stand with your feet shoulder-width apart and toes slightly turned out. Hold the barbell in the crooks of your elbows, with your hands gripping the bar for stability. Engage your core and keep your chest lifted as you lower your hips back and down into a squat position. Keep your knees in line with your toes and your weight in your heels. Pause for a moment at the bottom of the squat, then push through your heels to return to the starting position. Repeat for the desired number of repetitions.",images/0127-LSTChY9.jpg,videos/0127-LSTChY9.gif,videos/0127-LSTChY9.gif,true,false
3212,basic toe touch (male),exercisedb,3212,upper legs,upper legs,hamstrings,body weight,,"Stand with your feet shoulder-width apart and your arms by your sides. Bend forward at the waist, keeping your back straight and your knees slightly bent. Reach down towards your toes with your hands, keeping your legs as straight as possible. Pause for a moment at the bottom, then slowly return to the starting position. Repeat for the desired number of repetitions.",images/3212-BbfB8Gb.jpg,videos/3212-BbfB8Gb.gif,videos/3212-BbfB8Gb.gif,true,false
0128,battling ropes,exercisedb,0128,shoulders,shoulders,forearms,rope,,"Stand with your feet shoulder-width apart and knees slightly bent. Hold one end of the rope in each hand, with your palms facing each other. Raise your arms to shoulder height, keeping your elbows slightly bent. Begin making alternating waves with the ropes by rapidly raising and lowering each arm. Continue for the desired duration or number of repetitions.",images/0128-RJa4tCo.jpg,videos/0128-RJa4tCo.gif,videos/0128-RJa4tCo.gif,true,false
3360,bear crawl,exercisedb,3360,cardio,cardio,core,body weight,,"Start on all fours with your hands directly under your shoulders and your knees directly under your hips. Lift your knees slightly off the ground, keeping your back flat and your core engaged. Move your right hand and left foot forward simultaneously, followed by your left hand and right foot. Continue crawling forward, alternating your hand and foot movements. Maintain a steady pace and keep your core tight throughout the exercise. Continue for the desired distance or time.",images/3360-0Yz8WdV.jpg,videos/3360-0Yz8WdV.gif,videos/3360-0Yz8WdV.gif,true,false
1259,behind head chest stretch,exercisedb,1259,chest,chest,shoulders,assisted,,Stand tall with your feet shoulder-width apart. Interlace your fingers behind your head with your elbows pointing outwards. Slowly squeeze your shoulder blades together and push your chest forward. Hold the stretch for 15-30 seconds. Release the stretch and repeat as desired.,images/1259-QoHIhPl.jpg,videos/1259-QoHIhPl.gif,videos/1259-QoHIhPl.gif,true,false
0129,bench dip (knees bent),exercisedb,0129,upper arms,upper arms,chest,body weight,,"Sit on the edge of a bench or chair with your hands gripping the edge next to your hips. Slide your butt off the bench and straighten your legs in front of you, keeping your heels on the ground. Bend your elbows and lower your body towards the ground, keeping your back close to the bench. Pause for a moment at the bottom, then push yourself back up to the starting position. Repeat for the desired number of repetitions.",images/0129-RrLske5.jpg,videos/0129-RrLske5.gif,videos/0129-RrLske5.gif,true,false
1399,bench dip on floor,exercisedb,1399,upper arms,upper arms,chest,body weight,,"Sit on the edge of a bench or chair with your hands gripping the edge, fingers pointing forward. Slide your butt off the bench, supporting your weight with your hands. Lower your body by bending your elbows until your upper arms are parallel to the floor. Push yourself back up to the starting position by straightening your arms. Repeat for the desired number of repetitions.",images/1399-9RT8oQW.jpg,videos/1399-9RT8oQW.gif,videos/1399-9RT8oQW.gif,true,false
0130,bench hip extension,exercisedb,0130,upper legs,upper legs,hamstrings,body weight,,"Sit on a bench with your back against the bench and your feet flat on the ground. Place your hands on the bench for support. Engage your glutes and hamstrings, then lift your hips off the bench until your body forms a straight line from your knees to your shoulders. Pause for a moment at the top, then slowly lower your hips back down to the starting position. Repeat for the desired number of repetitions.",images/0130-u27Kcdz.jpg,videos/0130-u27Kcdz.gif,videos/0130-u27Kcdz.gif,true,false
3019,bench pull-ups,exercisedb,3019,back,back,biceps,body weight,,"Position yourself under a bar or a sturdy horizontal surface that is at chest height. Grab the bar or surface with an overhand grip, slightly wider than shoulder-width apart. Hang with your arms fully extended and your body straight. Pull your chest towards the bar or surface by squeezing your shoulder blades together and bending your elbows. Continue pulling until your chin is above the bar or surface. Lower yourself back down to the starting position with control. Repeat for the desired number of repetitions.",images/3019-mExgrF9.jpg,videos/3019-mExgrF9.gif,videos/3019-mExgrF9.gif,true,false
3639,bent knee lying twist (male),exercisedb,3639,upper legs,upper legs,obliques,body weight,,"Lie flat on your back with your knees bent and feet flat on the ground. Extend your arms out to the sides, perpendicular to your body. Keeping your knees together, slowly lower them to one side, aiming to touch the ground with your knees. Pause for a moment, then engage your core and slowly lift your knees back to the starting position. Repeat the movement to the other side. Continue alternating sides for the desired number of repetitions.",images/3639-6sYyrRX.jpg,videos/3639-6sYyrRX.gif,videos/3639-6sYyrRX.gif,true,false
1770,biceps leg concentration curl,exercisedb,1770,upper arms,upper arms,forearms,body weight,,"Sit on a bench with your legs spread apart and your feet flat on the ground. Hold a dumbbell in one hand and place your elbow on the inside of your thigh, just above the knee. With your palm facing up, curl the dumbbell towards your shoulder while keeping your upper arm stationary. Squeeze your biceps at the top of the movement, then slowly lower the dumbbell back to the starting position. Repeat for the desired number of repetitions, then switch arms.",images/1770-sJFIDIp.jpg,videos/1770-sJFIDIp.gif,videos/1770-sJFIDIp.gif,true,false
0139,biceps narrow pull-ups,exercisedb,0139,upper arms,upper arms,forearms,body weight,,"Hang from a pull-up bar with your palms facing towards you and your hands shoulder-width apart. Engage your core and pull yourself up towards the bar, focusing on using your biceps to lift your body. Pause for a moment at the top, then slowly lower yourself back down to the starting position. Repeat for the desired number of repetitions.",images/0139-50BETrz.jpg,videos/0139-50BETrz.gif,videos/0139-50BETrz.gif,true,false
0140,biceps pull-up,exercisedb,0140,upper arms,upper arms,forearms,body weight,,"Hang from a pull-up bar with your palms facing away from you and your hands shoulder-width apart. Engage your core and pull yourself up by bending your elbows, bringing your chest towards the bar. Pause at the top of the movement, then slowly lower yourself back down to the starting position. Repeat for the desired number of repetitions.",images/0140-guT8YnS.jpg,videos/0140-guT8YnS.gif,videos/0140-guT8YnS.gif,true,false
0137,body-up,exercisedb,0137,upper arms,upper arms,chest,body weight,,"Start by placing your hands on a raised surface, such as a bench or parallel bars, with your palms facing down and fingers pointing forward. Extend your legs out in front of you, keeping your heels on the ground and your body straight. Lower your body by bending your elbows, keeping them close to your sides, until your upper arms are parallel to the ground. Pause for a moment, then push through your palms to straighten your arms and lift your body back up to the starting position. Repeat for the desired number of repetitions.",images/0137-U6G2gk9.jpg,videos/0137-U6G2gk9.gif,videos/0137-U6G2gk9.gif,true,false
3543,bodyweight drop jump squat,exercisedb,3543,upper legs,upper legs,quadriceps,body weight,,"Stand with your feet shoulder-width apart. Lower your body into a squat position by bending your knees and pushing your hips back. Jump up explosively, extending your hips, knees, and ankles. While in mid-air, quickly bring your feet together. Land softly on the balls of your feet and immediately drop back into a squat position. Repeat for the desired number of repetitions.",images/3543-wfotm7S.jpg,videos/3543-wfotm7S.gif,videos/3543-wfotm7S.gif,true,false
3544,bodyweight incline side plank,exercisedb,3544,waist,waist,obliques,body weight,,"Start by lying on your side with your legs extended and stacked on top of each other. Place your forearm on the ground directly below your shoulder, with your elbow bent at a 90-degree angle. Engage your core and lift your hips off the ground, creating a straight line from your head to your feet. Hold this position for the desired amount of time. Lower your hips back down to the ground and repeat on the other side.",images/3544-5VXmnV5.jpg,videos/3544-5VXmnV5.gif,videos/3544-5VXmnV5.gif,true,false
1771,bodyweight kneeling triceps extension,exercisedb,1771,upper arms,upper arms,shoulders,body weight,,"Kneel down on the ground with your knees hip-width apart. Place your hands on the ground in front of you, shoulder-width apart, fingers pointing forward. Extend your legs straight behind you, balancing on your toes and hands, forming a straight line from head to heels. Bend your elbows and lower your upper body towards the ground, keeping your elbows close to your sides. Pause for a moment at the bottom, then push through your hands to straighten your arms and return to the starting position. Repeat for the desired number of repetitions.",images/1771-s0HKO2I.jpg,videos/1771-s0HKO2I.gif,videos/1771-s0HKO2I.gif,true,false
1769,bodyweight side lying biceps curl,exercisedb,1769,upper arms,upper arms,forearms,body weight,,"Lie on your side with your legs extended and your head supported by your arm. Hold your upper arm against your side and bend your elbow to curl your forearm towards your shoulder. Pause for a moment at the top, then slowly lower your forearm back down to the starting position. Repeat for the desired number of repetitions.",images/1769-gscGLOU.jpg,videos/1769-gscGLOU.gif,videos/1769-gscGLOU.gif,true,false
3168,bodyweight squatting row,exercisedb,3168,back,back,biceps,body weight,,"Stand with your feet shoulder-width apart, holding onto a sturdy object or suspension trainer with your arms extended. Lower your body into a squat position, keeping your back straight and your knees behind your toes. From the squat position, pull your body up towards the object or suspension trainer, squeezing your shoulder blades together. Pause for a moment at the top, then slowly lower your body back down to the starting position. Repeat for the desired number of repetitions.",images/3168-3xK09Sk.jpg,videos/3168-3xK09Sk.gif,videos/3168-3xK09Sk.gif,true,false
3167,bodyweight squatting row (with towel),exercisedb,3167,back,back,biceps,body weight,,"Stand with your feet shoulder-width apart, holding a towel in front of you with your palms facing down. Bend your knees and lower your body into a squat position, keeping your back straight and your chest up. As you lower into the squat, simultaneously pull the towel towards your chest, squeezing your shoulder blades together. Pause for a moment at the bottom of the squat, then slowly return to the starting position while extending your arms. Repeat for the desired number of repetitions.",images/3167-BReCuOn.jpg,videos/3167-BReCuOn.gif,videos/3167-BReCuOn.gif,true,false
1373,bodyweight standing calf raise,exercisedb,1373,lower legs,lower legs,ankles,body weight,,"Stand with your feet shoulder-width apart, toes pointing forward. Place your hands on a wall or stable surface for balance. Slowly raise your heels off the ground, lifting your body weight onto the balls of your feet. Pause for a moment at the top, then slowly lower your heels back down to the starting position. Repeat for the desired number of repetitions.",images/1373-bJYHBIN.jpg,videos/1373-bJYHBIN.gif,videos/1373-bJYHBIN.gif,true,false
3156,bodyweight standing close-grip one arm row,exercisedb,3156,back,back,biceps,body weight,,"Stand with your feet shoulder-width apart, knees slightly bent, and hold a dumbbell in one hand with a neutral grip. Bend forward at the hips, keeping your back straight and your core engaged. Pull the dumbbell up towards your chest, keeping your elbow close to your body and squeezing your shoulder blades together. Pause for a moment at the top, then slowly lower the dumbbell back down to the starting position. Repeat for the desired number of repetitions, then switch sides.",images/3156-v2DfH14.jpg,videos/3156-v2DfH14.gif,videos/3156-v2DfH14.gif,true,false
3158,bodyweight standing close-grip row,exercisedb,3158,back,back,biceps,body weight,,"Stand with your feet shoulder-width apart and knees slightly bent. Bend forward at the waist, keeping your back straight and your core engaged. Extend your arms straight in front of you, gripping the bar or handles with a close grip. Pull the bar or handles towards your body, squeezing your shoulder blades together. Pause for a moment at the top of the movement, then slowly release and return to the starting position. Repeat for the desired number of repetitions.",images/3158-tig3PXb.jpg,videos/3158-tig3PXb.gif,videos/3158-tig3PXb.gif,true,false
3162,bodyweight standing one arm row,exercisedb,3162,back,back,biceps,body weight,,"Stand with your feet shoulder-width apart, knees slightly bent, and hold a dumbbell in one hand. Bend forward at the hips, keeping your back straight and your core engaged. Let the dumbbell hang straight down in front of you, with your arm fully extended. Pull the dumbbell up towards your chest, keeping your elbow close to your body. Squeeze your shoulder blades together at the top of the movement. Lower the dumbbell back down to the starting position. Repeat for the desired number of repetitions, then switch sides.",images/3162-xbkPfaw.jpg,videos/3162-xbkPfaw.gif,videos/3162-xbkPfaw.gif,true,false
3161,bodyweight standing one arm row (with towel),exercisedb,3161,back,back,biceps,body weight,,"Stand with your feet shoulder-width apart, knees slightly bent, and hold a towel with one hand. Bend forward at the hips, keeping your back straight and your core engaged. Pull the towel towards your chest, squeezing your shoulder blades together. Pause for a moment at the top, then slowly lower the towel back to the starting position. Repeat for the desired number of repetitions, then switch to the other arm.",images/3161-O4oIqQD.jpg,videos/3161-O4oIqQD.gif,videos/3161-O4oIqQD.gif,true,false
3166,bodyweight standing row,exercisedb,3166,back,back,biceps,body weight,,"Stand with your feet shoulder-width apart and knees slightly bent. Grasp a bar or handles with an overhand grip, palms facing down. Keep your back straight and core engaged. Pull the bar or handles towards your body, squeezing your shoulder blades together. Pause for a moment at the top of the movement. Slowly release and extend your arms back to the starting position. Repeat for the desired number of repetitions.",images/3166-wd4ds3s.jpg,videos/3166-wd4ds3s.gif,videos/3166-wd4ds3s.gif,true,false
3165,bodyweight standing row (with towel),exercisedb,3165,back,back,biceps,body weight,,"Stand with your feet shoulder-width apart and hold a towel in front of you with both hands. Bend your knees slightly and hinge forward at the hips, keeping your back straight. Pull the towel towards your chest, squeezing your shoulder blades together. Pause for a moment at the top, then slowly release the tension and return to the starting position. Repeat for the desired number of repetitions.",images/3165-uTv34oq.jpg,videos/3165-uTv34oq.gif,videos/3165-uTv34oq.gif,true,false
0138,bottoms-up,exercisedb,0138,waist,waist,obliques,body weight,,"Lie flat on your back with your legs extended and your arms by your sides. Bend your knees and bring them towards your chest, keeping your feet off the ground. Engaging your abs, lift your hips off the ground, bringing your knees towards your head. Pause for a moment at the top, then slowly lower your hips back down to the starting position. Repeat for the desired number of repetitions.",images/0138-CI6baTY.jpg,videos/0138-CI6baTY.gif,videos/0138-CI6baTY.gif,true,false
1374,box jump down with one leg stabilization,exercisedb,1374,lower legs,lower legs,quadriceps,body weight,,"Stand in front of a box or platform with your feet shoulder-width apart. Bend your knees and jump onto the box, landing softly with one foot on the box and the other foot hanging off the edge. Stabilize yourself on the box with the foot that is on it, while keeping the other foot off the ground. Hold this position for a few seconds, engaging your calf muscles to maintain balance. Slowly step down with the foot that is on the box, returning to the starting position. Repeat the exercise with the other leg.",images/1374-iPm26QU.jpg,videos/1374-iPm26QU.gif,videos/1374-iPm26QU.gif,true,false
2466,bridge - mountain climber (cross body),exercisedb,2466,waist,waist,glutes,body weight,,"Start in a high plank position with your hands directly under your shoulders and your body in a straight line. Engage your core and lift your right foot off the ground, bringing your right knee towards your left elbow. Return your right foot to the starting position and repeat the movement with your left foot towards your right elbow. Continue alternating sides, moving at a controlled pace. Keep your hips level and avoid lifting your hips too high or sagging them too low. Maintain a steady breathing pattern throughout the exercise. Repeat for the desired number of repetitions.",images/2466-9c6T1YX.jpg,videos/2466-9c6T1YX.gif,videos/2466-9c6T1YX.gif,true,false
1160,burpee,exercisedb,1160,cardio,cardio,quadriceps,body weight,,"Start in a standing position with your feet shoulder-width apart. Lower your body into a squat position by bending your knees and placing your hands on the floor in front of you. Kick your feet back into a push-up position. Perform a push-up, keeping your body in a straight line. Jump your feet back into the squat position. Jump up explosively, reaching your arms overhead. Land softly and immediately lower back into a squat position to begin the next repetition.",images/1160-dK9394r.jpg,videos/1160-dK9394r.gif,videos/1160-dK9394r.gif,true,false
0870,butt-ups,exercisedb,0870,waist,waist,hip flexors,body weight,,"Lie flat on your back with your knees bent and feet flat on the ground. Place your hands by your sides, palms facing down. Engaging your abs, lift your legs off the ground, bringing your knees towards your chest. At the top of the movement, squeeze your abs and pause for a moment. Slowly lower your legs back down to the starting position. Repeat for the desired number of repetitions.",images/0870-qcNN2FN.jpg,videos/0870-qcNN2FN.gif,videos/0870-qcNN2FN.gif,true,false
1494,butterfly yoga pose,exercisedb,1494,upper legs,upper legs,hamstrings,body weight,,"Sit on the floor with your legs extended in front of you. Bend your knees and bring the soles of your feet together, allowing your knees to fall out to the sides. Hold onto your ankles or feet with your hands. Sit up tall and lengthen your spine. Gently press your knees down towards the floor, feeling a stretch in your inner thighs. Hold this position for a few breaths. To release, slowly bring your knees back up and extend your legs.",images/1494-bWlZvXh.jpg,videos/1494-bWlZvXh.gif,videos/1494-bWlZvXh.gif,true,false
0148,cable alternate shoulder press,exercisedb,0148,shoulders,shoulders,triceps,cable,,"Stand with your feet shoulder-width apart and grasp the handles of the cable machine with an overhand grip. Position your hands at shoulder height, with your palms facing forward. Keep your core engaged and your back straight. Press one handle up and forward until your arm is fully extended. Pause for a moment at the top, then slowly lower the handle back to the starting position. Repeat with the other arm. Alternate between arms for the desired number of repetitions.",images/0148-KHPZL0b.jpg,videos/0148-KHPZL0b.gif,videos/0148-KHPZL0b.gif,true,false
0149,cable alternate triceps extension,exercisedb,0149,upper arms,upper arms,shoulders,cable,,"Stand facing the cable machine with your feet shoulder-width apart. Hold the cable handle with your right hand and bring your arm up so that your upper arm is parallel to the ground and your elbow is bent at a 90-degree angle. Keep your upper arm stationary and extend your forearm backward, fully straightening your arm. Pause for a moment, then slowly return to the starting position. Repeat with your left arm. Continue alternating arms for the desired number of repetitions.",images/0149-Gchi5Tr.jpg,videos/0149-Gchi5Tr.gif,videos/0149-Gchi5Tr.gif,true,false
3235,cable assisted inverse leg curl,exercisedb,3235,upper legs,upper legs,glutes,cable,,"Adjust the cable machine so that the ankle attachment is at the lowest setting. Lie face down on the bench with your legs straight and the ankle attachment secured to your ankles. Hold onto the handles of the bench for stability. Keeping your upper body stationary, exhale and curl your legs up towards your glutes by flexing your knees. Pause for a moment at the top of the movement, squeezing your hamstrings. Inhale and slowly lower your legs back to the starting position. Repeat for the desired number of repetitions.",images/3235-zHEpuuc.jpg,videos/3235-zHEpuuc.gif,videos/3235-zHEpuuc.gif,true,false
0150,cable bar lateral pulldown,exercisedb,0150,back,back,biceps,cable,,"Adjust the cable pulley to a high position and attach a straight bar. Sit facing the cable machine with your feet flat on the ground and your knees slightly bent. Grasp the bar with an overhand grip, slightly wider than shoulder-width apart. Lean back slightly and keep your chest up, maintaining a slight arch in your lower back. Pull the bar down towards your chest, leading with your elbows and squeezing your shoulder blades together. Pause for a moment at the bottom of the movement, then slowly return the bar to the starting position. Repeat for the desired number of repetitions.",images/0150-eYnzaCm.jpg,videos/0150-eYnzaCm.gif,videos/0150-eYnzaCm.gif,true,false
0151,cable bench press,exercisedb,0151,chest,chest,triceps,cable,,"Adjust the cable machine to chest height and attach the handles. Stand facing away from the machine with your feet shoulder-width apart. Grasp the handles with an overhand grip and step forward to create tension in the cables. Position your feet firmly on the ground and engage your core. Bend your elbows and bring your hands to shoulder level, keeping your elbows at a 90-degree angle. Push the handles forward, extending your arms fully in front of you. Pause for a moment, then slowly reverse the movement, bringing your hands back to shoulder level. Repeat for the desired number of repetitions.",images/0151-7xI5MXA.jpg,videos/0151-7xI5MXA.gif,videos/0151-7xI5MXA.gif,true,false
1630,cable close grip curl,exercisedb,1630,upper arms,upper arms,forearms,cable,,"Attach a straight bar to a low pulley cable machine. Stand facing the machine with your feet shoulder-width apart and your knees slightly bent. Grasp the bar with an underhand grip, hands shoulder-width apart. Keep your elbows close to your sides and your upper arms stationary throughout the exercise. Exhale and curl the bar up towards your shoulders, contracting your biceps. Pause for a moment at the top of the movement, squeezing your biceps. Inhale and slowly lower the bar back to the starting position, fully extending your arms. Repeat for the desired number of repetitions.",images/1630-BCGQ6J5.jpg,videos/1630-BCGQ6J5.gif,videos/1630-BCGQ6J5.gif,true,false
1631,cable concentration curl,exercisedb,1631,upper arms,upper arms,forearms,cable,,"Sit on a bench or chair with your feet flat on the floor and your knees slightly bent. Hold the cable handle with an underhand grip and rest your elbow against the inside of your thigh. Keeping your upper arm stationary, exhale and curl the cable handle towards your shoulder while contracting your biceps. Pause for a moment at the top of the movement, then inhale and slowly lower the cable handle back to the starting position. Repeat for the desired number of repetitions, then switch arms.",images/1631-NvfE43H.jpg,videos/1631-NvfE43H.gif,videos/1631-NvfE43H.gif,true,false
0152,cable concentration extension (on knee),exercisedb,0152,upper arms,upper arms,forearms,cable,,"Sit on a bench or chair with your knees bent and feet flat on the ground. Hold the cable handle with your right hand and place your elbow on the inside of your right knee. Extend your arm fully, keeping your elbow stationary and close to your knee. Pause for a moment at the top, then slowly lower your arm back to the starting position. Repeat for the desired number of repetitions, then switch sides.",images/0152-Db7eEgw.jpg,videos/0152-Db7eEgw.gif,videos/0152-Db7eEgw.gif,true,false
0153,cable cross-over lateral pulldown,exercisedb,0153,back,back,biceps,cable,,"Attach a cable handle to each side of a cable machine at shoulder height. Stand in the middle of the machine with your feet shoulder-width apart. Grasp the handles with an overhand grip and step back to create tension in the cables. Lean forward slightly from the hips, keeping your back straight and your chest up. Pull the handles down and across your body, squeezing your shoulder blades together. Pause for a moment at the bottom of the movement, then slowly return to the starting position. Repeat for the desired number of repetitions.",images/0153-OQ1otBN.jpg,videos/0153-OQ1otBN.gif,videos/0153-OQ1otBN.gif,true,false
0154,cable cross-over revers fly,exercisedb,0154,shoulders,shoulders,rhomboids,cable,,"Attach a D-handle to each low pulley cable and stand in the middle of the cable crossover machine. Grasp the handles with a pronated grip (palms facing down) and take a step forward, positioning your feet shoulder-width apart. Bend your knees slightly and lean forward at the waist, keeping your back straight and your abs engaged. With your arms extended out to the sides and slightly bent at the elbows, exhale and squeeze your shoulder blades together as you pull the cables back and upward in a reverse fly motion. Pause for a moment at the peak contraction, then inhale and slowly return to the starting position. Repeat for the desired number of repetitions.",images/0154-aqvSOQE.jpg,videos/0154-aqvSOQE.gif,videos/0154-aqvSOQE.gif,true,false
0155,cable cross-over variation,exercisedb,0155,chest,chest,deltoids,cable,,"Adjust the cable pulleys to chest height. Stand in the center of the cable machine with one foot in front of the other. Grasp the handles with your palms facing down and your arms extended out to the sides. Take a step forward, keeping your arms slightly bent. With a slight bend in your elbows, bring your hands together in front of your chest. Pause for a moment, then slowly return your arms back to the starting position. Repeat for the desired number of repetitions.",images/0155-0CXGHya.jpg,videos/0155-0CXGHya.gif,videos/0155-0CXGHya.gif,true,false
0868,cable curl,exercisedb,0868,upper arms,upper arms,forearms,cable,,"Stand facing the cable machine with your feet shoulder-width apart. Grasp the cable attachment with an underhand grip, palms facing up. Keep your elbows close to your sides and your upper arms stationary. Exhale and curl the cable attachment towards your shoulders, contracting your biceps. Pause for a moment at the top of the movement, squeezing your biceps. Inhale and slowly lower the cable attachment back to the starting position. Repeat for the desired number of repetitions.",images/0868-G08RZcQ.jpg,videos/0868-G08RZcQ.gif,videos/0868-G08RZcQ.gif,true,false
0157,cable deadlift,exercisedb,0157,upper legs,upper legs,hamstrings,cable,,"Stand facing the cable machine with your feet shoulder-width apart. Bend at the hips and knees, lowering your torso until your back is parallel to the ground. Grasp the cable handles with an overhand grip, keeping your arms straight and your shoulders back. Engage your glutes and hamstrings to lift the cable handles, extending your hips and standing up straight. Pause for a moment at the top, then slowly lower the cable handles back down to the starting position. Repeat for the desired number of repetitions.",images/0157-eGDudUV.jpg,videos/0157-eGDudUV.gif,videos/0157-eGDudUV.gif,true,false
0158,cable decline fly,exercisedb,0158,chest,chest,shoulders,cable,,"Adjust the cable machine to a decline position. Stand facing away from the machine with your feet shoulder-width apart. Hold the handles with your palms facing forward and your arms extended straight out in front of you. Keeping a slight bend in your elbows, open your arms out to the sides in a controlled motion. Pause for a moment at the fully extended position, then slowly return to the starting position. Repeat for the desired number of repetitions.",images/0158-7saC5zz.jpg,videos/0158-7saC5zz.gif,videos/0158-7saC5zz.gif,true,false
1260,cable decline one arm press,exercisedb,1260,chest,chest,triceps,cable,,"Adjust the cable machine to a decline position. Stand facing away from the machine and grab the handle with one hand. Position yourself with your back against the decline bench and your arm extended straight in front of you. Bend your elbow and lower the handle towards your chest while keeping your upper arm stationary. Pause for a moment at the bottom, then push the handle back up to the starting position. Repeat for the desired number of repetitions, then switch arms.",images/1260-KHGNa16.jpg,videos/1260-KHGNa16.gif,videos/1260-KHGNa16.gif,true,false
1261,cable decline press,exercisedb,1261,chest,chest,triceps,cable,,"Adjust the cable machine to a decline position. Sit on the decline bench facing the cable machine. Grasp the handles with an overhand grip and position them at chest level. Keep your feet flat on the ground and your back firmly against the bench. Exhale and push the handles away from your body, extending your arms fully. Pause for a moment at the end of the movement, squeezing your chest muscles. Inhale and slowly return the handles back to the starting position. Repeat for the desired number of repetitions.",images/1261-2Pya1cP.jpg,videos/1261-2Pya1cP.gif,videos/1261-2Pya1cP.gif,true,false
0159,cable decline seated wide-grip row,exercisedb,0159,back,back,biceps,cable,,"Sit on the decline bench facing the cable machine with your feet securely placed on the footrests. Grasp the cable attachment with a wide overhand grip, palms facing down. Lean back slightly, keeping your back straight and your core engaged. Pull the cable towards your lower chest, squeezing your shoulder blades together. Pause for a moment at the peak of the contraction, then slowly release the cable back to the starting position. Repeat for the desired number of repetitions.",images/0159-kesXOpB.jpg,videos/0159-kesXOpB.gif,videos/0159-kesXOpB.gif,true,false
1632,cable drag curl,exercisedb,1632,upper arms,upper arms,forearms,cable,,"Stand facing a cable machine with your feet shoulder-width apart. Grasp the cable attachment with an underhand grip, palms facing up, and arms fully extended. Keeping your upper arms stationary, exhale and curl the cable attachment towards your shoulders by contracting your biceps. Pause for a moment at the top of the movement, squeezing your biceps. Inhale and slowly lower the cable attachment back to the starting position, fully extending your arms. Repeat for the desired number of repetitions.",images/1632-dXz8zjF.jpg,videos/1632-dXz8zjF.gif,videos/1632-dXz8zjF.gif,true,false
0160,cable floor seated wide-grip row,exercisedb,0160,back,back,biceps,cable,,"Sit on the floor with your legs extended and your back straight. Attach a cable handle to a low pulley and position the cable machine behind you. Grasp the handle with a wide overhand grip, palms facing down. Lean back slightly, keeping your back straight and your chest lifted. Pull the handle towards your waist, squeezing your shoulder blades together. Pause for a moment at the top of the movement, then slowly release the handle back to the starting position. Repeat for the desired number of repetitions.",images/0160-veXwo0D.jpg,videos/0160-veXwo0D.gif,videos/0160-veXwo0D.gif,true,false
0161,cable forward raise,exercisedb,0161,shoulders,shoulders,triceps,cable,,"Stand with your feet shoulder-width apart and your knees slightly bent. Hold the cable handle with an overhand grip, palms facing down, and your arms fully extended in front of you. Keeping your arms straight, raise the cable handle up to shoulder level. Pause for a moment at the top, then slowly lower the cable handle back down to the starting position. Repeat for the desired number of repetitions.",images/0161-hvHhCv8.jpg,videos/0161-hvHhCv8.gif,videos/0161-hvHhCv8.gif,true,false
0162,cable front raise,exercisedb,0162,shoulders,shoulders,triceps,cable,,"Stand with your feet shoulder-width apart and grasp the cable handle with an overhand grip. Keep your back straight and your core engaged. Raise the cable handle in front of you, keeping your arms straight and your palms facing down. Continue lifting until your arms are parallel to the floor. Pause for a moment at the top, then slowly lower the cable handle back to the starting position. Repeat for the desired number of repetitions.",images/0162-u2X71Np.jpg,videos/0162-u2X71Np.gif,videos/0162-u2X71Np.gif,true,false
0164,cable front shoulder raise,exercisedb,0164,shoulders,shoulders,trapezius,cable,,"Stand with your feet shoulder-width apart and grasp the cable handle with an overhand grip. Keep your back straight and your core engaged. Raise the cable handle in front of you, keeping your arms straight and your palms facing down. Continue lifting until your arms are parallel to the floor. Pause for a moment at the top, then slowly lower the cable handle back to the starting position. Repeat for the desired number of repetitions.",images/0164-mTT3KLn.jpg,videos/0164-mTT3KLn.gif,videos/0164-mTT3KLn.gif,true,false
0165,cable hammer curl (with rope),exercisedb,0165,upper arms,upper arms,forearms,cable,,"Stand upright with your feet shoulder-width apart and a slight bend in your knees. Hold the cable rope attachment with an underhand grip, palms facing each other, and your arms fully extended. Keeping your upper arms stationary, exhale and curl the weights while contracting your biceps. Continue to raise the cable rope attachment until your biceps are fully contracted and the rope is at shoulder level. Hold the contracted position for a brief pause as you squeeze your biceps. Inhale and slowly begin to lower the cable rope attachment back to the starting position. Repeat for the desired number of repetitions.",images/0165-HPlPoQA.jpg,videos/0165-HPlPoQA.gif,videos/0165-HPlPoQA.gif,true,false
1722,cable high pulley overhead tricep extension,exercisedb,1722,upper arms,upper arms,shoulders,cable,,"Attach a rope to a high pulley and stand facing away from the machine. Grasp the rope with both hands and extend your arms overhead. Keep your elbows close to your head and your upper arms stationary. Slowly lower the rope behind your head by bending your elbows. Pause for a moment, then extend your arms back to the starting position. Repeat for the desired number of repetitions.",images/1722-1xHyxys.jpg,videos/1722-1xHyxys.gif,videos/1722-1xHyxys.gif,true,false
0167,cable high row (kneeling),exercisedb,0167,back,back,biceps,cable,,"Attach a straight bar to a cable machine at chest height. Kneel down in front of the cable machine and grab the bar with an overhand grip, hands shoulder-width apart. Sit back on your heels, keeping your back straight and your core engaged. Pull the bar towards your upper abdomen, squeezing your shoulder blades together. Pause for a moment at the top of the movement, then slowly release the bar back to the starting position. Repeat for the desired number of repetitions.",images/0167-ZSJNetl.jpg,videos/0167-ZSJNetl.gif,videos/0167-ZSJNetl.gif,true,false
0168,cable hip adduction,exercisedb,0168,upper legs,upper legs,glutes,cable,,"Attach the ankle cuff to your ankle and stand facing the cable machine. Position yourself far enough away from the machine so that there is tension on the cable. Place your hands on the machine for support. Keeping your leg straight, slowly move your leg across your body towards the midline. Pause for a moment at the end of the movement, then slowly return to the starting position. Repeat for the desired number of repetitions.",images/0168-hBGWILP.jpg,videos/0168-hBGWILP.gif,videos/0168-hBGWILP.gif,true,false
0169,cable incline bench press,exercisedb,0169,chest,chest,deltoids,cable,,"Adjust the bench to a 45-degree incline. Attach the cable handles to the high pulleys. Sit on the bench facing the cable machine with your feet flat on the ground. Grasp the handles with an overhand grip and bring them to shoulder height. Push the handles forward and upward until your arms are fully extended. Pause for a moment, then slowly lower the handles back to the starting position. Repeat for the desired number of repetitions.",images/0169-Vh0GsK4.jpg,videos/0169-Vh0GsK4.gif,videos/0169-Vh0GsK4.gif,true,false
1318,cable incline bench row,exercisedb,1318,back,back,biceps,cable,,"Set up an incline bench at a 45-degree angle and attach a cable handle to the low pulley. Sit on the bench facing the cable machine with your feet flat on the floor and your knees slightly bent. Grasp the cable handle with an overhand grip and extend your arms fully in front of you. Lean forward from your hips while keeping your back straight and your core engaged. Pull the cable handle towards your chest by retracting your shoulder blades and bending your elbows. Squeeze your back muscles at the top of the movement, then slowly extend your arms back to the starting position. Repeat for the desired number of repetitions.",images/1318-yaMIo4D.jpg,videos/1318-yaMIo4D.gif,videos/1318-yaMIo4D.gif,true,false
0171,cable incline fly,exercisedb,0171,chest,chest,deltoids,cable,,"Adjust the cable machine to a low position and attach the handles. Sit on an incline bench with your back against the pad and feet flat on the floor. Grasp the handles with an overhand grip and extend your arms straight out in front of you. Keeping a slight bend in your elbows, open your arms out to the sides in a controlled motion. Pause for a moment at the fully extended position, then slowly return to the starting position. Repeat for the desired number of repetitions.",images/0171-tBWXbIT.jpg,videos/0171-tBWXbIT.gif,videos/0171-tBWXbIT.gif,true,false
0170,cable incline fly (on stability ball),exercisedb,0170,chest,chest,deltoids,cable,,"Set up a stability ball at an incline angle. Attach the cable handles to the high pulleys of a cable machine. Sit on the stability ball facing away from the machine, with your feet firmly planted on the ground. Grasp the cable handles with an overhand grip, palms facing forward. Lean forward slightly, keeping your back straight and core engaged. With a controlled motion, bring your arms out to the sides, keeping a slight bend in your elbows. Continue the motion until your arms are parallel to the ground. Pause for a moment, then slowly return to the starting position. Repeat for the desired number of repetitions.",images/0170-27NNGFr.jpg,videos/0170-27NNGFr.gif,videos/0170-27NNGFr.gif,true,false
0172,cable incline pushdown,exercisedb,0172,back,back,triceps,cable,,"Attach a straight bar to a high pulley cable machine. Stand facing away from the machine with your feet shoulder-width apart. Grasp the bar with an overhand grip, hands slightly wider than shoulder-width apart. Lean forward slightly and keep your back straight. Pull the bar down towards your thighs by extending your elbows. Pause for a moment at the bottom, then slowly return the bar to the starting position. Repeat for the desired number of repetitions.",images/0172-1PK5Uo3.jpg,videos/0172-1PK5Uo3.gif,videos/0172-1PK5Uo3.gif,true,false
0173,cable incline triceps extension,exercisedb,0173,upper arms,upper arms,shoulders,cable,,"Adjust the cable machine to a low pulley position. Attach a straight bar to the cable. Stand facing away from the machine with your feet shoulder-width apart. Grasp the bar with an overhand grip and extend your arms straight overhead. Lean forward slightly, keeping your back straight and core engaged. Bend your elbows and lower the bar behind your head, keeping your upper arms close to your ears. Pause for a moment, then extend your arms back to the starting position. Repeat for the desired number of repetitions.",images/0173-Hx1WC8I.jpg,videos/0173-Hx1WC8I.gif,videos/0173-Hx1WC8I.gif,true,false
0174,cable judo flip,exercisedb,0174,waist,waist,obliques,cable,,"Stand facing the cable machine with your feet shoulder-width apart. Hold the cable handle with both hands at chest level, palms facing down. Engage your core and rotate your torso to the right, pulling the cable across your body. As you rotate, pivot your back foot and allow your hips to rotate naturally. Extend your arms fully and finish the movement by flipping the cable handle over your shoulder. Return to the starting position by reversing the movement, rotating your torso back to the center. Repeat the movement on the opposite side. Continue alternating sides for the desired number of repetitions.",images/0174-MvQPqVW.jpg,videos/0174-MvQPqVW.gif,videos/0174-MvQPqVW.gif,true,false
0860,cable kickback,exercisedb,0860,upper arms,upper arms,shoulders,cable,,"Stand facing a cable machine with your feet shoulder-width apart. Hold the cable handle with your right hand and step back to create tension in the cable. Bend your knees slightly and hinge forward at the hips, keeping your back straight. Keep your upper arm close to your body and your elbow bent at a 90-degree angle. Extend your forearm backward, straightening your arm fully. Pause for a moment, then slowly return to the starting position. Repeat for the desired number of repetitions, then switch sides.",images/0860-HEJ6DIX.jpg,videos/0860-HEJ6DIX.gif,videos/0860-HEJ6DIX.gif,true,false
0175,cable kneeling crunch,exercisedb,0175,waist,waist,obliques,cable,,"Attach a rope handle to a high pulley and kneel down facing away from the machine. Hold the rope handle with both hands and place it behind your head, keeping your elbows out to the sides. Keeping your hips stationary, flex your waist and crunch your torso down towards your thighs. Pause for a moment at the bottom, then slowly return to the starting position. Repeat for the desired number of repetitions.",images/0175-WW95auq.jpg,videos/0175-WW95auq.gif,videos/0175-WW95auq.gif,true,false
3697,cable kneeling rear delt row (with rope) (male),exercisedb,3697,shoulders,shoulders,trapezius,cable,,"Attach a rope handle to a low cable pulley and kneel down facing the machine. Grasp the rope with a neutral grip (palms facing each other) and extend your arms fully in front of you. Keeping your back straight and core engaged, pull the rope towards your body by retracting your shoulder blades. Squeeze your shoulder blades together at the end of the movement and hold for a brief pause. Slowly release the tension and return to the starting position. Repeat for the desired number of repetitions.",images/3697-G61cXLk.jpg,videos/3697-G61cXLk.gif,videos/3697-G61cXLk.gif,true,false
0176,cable kneeling triceps extension,exercisedb,0176,upper arms,upper arms,shoulders,cable,,"Attach a rope handle to a high pulley and kneel down facing the cable machine. Grasp the rope with a neutral grip (palms facing each other) and bring your hands to the sides of your head. Keep your elbows close to your head and your upper arms stationary throughout the exercise. Extend your forearms by contracting your triceps until your arms are fully extended. Pause for a moment, then slowly return to the starting position by bending your elbows. Repeat for the desired number of repetitions.",images/0176-KWdF2JI.jpg,videos/0176-KWdF2JI.gif,videos/0176-KWdF2JI.gif,true,false
2330,cable lat pulldown full range of motion,exercisedb,2330,back,back,biceps,cable,,"Sit on the lat pulldown machine with your knees positioned under the pads. Grasp the cable bar with an overhand grip, slightly wider than shoulder-width apart. Lean back slightly and keep your chest up, maintaining a slight arch in your lower back. Pull the bar down towards your upper chest, squeezing your shoulder blades together. Pause for a moment at the bottom of the movement, then slowly release the bar back to the starting position. Repeat for the desired number of repetitions.",images/2330-LEprlgG.jpg,videos/2330-LEprlgG.gif,videos/2330-LEprlgG.gif,true,false
0177,cable lateral pulldown (with rope attachment),exercisedb,0177,back,back,biceps,cable,,"Attach a rope attachment to the cable machine at a high position. Stand facing the machine with your feet shoulder-width apart. Grasp the rope with an overhand grip, palms facing each other. Keep your back straight and lean slightly back. Pull the rope down towards your sides, squeezing your shoulder blades together. Pause for a moment at the bottom of the movement. Slowly release the tension and allow the rope to return to the starting position. Repeat for the desired number of repetitions.",images/0177-CuaWCmC.jpg,videos/0177-CuaWCmC.gif,videos/0177-CuaWCmC.gif,true,false
2616,cable lateral pulldown with v-bar,exercisedb,2616,back,back,biceps,cable,,Sit down on the cable pulldown machine and grab the v-bar attachment with an overhand grip. Adjust the knee pad so that your thighs are secured under it. Keep your back straight and lean back slightly. Pull the v-bar down towards your upper chest while keeping your elbows close to your body. Squeeze your back muscles at the bottom of the movement. Slowly return the v-bar to the starting position and repeat for the desired number of repetitions.,images/2616-4c9BhzB.jpg,videos/2616-4c9BhzB.gif,videos/2616-4c9BhzB.gif,true,false
0178,cable lateral raise,exercisedb,0178,shoulders,shoulders,traps,cable,,"Stand with your feet shoulder-width apart and grasp the cable handles with an overhand grip. Keep your arms straight and your core engaged. Raise your arms out to the sides until they are parallel to the floor. Pause for a moment at the top, then slowly lower your arms back down to the starting position. Repeat for the desired number of repetitions.",images/0178-goJ6ezq.jpg,videos/0178-goJ6ezq.gif,videos/0178-goJ6ezq.gif,true,false
0179,cable low fly,exercisedb,0179,chest,chest,deltoids,cable,,"Attach the handles to the low pulleys of a cable machine and select an appropriate weight. Stand in the middle of the machine with your feet shoulder-width apart and a slight bend in your knees. Grasp the handles with an overhand grip and extend your arms out to the sides, keeping a slight bend in your elbows. Maintaining control, slowly bring your arms forward in a sweeping motion, crossing them in front of your body. Pause for a moment at the peak of the movement, feeling the stretch in your chest muscles. Reverse the motion and slowly return your arms to the starting position, keeping tension on your chest muscles throughout. Repeat for the desired number of repetitions.",images/0179-FVmZVhk.jpg,videos/0179-FVmZVhk.gif,videos/0179-FVmZVhk.gif,true,false
0180,cable low seated row,exercisedb,0180,back,back,biceps,cable,,"Sit on the machine with your feet flat on the footrests and your knees slightly bent. Grasp the handles with an overhand grip, palms facing down. Keep your back straight and lean slightly forward, maintaining a slight bend in your elbows. Pull the handles towards your body, squeezing your shoulder blades together. Pause for a moment at the peak of the movement, then slowly release the handles back to the starting position. Repeat for the desired number of repetitions.",images/0180-hvV79Si.jpg,videos/0180-hvV79Si.gif,videos/0180-hvV79Si.gif,true,false
1634,cable lying bicep curl,exercisedb,1634,upper arms,upper arms,forearms,cable,,"Attach a straight bar to a low pulley cable machine. Lie face up on a flat bench with your feet flat on the ground. Grasp the bar with an underhand grip, hands shoulder-width apart. Extend your arms fully, keeping your elbows close to your sides. Keeping your upper arms stationary, exhale and curl the bar up towards your shoulders. Pause for a moment at the top, squeezing your biceps. Inhale and slowly lower the bar back to the starting position, fully extending your arms. Repeat for the desired number of repetitions.",images/1634-otqIxU4.jpg,videos/1634-otqIxU4.gif,videos/1634-otqIxU4.gif,true,false
0182,cable lying close-grip curl,exercisedb,0182,upper arms,upper arms,forearms,cable,,"Attach a straight bar to a low pulley cable machine. Lie face up on a flat bench with your feet flat on the ground. Grasp the bar with an underhand grip, hands shoulder-width apart. Extend your arms fully, keeping your elbows close to your sides. Keeping your upper arms stationary, curl the bar towards your chest by contracting your biceps. Pause for a moment at the top, squeezing your biceps. Slowly lower the bar back to the starting position, fully extending your arms. Repeat for the desired number of repetitions.",images/0182-61GrD55.jpg,videos/0182-61GrD55.gif,videos/0182-61GrD55.gif,true,false
0184,cable lying extension pullover (with rope attachment),exercisedb,0184,back,back,triceps,cable,,"Attach a rope to a cable machine and set the pulley at the highest position. Lie down on a bench with your head towards the cable machine. Hold the rope with both hands and extend your arms straight up above your chest. Keeping your arms straight, slowly lower the rope behind your head while maintaining control. Pause for a moment at the bottom, then slowly raise the rope back to the starting position. Repeat for the desired number of repetitions.",images/0184-Q2Eu1Ax.jpg,videos/0184-Q2Eu1Ax.gif,videos/0184-Q2Eu1Ax.gif,true,false
0185,cable lying fly,exercisedb,0185,chest,chest,deltoids,cable,,"Attach the handles to the cables and lie flat on a bench with your feet flat on the ground. Hold the handles with your palms facing each other and your arms extended straight above your chest. Keeping a slight bend in your elbows, lower your arms out to the sides in a wide arc until you feel a stretch in your chest. Pause for a moment, then squeeze your chest muscles to bring your arms back to the starting position. Repeat for the desired number of repetitions.",images/0185-lJJ7Yq8.jpg,videos/0185-lJJ7Yq8.gif,videos/0185-lJJ7Yq8.gif,true,false
0186,cable lying triceps extension v. 2,exercisedb,0186,upper arms,upper arms,shoulders,cable,,"Attach a rope handle to a low pulley cable machine. Lie down on a flat bench facing up, with your head towards the cable machine. Grasp the rope handle with both hands, palms facing each other, and extend your arms straight up over your chest. Keeping your upper arms stationary, slowly lower the rope handle towards your forehead by bending your elbows. Pause for a moment at the bottom, then extend your arms back up to the starting position. Repeat for the desired number of repetitions.",images/0186-uxJcFUU.jpg,videos/0186-uxJcFUU.gif,videos/0186-uxJcFUU.gif,true,false
0188,cable middle fly,exercisedb,0188,chest,chest,deltoids,cable,,"Attach cables to both sides of a cable machine at chest height. Stand in the center of the machine with one foot slightly in front of the other. Grasp the handles with an overhand grip and extend your arms out to the sides. Keep a slight bend in your elbows and maintain a slight forward lean. Engage your chest muscles and bring your arms forward in a sweeping motion. Pause for a moment at the center, then slowly return your arms back to the starting position. Repeat for the desired number of repetitions.",images/0188-xLYSdtg.jpg,videos/0188-xLYSdtg.gif,videos/0188-xLYSdtg.gif,true,false
0189,cable one arm bent over row,exercisedb,0189,back,back,biceps,cable,,"Stand facing a cable machine with your feet shoulder-width apart. Bend your knees slightly and hinge forward at the hips, keeping your back straight. Grasp the cable handle with one hand, palm facing inward, and extend your arm fully. Pull the cable handle towards your body, keeping your elbow close to your side, until your hand reaches your lower chest. Pause for a moment, then slowly extend your arm back to the starting position. Repeat for the desired number of repetitions, then switch sides.",images/0189-EIsE3u8.jpg,videos/0189-EIsE3u8.gif,videos/0189-EIsE3u8.gif,true,false
0190,cable one arm curl,exercisedb,0190,upper arms,upper arms,forearms,cable,,"Stand facing the cable machine with your feet shoulder-width apart. Grasp the cable handle with an underhand grip, palm facing up. Keep your elbow close to your side and slowly curl your forearm up towards your shoulder. Pause for a moment at the top, then slowly lower your forearm back down to the starting position. Repeat for the desired number of repetitions.",images/0190-YTur5nR.jpg,videos/0190-YTur5nR.gif,videos/0190-YTur5nR.gif,true,false
1262,cable one arm decline chest fly,exercisedb,1262,chest,chest,shoulders,cable,,"Attach a D-handle to a low pulley cable machine and set the bench to a decline angle. Lie down on the bench with your head towards the machine and grab the handle with your right hand. Extend your arm straight up above your chest, keeping a slight bend in your elbow. With a controlled motion, lower your arm out to the side until your hand is in line with your shoulder. Pause for a moment, then reverse the motion and bring your arm back to the starting position. Repeat for the desired number of repetitions, then switch to your left arm and repeat the exercise.",images/1262-w4dLzSx.jpg,videos/1262-w4dLzSx.gif,videos/1262-w4dLzSx.gif,true,false
1263,cable one arm fly on exercise ball,exercisedb,1263,chest,chest,deltoids,cable,,"Sit on an exercise ball with your feet flat on the ground and your back straight. Hold a cable handle in one hand and extend your arm out to the side, parallel to the ground. Keep your elbow slightly bent and your palm facing forward. Slowly bring your arm across your body, squeezing your chest muscles. Pause for a moment at the end of the movement, then slowly return to the starting position. Repeat for the desired number of repetitions, then switch sides.",images/1263-hHy8tQG.jpg,videos/1263-hHy8tQG.gif,videos/1263-hHy8tQG.gif,true,false
1264,cable one arm incline fly on exercise ball,exercisedb,1264,chest,chest,deltoids,cable,,"Sit on an exercise ball with your feet flat on the ground and your back against an incline bench. Hold a cable handle in one hand with your arm extended and palm facing inward. Keeping a slight bend in your elbow, slowly lower your arm out to the side until your hand is in line with your shoulder. Pause for a moment, then squeeze your chest muscles to bring your arm back to the starting position. Repeat for the desired number of repetitions, then switch arms.",images/1264-P14Dz9D.jpg,videos/1264-P14Dz9D.gif,videos/1264-P14Dz9D.gif,true,false
1265,cable one arm incline press,exercisedb,1265,chest,chest,deltoids,cable,,"Adjust the cable machine to a low pulley position. Sit on an incline bench facing away from the cable machine. Grasp the handle with one hand and bring it up to shoulder height. Position your feet firmly on the ground and maintain a stable position. Press the handle forward and upward, extending your arm fully. Pause for a moment at the top, then slowly lower the handle back to the starting position. Repeat for the desired number of repetitions, then switch sides.",images/1265-GKEH6jj.jpg,videos/1265-GKEH6jj.gif,videos/1265-GKEH6jj.gif,true,false
1266,cable one arm incline press on exercise ball,exercisedb,1266,chest,chest,shoulders,cable,,"Sit on an exercise ball with your feet flat on the ground and your back resting against an incline bench. Hold a cable handle in one hand and position your arm at a 90-degree angle with your elbow bent. Press the cable handle forward and upward, extending your arm fully. Pause for a moment at the top, then slowly lower the cable handle back to the starting position. Repeat for the desired number of repetitions, then switch to the other arm.",images/1266-6t00BsF.jpg,videos/1266-6t00BsF.gif,videos/1266-6t00BsF.gif,true,false
0191,cable one arm lateral bent-over,exercisedb,0191,chest,chest,deltoids,cable,,"Stand with your feet shoulder-width apart, facing a cable machine. Grasp the handle with one hand and step back to create tension on the cable. Bend forward at the waist, keeping your back straight and your core engaged. Extend your arm out to the side, parallel to the ground, with a slight bend in your elbow. Slowly bring your arm back to the starting position, maintaining control throughout the movement. Repeat for the desired number of repetitions, then switch sides.",images/0191-dB07vDu.jpg,videos/0191-dB07vDu.gif,videos/0191-dB07vDu.gif,true,false
0192,cable one arm lateral raise,exercisedb,0192,shoulders,shoulders,traps,cable,,"Stand with your feet shoulder-width apart, facing the cable machine. Hold the cable handle with one hand, palm facing down, and stand far enough away from the machine so that there is tension on the cable. Keep your arm straight and slowly raise it out to the side until it is parallel to the ground. Pause for a moment at the top, then slowly lower your arm back down to the starting position. Repeat for the desired number of repetitions, then switch sides.",images/0192-wEulIzp.jpg,videos/0192-wEulIzp.gif,videos/0192-wEulIzp.gif,true,false
1633,cable one arm preacher curl,exercisedb,1633,upper arms,upper arms,forearms,cable,,"Adjust the cable machine so that the preacher curl pad is at chest height. Stand facing the cable machine with your feet shoulder-width apart. Grasp the cable handle with an underhand grip and position your upper arm against the preacher curl pad. Keep your back straight and your core engaged. Slowly curl the cable handle towards your shoulder, keeping your upper arm against the pad. Pause for a moment at the top of the movement, squeezing your biceps. Slowly lower the cable handle back to the starting position. Repeat for the desired number of repetitions. Switch arms and repeat the exercise.",images/1633-eHBlPsa.jpg,videos/1633-eHBlPsa.gif,videos/1633-eHBlPsa.gif,true,false
1267,cable one arm press on exercise ball,exercisedb,1267,chest,chest,shoulders,cable,,"Sit on an exercise ball with your feet flat on the ground and your back straight. Hold a cable handle in one hand and position your arm at chest height, elbow bent. Place your other hand on your hip for stability. Press the cable handle forward, extending your arm fully. Pause for a moment, then slowly return to the starting position. Repeat for the desired number of repetitions, then switch arms.",images/1267-MKIelrR.jpg,videos/1267-MKIelrR.gif,videos/1267-MKIelrR.gif,true,false
3563,cable one arm pulldown,exercisedb,3563,back,back,biceps,cable,,"Attach a single handle to a high pulley cable machine. Stand facing the machine with your feet shoulder-width apart. Grasp the handle with an overhand grip and extend your arm fully. Keep your back straight and your core engaged. Pull the handle down towards your side while keeping your elbow close to your body. Pause for a moment at the bottom of the movement, squeezing your lat muscle. Slowly release the handle back to the starting position. Repeat for the desired number of repetitions. Switch sides and repeat the exercise with the other arm.",images/3563-U5INZY6.jpg,videos/3563-U5INZY6.gif,videos/3563-U5INZY6.gif,true,false
1635,cable one arm reverse preacher curl,exercisedb,1635,upper arms,upper arms,forearms,cable,,"Adjust the cable machine so that the pulley is at the lowest position. Stand facing the cable machine with your feet shoulder-width apart. Grasp the cable handle with an underhand grip and position your upper arm against the preacher bench pad. Keep your back straight and your core engaged throughout the exercise. Slowly curl your forearm towards your bicep, keeping your upper arm stationary against the pad. Pause for a moment at the top of the movement, squeezing your bicep. Slowly lower the cable handle back to the starting position. Repeat for the desired number of repetitions. Switch arms and repeat the exercise.",images/1635-ZXnjcOQ.jpg,videos/1635-ZXnjcOQ.gif,videos/1635-ZXnjcOQ.gif,true,false
0193,cable one arm straight back high row (kneeling),exercisedb,0193,back,back,biceps,cable,,"Attach a handle to a cable machine at waist height. Kneel down facing the cable machine and grab the handle with one hand. Keep your back straight and your core engaged. Pull the handle towards your chest, squeezing your shoulder blades together. Pause for a moment at the top of the movement. Slowly release the handle back to the starting position. Repeat for the desired number of repetitions. Switch sides and repeat the exercise with the other arm.",images/0193-WrYPP2g.jpg,videos/0193-WrYPP2g.gif,videos/0193-WrYPP2g.gif,true,false
1723,cable one arm tricep pushdown,exercisedb,1723,upper arms,upper arms,forearms,cable,,"Stand facing a cable machine with a straight bar attachment at chest height. Grasp the bar with an overhand grip and step back to create tension in the cable. Position your feet shoulder-width apart and slightly bend your knees. Keep your back straight and core engaged throughout the exercise. Start with your arm fully extended and perpendicular to the floor. Keeping your upper arm stationary, exhale and push the bar down until your arm is fully extended. Pause for a moment, then inhale and slowly return to the starting position. Repeat for the desired number of repetitions, then switch arms.",images/1723-qRZ5S1N.jpg,videos/1723-qRZ5S1N.gif,videos/1723-qRZ5S1N.gif,true,false
1636,cable overhead curl,exercisedb,1636,upper arms,upper arms,forearms,cable,,"Attach a straight bar to a high pulley cable machine. Stand facing the machine with your feet shoulder-width apart. Grasp the bar with an underhand grip, hands shoulder-width apart. Keep your elbows close to your sides and your upper arms stationary. Exhale and curl the bar down towards your forehead, keeping your upper arms stationary. Pause for a moment at the bottom of the movement, squeezing your biceps. Inhale and slowly return the bar to the starting position, fully extending your arms. Repeat for the desired number of repetitions.",images/1636-wDUqY2u.jpg,videos/1636-wDUqY2u.gif,videos/1636-wDUqY2u.gif,true,false
1637,cable overhead curl on exercise ball,exercisedb,1637,upper arms,upper arms,forearms,cable,,"Sit on an exercise ball and hold the cable handle with an underhand grip. Extend your arms fully overhead, keeping your elbows close to your ears. Slowly curl the cable down towards your forehead, keeping your upper arms stationary. Pause for a moment at the bottom of the movement, then slowly return to the starting position. Repeat for the desired number of repetitions.",images/1637-ioTf098.jpg,videos/1637-ioTf098.gif,videos/1637-ioTf098.gif,true,false
0194,cable overhead triceps extension (rope attachment),exercisedb,0194,upper arms,upper arms,shoulders,cable,,"Attach a rope to a cable machine at a high position. Stand facing away from the machine with your feet shoulder-width apart. Grasp the rope with both hands, palms facing each other, and bring your hands above your head. Keep your upper arms close to your head and your elbows pointing forward. Slowly lower the rope behind your head by bending your elbows. Pause for a moment, then extend your arms back up to the starting position. Repeat for the desired number of repetitions.",images/0194-2IxROQ1.jpg,videos/0194-2IxROQ1.gif,videos/0194-2IxROQ1.gif,true,false
1319,cable palm rotational row,exercisedb,1319,back,back,biceps,cable,,"Attach a handle to a cable machine at waist height. Stand facing the machine with your feet shoulder-width apart. Grasp the handle with an overhand grip, palms facing down. Step back to create tension on the cable, keeping your back straight and knees slightly bent. Pull the handle towards your body, rotating your palms to face upwards as you do so. Squeeze your shoulder blades together at the end of the movement. Slowly release the handle back to the starting position. Repeat for the desired number of repetitions.",images/1319-OmQ8w0p.jpg,videos/1319-OmQ8w0p.gif,videos/1319-OmQ8w0p.gif,true,false
0195,cable preacher curl,exercisedb,0195,upper arms,upper arms,forearms,cable,,"Adjust the cable machine so that the preacher curl pad is at chest height. Sit on the preacher curl bench and place your upper arms on the pad, gripping the cable attachment with an underhand grip. Keep your back straight and your elbows tucked in at your sides. Slowly curl the cable attachment up towards your shoulders, squeezing your biceps at the top of the movement. Pause for a moment, then slowly lower the cable attachment back down to the starting position. Repeat for the desired number of repetitions.",images/0195-P2lNrGL.jpg,videos/0195-P2lNrGL.gif,videos/0195-P2lNrGL.gif,true,false
1268,cable press on exercise ball,exercisedb,1268,chest,chest,shoulders,cable,,"Sit on an exercise ball with your feet flat on the ground and your knees at a 90-degree angle. Hold the cable handles at chest height with your palms facing down and your elbows bent. Engage your core and press the cable handles forward until your arms are fully extended. Pause for a moment, then slowly release the tension and bring the cable handles back to the starting position. Repeat for the desired number of repetitions.",images/1268-vAwm6rK.jpg,videos/1268-vAwm6rK.gif,videos/1268-vAwm6rK.gif,true,false
0196,cable pull through (with rope),exercisedb,0196,upper legs,upper legs,hamstrings,cable,,"Stand facing away from the cable machine with your feet shoulder-width apart. Grab the rope attachment with both hands and step forward, creating tension in the cable. Bend at the hips and lower your upper body until it is parallel to the ground, keeping your back straight. Engage your glutes and hamstrings to pull your body back up to the starting position. Repeat for the desired number of repetitions.",images/0196-OM46QHm.jpg,videos/0196-OM46QHm.gif,videos/0196-OM46QHm.gif,true,false
0198,cable pulldown,exercisedb,0198,back,back,biceps,cable,,"Adjust the cable pulldown machine so that the seat is at a comfortable height and the knee pad is secured. Sit on the seat with your back straight and your feet flat on the ground. Grasp the cable bar with an overhand grip, slightly wider than shoulder-width apart. Lean back slightly and engage your core. Pull the cable bar down towards your chest, squeezing your shoulder blades together. Pause for a moment at the bottom of the movement, then slowly release the bar back to the starting position. Repeat for the desired number of repetitions.",images/0198-RVwzP10.jpg,videos/0198-RVwzP10.gif,videos/0198-RVwzP10.gif,true,false
0197,cable pulldown (pro lat bar),exercisedb,0197,back,back,biceps,cable,,"Adjust the seat height so that your thighs are parallel to the ground and your feet are flat on the floor. Grasp the lat bar with an overhand grip, slightly wider than shoulder-width apart. Sit down and lean back slightly, keeping your chest up and your back straight. Pull the bar down towards your chest, squeezing your shoulder blades together. Pause for a moment at the bottom of the movement, then slowly release the bar back up to the starting position. Repeat for the desired number of repetitions.",images/0197-qdRxqCj.jpg,videos/0197-qdRxqCj.gif,videos/0197-qdRxqCj.gif,true,false
1638,cable pulldown bicep curl,exercisedb,1638,upper arms,upper arms,forearms,cable,,"Attach a straight bar to the cable machine at the highest setting. Stand facing the machine with your feet shoulder-width apart. Grasp the bar with an underhand grip, hands shoulder-width apart. Keep your elbows close to your sides and your upper arms stationary. Exhale and slowly curl the bar down towards your thighs, keeping your wrists straight. Pause for a moment at the bottom of the movement, squeezing your biceps. Inhale and slowly return the bar to the starting position, fully extending your arms. Repeat for the desired number of repetitions.",images/1638-QTXKWPh.jpg,videos/1638-QTXKWPh.gif,videos/1638-QTXKWPh.gif,true,false
0201,cable pushdown,exercisedb,0201,upper arms,upper arms,forearms,cable,,"Attach a straight bar to a high pulley cable machine. Stand facing the machine with your feet shoulder-width apart and a slight bend in your knees. Grasp the bar with an overhand grip, hands shoulder-width apart. Keep your elbows close to your sides and your upper arms stationary. Exhale and push the bar down until your elbows are fully extended. Pause for a moment, then inhale and slowly return the bar to the starting position. Repeat for the desired number of repetitions.",images/0201-3ZflifB.jpg,videos/0201-3ZflifB.gif,videos/0201-3ZflifB.gif,true,false
0199,cable pushdown (straight arm) v. 2,exercisedb,0199,back,back,triceps,cable,,"Attach a straight bar to a high pulley cable machine. Stand facing the machine with your feet shoulder-width apart and a slight bend in your knees. Grasp the bar with an overhand grip, keeping your arms straight and your palms facing down. Engage your core and keep your back straight as you exhale and push the bar down towards your thighs. Pause for a moment at the bottom, then slowly return the bar to the starting position while inhaling. Repeat for the desired number of repetitions.",images/0199-PskORrA.jpg,videos/0199-PskORrA.gif,videos/0199-PskORrA.gif,true,false
0200,cable pushdown (with rope attachment),exercisedb,0200,upper arms,upper arms,forearms,cable,,"Attach a rope attachment to a high pulley on a cable machine. Stand facing the machine with your feet shoulder-width apart and a slight bend in your knees. Grasp the rope with an overhand grip, palms facing each other. Keep your elbows close to your sides and your upper arms stationary throughout the exercise. Exhale and push the rope downward by extending your elbows until your arms are fully extended. Pause for a moment, then inhale and slowly return to the starting position by allowing your elbows to flex. Repeat for the desired number of repetitions.",images/0200-dU605di.jpg,videos/0200-dU605di.gif,videos/0200-dU605di.gif,true,false
0202,cable rear delt row (stirrups),exercisedb,0202,shoulders,shoulders,trapezius,cable,,"Attach a stirrup handle to a low cable pulley and stand facing the machine. Grasp the handle with your left hand and take a step back with your right foot, positioning your body at a slight angle. Bend your knees slightly and hinge forward at the hips, keeping your back straight and your core engaged. With your left arm extended and your palm facing down, pull the handle towards your chest by retracting your shoulder blade. Pause for a moment at the top of the movement, squeezing your shoulder blade. Slowly release the handle back to the starting position and repeat for the desired number of repetitions. Switch sides and repeat the exercise with your right arm.",images/0202-yUdIGNs.jpg,videos/0202-yUdIGNs.gif,videos/0202-yUdIGNs.gif,true,false
0203,cable rear delt row (with rope),exercisedb,0203,shoulders,shoulders,trapezius,cable,,"Attach a rope handle to a low pulley cable machine. Stand facing the machine with your feet shoulder-width apart. Grasp the rope handle with an overhand grip, palms facing each other. Bend your knees slightly and hinge forward at the hips, keeping your back straight. Keep your elbows slightly bent and pull the rope towards your chest, squeezing your shoulder blades together. Pause for a moment at the top of the movement, then slowly release the tension and return to the starting position. Repeat for the desired number of repetitions.",images/0203-wqNPGCg.jpg,videos/0203-wqNPGCg.gif,videos/0203-wqNPGCg.gif,true,false
0204,cable rear drive,exercisedb,0204,upper arms,upper arms,shoulders,cable,,"Attach a handle to a low pulley cable machine and stand facing away from the machine. Grasp the handle with an overhand grip and extend your arms straight out in front of you. Keeping your elbows stationary, pull the handle back towards your body, squeezing your triceps at the end of the movement. Slowly return the handle to the starting position and repeat for the desired number of repetitions.",images/0204-c3QQLPi.jpg,videos/0204-c3QQLPi.gif,videos/0204-c3QQLPi.gif,true,false
0205,cable rear pulldown,exercisedb,0205,back,back,biceps,cable,,"Adjust the cable machine so that the pulley is at the highest position. Sit facing the machine with your feet flat on the ground and your knees slightly bent. Grasp the cable attachment with an overhand grip, hands slightly wider than shoulder-width apart. Lean back slightly, keeping your back straight and your chest up. Pull the cable attachment down towards your chest, squeezing your shoulder blades together. Pause for a moment at the bottom of the movement, then slowly release the cable back up to the starting position. Repeat for the desired number of repetitions.",images/0205-SpsOSXk.jpg,videos/0205-SpsOSXk.gif,videos/0205-SpsOSXk.gif,true,false
0873,cable reverse crunch,exercisedb,0873,waist,waist,hip flexors,cable,,"Attach a cable to a low pulley and lie down facing up on a mat. Hold the cable with both hands and extend your arms straight up towards the ceiling. Bend your knees and lift your legs up, bringing your thighs towards your chest. While keeping your upper body stable, curl your pelvis up towards your chest, lifting your hips off the mat. Pause for a moment at the top, then slowly lower your hips back down to the starting position. Repeat for the desired number of repetitions.",images/0873-RqOtqD7.jpg,videos/0873-RqOtqD7.gif,videos/0873-RqOtqD7.gif,true,false
0206,cable reverse curl,exercisedb,0206,upper arms,upper arms,forearms,cable,,"Attach a straight bar to a low pulley cable machine. Stand facing the machine with your feet shoulder-width apart and your knees slightly bent. Grasp the bar with an underhand grip, hands shoulder-width apart. Keep your elbows close to your sides and your upper arms stationary throughout the exercise. Exhale and curl the bar up towards your shoulders, contracting your biceps. Pause for a moment at the top, squeezing your biceps. Inhale and slowly lower the bar back to the starting position, fully extending your arms. Repeat for the desired number of repetitions.",images/0206-eOG0r6v.jpg,videos/0206-eOG0r6v.gif,videos/0206-eOG0r6v.gif,true,false
2406,cable reverse grip triceps pushdown (sz-bar) (with arm blaster),exercisedb,2406,upper arms,upper arms,forearms,cable,,"Attach a straight bar to the cable machine at the highest setting. Stand facing the cable machine with your feet shoulder-width apart. Grasp the bar with an underhand grip, palms facing up, and your hands shoulder-width apart. Keep your elbows close to your sides and your upper arms stationary throughout the exercise. Engage your triceps and slowly push the bar down until your arms are fully extended. Pause for a moment at the bottom, then slowly return the bar to the starting position. Repeat for the desired number of repetitions.",images/2406-ThKP69G.jpg,videos/2406-ThKP69G.gif,videos/2406-ThKP69G.gif,true,false
1413,cable reverse one arm curl,exercisedb,1413,upper arms,upper arms,forearms,cable,,"Stand facing a cable machine with your feet shoulder-width apart. Grasp the cable handle with an underhand grip, palm facing down. Keep your elbow close to your side and slowly curl your forearm up towards your shoulder. Pause for a moment at the top, then slowly lower your forearm back down to the starting position. Repeat for the desired number of repetitions.",images/1413-gVlnLIJ.jpg,videos/1413-gVlnLIJ.gif,videos/1413-gVlnLIJ.gif,true,false
0209,cable reverse preacher curl,exercisedb,0209,upper arms,upper arms,forearms,cable,,"Adjust the cable machine so that the preacher curl pad is at chest height. Sit on the preacher curl bench and place your upper arms on the pad, with your palms facing down and your elbows fully extended. Grab the cable handles with an underhand grip, shoulder-width apart. Keeping your upper arms stationary, exhale and curl the handles towards your shoulders, contracting your biceps. Pause for a moment at the top of the movement, squeezing your biceps. Inhale and slowly lower the handles back to the starting position, fully extending your elbows. Repeat for the desired number of repetitions.",images/0209-IwX5NqK.jpg,videos/0209-IwX5NqK.gif,videos/0209-IwX5NqK.gif,true,false
0210,cable reverse wrist curl,exercisedb,0210,lower arms,lower arms,forearms,cable,,"Attach a cable to a low pulley and sit on a bench facing the cable machine. Grasp the cable handle with an overhand grip, palms facing down. Rest your forearms on your thighs, with your wrists hanging off the edge. Keeping your forearms stationary, exhale and curl your wrists upward as far as possible. Pause for a moment at the top, then inhale and slowly lower your wrists back down to the starting position. Repeat for the desired number of repetitions.",images/0210-eYmsEPR.jpg,videos/0210-eYmsEPR.gif,videos/0210-eYmsEPR.gif,true,false
0207,cable reverse-grip pushdown,exercisedb,0207,upper arms,upper arms,forearms,cable,,"Attach a straight bar to a high pulley cable machine. Stand facing the machine with your feet shoulder-width apart. Grasp the bar with an underhand grip, palms facing up, and your hands shoulder-width apart. Keep your elbows close to your sides and your upper arms stationary throughout the exercise. Using your triceps, push the bar down until your arms are fully extended and your triceps are contracted. Pause for a moment, then slowly return the bar to the starting position. Repeat for the desired number of repetitions.",images/0207-VjYliFZ.jpg,videos/0207-VjYliFZ.gif,videos/0207-VjYliFZ.gif,true,false
0208,cable reverse-grip straight back seated high row,exercisedb,0208,back,back,biceps,cable,,"Sit on the seat facing the cable machine with your feet flat on the floor. Grasp the cable attachment with an underhand grip, palms facing up, and your hands shoulder-width apart. Keep your back straight and lean slightly forward from your hips. Pull the cable towards your torso by retracting your shoulder blades and squeezing your back muscles. Pause for a moment at the peak of the contraction, then slowly release the cable back to the starting position. Repeat for the desired number of repetitions.",images/0208-PNtsX17.jpg,videos/0208-PNtsX17.gif,videos/0208-PNtsX17.gif,true,false
1320,cable rope crossover seated row,exercisedb,1320,back,back,biceps,cable,,"Sit on the rowing machine with your feet flat on the footrests and your knees slightly bent. Grasp the cable ropes with an overhand grip, palms facing each other. Lean back slightly, keeping your back straight and your core engaged. Pull the cable ropes towards your chest, squeezing your shoulder blades together. Pause for a moment at the peak of the movement, then slowly release the tension and return to the starting position. Repeat for the desired number of repetitions.",images/1320-UFGF6gk.jpg,videos/1320-UFGF6gk.gif,videos/1320-UFGF6gk.gif,true,false
1321,cable rope elevated seated row,exercisedb,1321,back,back,biceps,cable,,"Sit on the elevated seat facing the cable machine. Grab the cable rope handles with an overhand grip, palms facing each other. Keep your back straight and lean slightly back, maintaining a slight bend in your knees. Pull the cable towards your body by retracting your shoulder blades and squeezing your back muscles. Pause for a moment at the fully contracted position. Slowly release the tension and extend your arms back to the starting position. Repeat for the desired number of repetitions.",images/1321-c8oybX6.jpg,videos/1321-c8oybX6.gif,videos/1321-c8oybX6.gif,true,false
1322,cable rope extension incline bench row,exercisedb,1322,back,back,biceps,cable,,"Set up an incline bench at a 45-degree angle and attach a cable machine to the low pulley. Attach a rope handle to the cable machine and sit on the incline bench facing the machine. Grab the rope handle with an overhand grip and lean forward, keeping your back straight. Extend your arms fully, pulling the rope towards your upper chest while keeping your elbows close to your body. Squeeze your shoulder blades together at the end of the movement. Slowly release the tension and return to the starting position. Repeat for the desired number of repetitions.",images/1322-MgKwAAo.jpg,videos/1322-MgKwAAo.gif,videos/1322-MgKwAAo.gif,true,false
1639,cable rope hammer preacher curl,exercisedb,1639,upper arms,upper arms,forearms,cable,,"Attach a rope attachment to a low pulley cable machine. Stand facing the machine with your feet shoulder-width apart. Grasp the rope with a neutral grip (palms facing each other). Position your upper arms against the preacher bench pad, keeping your elbows slightly bent. Keeping your upper arms stationary, exhale and curl the rope towards your shoulders by contracting your biceps. Hold the contracted position for a brief pause as you squeeze your biceps. Inhale and slowly lower the rope back to the starting position. Repeat for the desired number of repetitions.",images/1639-PcPe0P5.jpg,videos/1639-PcPe0P5.gif,videos/1639-PcPe0P5.gif,true,false
1724,cable rope high pulley overhead tricep extension,exercisedb,1724,upper arms,upper arms,shoulders,cable,,"Attach a rope to a high pulley and adjust the weight accordingly. Stand facing away from the pulley machine with your feet shoulder-width apart. Grasp the rope with both hands, palms facing down, and bring your hands above your head. Keep your upper arms close to your head and perpendicular to the floor. Slowly lower the rope behind your head by bending your elbows. Pause for a moment, then extend your arms back to the starting position. Repeat for the desired number of repetitions.",images/1724-NN8nSNT.jpg,videos/1724-NN8nSNT.gif,videos/1724-NN8nSNT.gif,true,false
1725,cable rope incline tricep extension,exercisedb,1725,upper arms,upper arms,shoulders,cable,,"Attach a rope to a high pulley and adjust the incline bench to a comfortable angle. Stand facing away from the pulley with your feet shoulder-width apart. Grasp the rope with an overhand grip and extend your arms straight overhead. Keep your elbows close to your head and your upper arms stationary throughout the exercise. Lower the rope behind your head by bending your elbows until your forearms touch your biceps. Pause for a moment, then extend your arms back to the starting position. Repeat for the desired number of repetitions.",images/1725-ZujAdR9.jpg,videos/1725-ZujAdR9.gif,videos/1725-ZujAdR9.gif,true,false
1726,cable rope lying on floor tricep extension,exercisedb,1726,upper arms,upper arms,shoulders,cable,,"Attach a rope to a cable machine and set it to the lowest position. Lie on the floor facing up, with your head towards the cable machine. Hold the rope with both hands, palms facing each other, and extend your arms straight up towards the ceiling. Keep your upper arms stationary and slowly lower the rope towards your forehead, bending your elbows. Pause for a moment, then extend your arms back up to the starting position. Repeat for the desired number of repetitions.",images/1726-U3ffHlY.jpg,videos/1726-U3ffHlY.gif,videos/1726-U3ffHlY.gif,true,false
1640,cable rope one arm hammer preacher curl,exercisedb,1640,upper arms,upper arms,forearms,cable,,"Attach a rope handle to a low pulley cable machine. Stand facing the machine with your feet shoulder-width apart. Grasp the rope handle with an underhand grip, palms facing up. Position your upper arm against the preacher bench pad, keeping your elbow slightly bent. Keep your back straight and your core engaged throughout the exercise. Slowly curl the rope handle towards your shoulder, keeping your upper arm stationary. Squeeze your biceps at the top of the movement, then slowly lower the rope handle back to the starting position. Repeat for the desired number of repetitions, then switch arms.",images/1640-4hATdoB.jpg,videos/1640-4hATdoB.gif,videos/1640-4hATdoB.gif,true,false
1323,cable rope seated row,exercisedb,1323,back,back,biceps,cable,,"Sit on the rowing machine with your feet flat on the footrests and knees slightly bent. Grasp the cable ropes with an overhand grip, palms facing each other. Keep your back straight and lean slightly forward, maintaining a slight bend in your elbows. Pull the cable ropes towards your body, squeezing your shoulder blades together. Pause for a moment at the peak of the movement, then slowly release the tension and return to the starting position. Repeat for the desired number of repetitions.",images/1323-SJqRxOt.jpg,videos/1323-SJqRxOt.gif,videos/1323-SJqRxOt.gif,true,false
0211,cable russian twists (on stability ball),exercisedb,0211,waist,waist,obliques,cable,,"Sit on a stability ball with your feet flat on the ground and your knees bent at a 90-degree angle. Hold the cable handle with both hands and extend your arms straight out in front of you. Lean back slightly while keeping your back straight and your core engaged. Twist your torso to the right, bringing the cable handle towards your right hip. Pause for a moment, then twist your torso to the left, bringing the cable handle towards your left hip. Continue alternating twists for the desired number of repetitions.",images/0211-d9Xaxq6.jpg,videos/0211-d9Xaxq6.gif,videos/0211-d9Xaxq6.gif,true,false
2144,cable seated chest press,exercisedb,2144,chest,chest,shoulders,cable,,"Adjust the seat height and cable handles to a comfortable position. Sit on the bench with your back straight and feet flat on the floor. Grasp the cable handles with an overhand grip at shoulder height. Push the handles forward and away from your body, extending your arms fully. Pause for a moment, then slowly bring the handles back to the starting position. Repeat for the desired number of repetitions.",images/2144-nIR4Rwl.jpg,videos/2144-nIR4Rwl.gif,videos/2144-nIR4Rwl.gif,true,false
0212,cable seated crunch,exercisedb,0212,waist,waist,obliques,cable,,"Sit on a cable machine with your feet flat on the ground and your knees bent. Hold the cable handle with both hands and position it behind your head. Engage your abs and slowly curl your upper body forward, bringing your chest towards your knees. Pause for a moment at the top, then slowly return to the starting position. Repeat for the desired number of repetitions.",images/0212-8xUv4J7.jpg,videos/0212-8xUv4J7.gif,videos/0212-8xUv4J7.gif,true,false
1641,cable seated curl,exercisedb,1641,upper arms,upper arms,forearms,cable,,"Sit on a cable machine with your feet flat on the ground and your back straight. Grasp the cable attachment with an underhand grip, palms facing up, and your arms fully extended. Keeping your upper arms stationary, exhale and curl the cable attachment towards your shoulders, contracting your biceps. Pause for a moment at the top of the movement, squeezing your biceps. Inhale and slowly lower the cable attachment back to the starting position, fully extending your arms. Repeat for the desired number of repetitions.",images/1641-8oYqOt9.jpg,videos/1641-8oYqOt9.gif,videos/1641-8oYqOt9.gif,true,false
0213,cable seated high row (v-bar),exercisedb,0213,back,back,biceps,cable,,"Sit on the cable machine with your feet flat on the floor and your knees slightly bent. Grasp the v-bar attachment with an overhand grip, palms facing each other, and your hands shoulder-width apart. Keep your back straight and lean slightly forward from the hips. Pull the v-bar towards your torso by retracting your shoulder blades and squeezing your back muscles. Pause for a moment at the peak of the contraction, then slowly release the tension and return to the starting position. Repeat for the desired number of repetitions.",images/0213-pwt0pnM.jpg,videos/0213-pwt0pnM.gif,videos/0213-pwt0pnM.gif,true,false
0214,cable seated one arm alternate row,exercisedb,0214,back,back,biceps,cable,,"Sit on a bench facing a cable machine with your feet flat on the ground and knees slightly bent. Grasp the handle with one hand and keep your arm fully extended in front of you. Pull the handle towards your body, retracting your shoulder blade and keeping your elbow close to your side. Pause for a moment at the top of the movement, squeezing your back muscles. Slowly release the handle back to the starting position. Repeat with the other arm. Alternate between arms for the desired number of repetitions.",images/0214-vpp9Ku2.jpg,videos/0214-vpp9Ku2.gif,videos/0214-vpp9Ku2.gif,true,false
1642,cable seated one arm concentration curl,exercisedb,1642,upper arms,upper arms,forearms,cable,,"Sit on a bench with your feet flat on the floor and your back straight. Hold a cable handle with one hand and place your elbow on the inside of your thigh, just above the knee. Keep your upper arm stationary and curl the cable handle towards your shoulder while exhaling. Pause for a moment at the top of the movement, squeezing your biceps. Slowly lower the cable handle back to the starting position while inhaling. Repeat for the desired number of repetitions, then switch arms.",images/1642-rZ80Gbp.jpg,videos/1642-rZ80Gbp.gif,videos/1642-rZ80Gbp.gif,true,false
1643,cable seated overhead curl,exercisedb,1643,upper arms,upper arms,forearms,cable,,"Sit on a bench facing the cable machine with your feet flat on the ground. Grasp the cable attachment with an underhand grip, palms facing up, and your hands shoulder-width apart. Keep your upper arms stationary and your elbows close to your sides. Exhale and curl the cable attachment towards your shoulders, contracting your biceps. Pause for a moment at the top of the movement, squeezing your biceps. Inhale and slowly lower the cable attachment back to the starting position, fully extending your arms. Repeat for the desired number of repetitions.",images/1643-DpWMFP5.jpg,videos/1643-DpWMFP5.gif,videos/1643-DpWMFP5.gif,true,false
0215,cable seated rear lateral raise,exercisedb,0215,shoulders,shoulders,traps,cable,,"Sit on a bench facing the cable machine with your feet flat on the ground. Grasp the cable handles with an overhand grip and extend your arms straight in front of you. Keeping your arms straight, slowly raise them out to the sides until they are parallel to the floor. Pause for a moment at the top, then slowly lower your arms back to the starting position. Repeat for the desired number of repetitions.",images/0215-x825CZm.jpg,videos/0215-x825CZm.gif,videos/0215-x825CZm.gif,true,false
0861,cable seated row,exercisedb,0861,back,back,biceps,cable,,"Sit on the cable row machine with your feet flat on the footrests and your knees slightly bent. Grasp the handles with an overhand grip, keeping your back straight and your shoulders relaxed. Pull the handles towards your body, squeezing your shoulder blades together. Pause for a moment at the peak of the movement, then slowly release the handles back to the starting position. Repeat for the desired number of repetitions.",images/0861-fUBheHs.jpg,videos/0861-fUBheHs.gif,videos/0861-fUBheHs.gif,true,false
0216,cable seated shoulder internal rotation,exercisedb,0216,shoulders,shoulders,rotator cuff,cable,,"Sit on a bench or chair facing the cable machine with your feet flat on the ground. Hold the cable handle with your arm extended straight out in front of you, parallel to the ground. Keep your elbow slightly bent and your shoulder blades pulled back and down. Slowly rotate your arm inward, bringing the cable handle towards the center of your body. Pause for a moment at the end of the movement, then slowly return to the starting position. Repeat for the desired number of repetitions, then switch arms.",images/0216-YPoVrBi.jpg,videos/0216-YPoVrBi.gif,videos/0216-YPoVrBi.gif,true,false
2399,cable seated twist,exercisedb,2399,waist,waist,obliques,cable,,"Sit on a cable machine with your feet flat on the ground and your knees slightly bent. Hold the cable handle with both hands and extend your arms straight in front of you. Keeping your core engaged, slowly rotate your torso to one side, pulling the cable across your body. Pause for a moment at the end of the range of motion, then slowly rotate back to the starting position. Repeat on the other side. Continue alternating sides for the desired number of repetitions.",images/2399-UEjSrKI.jpg,videos/2399-UEjSrKI.gif,videos/2399-UEjSrKI.gif,true,false
0218,cable seated wide-grip row,exercisedb,0218,back,back,biceps,cable,,"Sit on the cable row machine with your feet flat on the footrests and your knees slightly bent. Grasp the handle with a wide overhand grip, palms facing down. Keep your back straight and lean slightly forward from the hips. Pull the handle towards your lower chest, squeezing your shoulder blades together. Pause for a moment at the peak of the contraction. Slowly release the handle back to the starting position, fully extending your arms. Repeat for the desired number of repetitions.",images/0218-qcY50ZD.jpg,videos/0218-qcY50ZD.gif,videos/0218-qcY50ZD.gif,true,false
0219,cable shoulder press,exercisedb,0219,shoulders,shoulders,triceps,cable,,"Adjust the cable machine so that the handles are at shoulder height. Stand facing away from the machine with your feet shoulder-width apart. Grasp the handles with an overhand grip and bring them up to shoulder level, with your elbows bent and pointing outwards. Press the handles upwards until your arms are fully extended overhead. Pause for a moment at the top, then slowly lower the handles back down to shoulder level. Repeat for the desired number of repetitions.",images/0219-PzQanLE.jpg,videos/0219-PzQanLE.gif,videos/0219-PzQanLE.gif,true,false
0220,cable shrug,exercisedb,0220,back,back,shoulders,cable,,"Stand facing the cable machine with your feet shoulder-width apart. Grasp the cable handles with an overhand grip and let your arms hang down in front of you. Keeping your arms straight, shrug your shoulders up towards your ears. Hold the contraction for a moment, then slowly lower your shoulders back down to the starting position. Repeat for the desired number of repetitions.",images/0220-Eg98Ft9.jpg,videos/0220-Eg98Ft9.gif,videos/0220-Eg98Ft9.gif,true,false
0222,cable side bend,exercisedb,0222,waist,waist,obliques,cable,,"Stand with your feet shoulder-width apart and grasp the cable handle with one hand. Keep your back straight and your core engaged. Slowly bend sideways at the waist, lowering the cable handle towards your knee. Pause for a moment, then return to the starting position. Repeat on the other side. Alternate sides for the desired number of repetitions.",images/0222-wPypxFY.jpg,videos/0222-wPypxFY.gif,videos/0222-wPypxFY.gif,true,false
0221,cable side bend crunch (bosu ball),exercisedb,0221,waist,waist,obliques,cable,,"Stand with your feet shoulder-width apart, holding a cable handle in one hand. Place the other hand on your hip. Engage your core and slowly bend sideways towards the hand holding the cable, keeping your back straight. Pause for a moment at the bottom of the movement, then slowly return to the starting position. Repeat for the desired number of repetitions, then switch sides.",images/0221-qatbkEd.jpg,videos/0221-qatbkEd.gif,videos/0221-qatbkEd.gif,true,false
0223,cable side crunch,exercisedb,0223,waist,waist,obliques,cable,,"Attach a cable handle to a low pulley and stand sideways to the machine. Grasp the handle with the hand furthest from the machine and place your other hand on your hip. Keep your feet shoulder-width apart and your knees slightly bent. With your abs engaged, bend sideways at the waist, bringing your elbow down towards your hip. Pause for a moment at the bottom, then slowly return to the starting position. Repeat for the desired number of repetitions, then switch sides.",images/0223-q2ADGqV.jpg,videos/0223-q2ADGqV.gif,videos/0223-q2ADGqV.gif,true,false
1717,cable squat row (with rope attachment),exercisedb,1717,back,back,biceps,cable,,"Attach a rope to a cable machine at waist height. Stand facing the cable machine with your feet shoulder-width apart. Bend your knees and lower your body into a squat position, keeping your back straight and chest up. Grasp the rope with an overhand grip, with your hands shoulder-width apart. Engage your core and pull the rope towards your body, squeezing your shoulder blades together. Keep your elbows close to your body and continue pulling until your hands reach your chest. Pause for a moment at the top of the movement, then slowly release the rope and extend your arms back to the starting position. Repeat for the desired number of repetitions.",images/1717-f7fnAIB.jpg,videos/1717-f7fnAIB.gif,videos/1717-f7fnAIB.gif,true,false
1644,cable squatting curl,exercisedb,1644,upper arms,upper arms,forearms,cable,,"Attach a cable handle to the lowest setting on a cable machine. Stand facing the machine with your feet shoulder-width apart. Hold the cable handle with an underhand grip, palms facing up, and arms fully extended. Lower your body into a squat position, keeping your back straight and knees behind your toes. As you squat down, curl the cable handle towards your shoulders, keeping your elbows close to your sides. Pause for a moment at the top of the curl, squeezing your biceps. Slowly lower the cable handle back to the starting position, fully extending your arms. Repeat for the desired number of repetitions.",images/1644-3XFdb1Z.jpg,videos/1644-3XFdb1Z.gif,videos/1644-3XFdb1Z.gif,true,false
0224,cable standing back wrist curl,exercisedb,0224,lower arms,lower arms,biceps,cable,,"Stand facing a cable machine with your feet shoulder-width apart. Hold the cable handle with an overhand grip, palms facing down. Keep your arms straight and your elbows close to your sides. Slowly curl your wrists upward, bringing the cable handle towards your body. Pause for a moment at the top, then slowly lower the cable handle back to the starting position. Repeat for the desired number of repetitions.",images/0224-VhX2JdE.jpg,videos/0224-VhX2JdE.gif,videos/0224-VhX2JdE.gif,true,false
1375,cable standing calf raise,exercisedb,1375,lower legs,lower legs,hamstrings,cable,,"Stand facing a cable machine with your feet shoulder-width apart. Hold onto the cable machine handles or attach a cable ankle strap to your ankles. Raise your heels off the ground by extending your ankles as high as possible. Pause for a moment at the top, then slowly lower your heels back down to the starting position. Repeat for the desired number of repetitions.",images/1375-yl2IYyy.jpg,videos/1375-yl2IYyy.gif,videos/1375-yl2IYyy.gif,true,false
0225,cable standing cross-over high reverse fly,exercisedb,0225,shoulders,shoulders,trapezius,cable,,"Attach a D-handle to each side of a cable machine at shoulder height. Stand in the middle of the cable machine with your feet shoulder-width apart. Grasp the handles with an overhand grip and extend your arms out to the sides, palms facing forward. Keep a slight bend in your elbows and maintain a straight back throughout the exercise. Engage your shoulder muscles and squeeze your shoulder blades together as you pull the handles towards the front of your body. Pause for a moment at the peak of the movement, then slowly return to the starting position. Repeat for the desired number of repetitions.",images/0225-P5p0j8B.jpg,videos/0225-P5p0j8B.gif,videos/0225-P5p0j8B.gif,true,false
0226,cable standing crunch,exercisedb,0226,waist,waist,obliques,cable,,"Attach a cable handle to a high pulley and stand facing away from the machine. Hold the handle with both hands and place it behind your head, keeping your elbows bent. Stand with your feet shoulder-width apart and your knees slightly bent. Keeping your abs engaged, exhale and crunch your torso down towards your knees, bringing your elbows towards your thighs. Pause for a moment at the bottom of the movement, then slowly return to the starting position. Repeat for the desired number of repetitions.",images/0226-jpgqxiS.jpg,videos/0226-jpgqxiS.gif,videos/0226-jpgqxiS.gif,true,false
0874,cable standing crunch (with rope attachment),exercisedb,0874,waist,waist,obliques,cable,,"Attach a rope to a cable machine at chest height. Stand facing away from the machine with your feet shoulder-width apart. Hold the rope with both hands and bring it behind your head, keeping your elbows bent. Engage your abs and slowly crunch your torso forward, bringing your elbows towards your knees. Pause for a moment at the top of the crunch, then slowly return to the starting position. Repeat for the desired number of repetitions.",images/0874-XU3ePuv.jpg,videos/0874-XU3ePuv.gif,videos/0874-XU3ePuv.gif,true,false
0227,cable standing fly,exercisedb,0227,chest,chest,deltoids,cable,,"Attach the handles to the cables at chest height. Stand with your feet shoulder-width apart, facing away from the cable machine. Grasp the handles with an overhand grip, palms facing forward. Step forward slightly to create tension in the cables. Keep your core engaged and your back straight throughout the exercise. With a slight bend in your elbows, slowly bring your arms forward and together in front of your chest. Squeeze your chest muscles at the peak of the movement. Slowly reverse the movement, returning your arms to the starting position. Repeat for the desired number of repetitions.",images/0227-Pr9Rhf4.jpg,videos/0227-Pr9Rhf4.gif,videos/0227-Pr9Rhf4.gif,true,false
0228,cable standing hip extension,exercisedb,0228,upper legs,upper legs,hamstrings,cable,,"Attach a cable to a low pulley and stand facing away from the machine. Place the cable around your ankle and stand with your feet shoulder-width apart. Keep your core engaged and your back straight throughout the exercise. Slowly extend your leg straight back, squeezing your glutes at the top of the movement. Pause for a moment, then return to the starting position. Repeat for the desired number of repetitions. Switch sides and repeat with the other leg.",images/0228-Kpajagk.jpg,videos/0228-Kpajagk.gif,videos/0228-Kpajagk.gif,true,false
0229,cable standing inner curl,exercisedb,0229,upper arms,upper arms,forearms,cable,,"Stand facing a cable machine with your feet shoulder-width apart. Grasp the cable handle with an underhand grip, palms facing up. Keep your elbows close to your sides and your upper arms stationary. Exhale and curl the cable handle towards your shoulders, contracting your biceps. Pause for a moment at the top of the movement, squeezing your biceps. Inhale and slowly lower the cable handle back to the starting position. Repeat for the desired number of repetitions.",images/0229-YwnI4ja.jpg,videos/0229-YwnI4ja.gif,videos/0229-YwnI4ja.gif,true,false
0230,cable standing lift,exercisedb,0230,waist,waist,obliques,cable,,"Stand facing the cable machine with your feet shoulder-width apart. Hold the cable handle with both hands and position it at waist height. Engage your core and maintain a straight back throughout the exercise. Keeping your arms straight, exhale and lift the cable handle up towards your opposite shoulder, rotating your torso. Pause for a moment at the top, then inhale and slowly lower the cable handle back to the starting position. Repeat for the desired number of repetitions, then switch sides.",images/0230-qFpAkpP.jpg,videos/0230-qFpAkpP.gif,videos/0230-qFpAkpP.gif,true,false
0231,cable standing one arm triceps extension,exercisedb,0231,upper arms,upper arms,shoulders,cable,,"Stand with your feet shoulder-width apart, facing the cable machine. Hold the cable handle with your right hand, palm facing down, and position your arm so that it is fully extended and parallel to the ground. Keep your elbow stationary and close to your body. Slowly bend your elbow, lowering the cable handle towards the back of your head. Pause for a moment at the bottom of the movement, then extend your arm back to the starting position. Repeat for the desired number of repetitions, then switch sides and perform the exercise with your left arm.",images/0231-sYCcnon.jpg,videos/0231-sYCcnon.gif,videos/0231-sYCcnon.gif,true,false
1376,cable standing one leg calf raise,exercisedb,1376,lower legs,lower legs,ankles,cable,,"Stand facing a cable machine with your feet shoulder-width apart. Hold onto the cable machine for support. Lift one leg off the ground and balance on the other leg. Slowly raise your heel off the ground, lifting your body up onto your toes. Pause for a moment at the top, then slowly lower your heel back down to the starting position. Repeat for the desired number of repetitions, then switch legs.",images/1376-fgc9Xdl.jpg,videos/1376-fgc9Xdl.gif,videos/1376-fgc9Xdl.gif,true,false
0232,cable standing pulldown (with rope),exercisedb,0232,upper arms,upper arms,forearms,cable,,"Attach a rope to the cable machine at the highest setting. Stand facing the machine with your feet shoulder-width apart. Grasp the rope with an overhand grip, palms facing down. Keep your back straight and core engaged throughout the exercise. Pull the rope down towards your thighs, squeezing your biceps. Pause for a moment at the bottom, then slowly release the rope back up. Repeat for the desired number of repetitions.",images/0232-CvPn9WV.jpg,videos/0232-CvPn9WV.gif,videos/0232-CvPn9WV.gif,true,false
0233,cable standing rear delt row (with rope),exercisedb,0233,shoulders,shoulders,trapezius,cable,,"Stand facing a cable machine with your feet shoulder-width apart. Hold the cable attachment with both hands, palms facing each other, and step back to create tension in the cable. Keep your back straight and your core engaged. Pull the cable towards your body, squeezing your shoulder blades together. Pause for a moment at the peak of the movement, then slowly release the cable back to the starting position. Repeat for the desired number of repetitions.",images/0233-ZfyAGhK.jpg,videos/0233-ZfyAGhK.gif,videos/0233-ZfyAGhK.gif,true,false
1727,cable standing reverse grip one arm overhead tricep extension,exercisedb,1727,upper arms,upper arms,shoulders,cable,,"Stand facing away from the cable machine with your feet shoulder-width apart. Hold the cable handle with an underhand grip and extend your arm overhead, keeping your elbow close to your head. Keep your upper arm stationary and slowly lower the cable handle behind your head by bending your elbow. Pause for a moment at the bottom, then extend your arm back to the starting position. Repeat for the desired number of repetitions, then switch arms.",images/1727-i11JWU7.jpg,videos/1727-i11JWU7.gif,videos/1727-i11JWU7.gif,true,false
0234,cable standing row (v-bar),exercisedb,0234,back,back,biceps,cable,,"Stand facing the cable machine with your feet shoulder-width apart. Grasp the v-bar attachment with an overhand grip, palms facing down. Keep your back straight and your core engaged. Pull the v-bar towards your body, squeezing your shoulder blades together. Pause for a moment at the peak of the movement, then slowly release the tension and return to the starting position. Repeat for the desired number of repetitions.",images/0234-4f8RXP8.jpg,videos/0234-4f8RXP8.gif,videos/0234-4f8RXP8.gif,true,false
0235,cable standing shoulder external rotation,exercisedb,0235,shoulders,shoulders,rotator cuff,cable,,"Stand with your feet shoulder-width apart and your knees slightly bent. Hold the cable handle with your arm extended in front of you, parallel to the ground. Keep your elbow slightly bent and your shoulder blades pulled back. Slowly rotate your arm outward, away from your body, while keeping your elbow in the same position. Pause for a moment at the end of the movement, then slowly return to the starting position. Repeat for the desired number of repetitions.",images/0235-FWdVhcW.jpg,videos/0235-FWdVhcW.gif,videos/0235-FWdVhcW.gif,true,false
0236,cable standing twist row (v-bar),exercisedb,0236,back,back,biceps,cable,,"Attach a v-bar attachment to a cable machine at chest height. Stand facing the cable machine with your feet shoulder-width apart. Grasp the v-bar with an overhand grip, palms facing down. Take a step back to create tension in the cable. Keep your back straight and core engaged throughout the exercise. Pull the v-bar towards your torso by retracting your shoulder blades and bending your elbows. As you pull, twist your torso to one side, squeezing your shoulder blades together. Pause for a moment at the top of the movement, feeling the contraction in your upper back. Slowly release the tension and return to the starting position, untwisting your torso. Repeat the movement for the desired number of repetitions, alternating the twisting direction with each rep.",images/0236-JOZhu2h.jpg,videos/0236-JOZhu2h.gif,videos/0236-JOZhu2h.gif,true,false
1269,cable standing up straight crossovers,exercisedb,1269,chest,chest,deltoids,cable,,"Stand in the middle of a cable machine with your feet shoulder-width apart. Hold the handles of the cables with your palms facing down and your arms extended straight out to the sides. Keeping your arms straight, bring your hands together in front of your body, crossing them over each other. Pause for a moment, then slowly return to the starting position, keeping your arms extended. Repeat for the desired number of repetitions.",images/1269-UKWTJWR.jpg,videos/1269-UKWTJWR.gif,videos/1269-UKWTJWR.gif,true,false
0238,cable straight arm pulldown,exercisedb,0238,back,back,shoulders,cable,,"Attach a straight bar to the high pulley of a cable machine. Stand facing the machine with your feet shoulder-width apart. Grasp the bar with an overhand grip, keeping your arms straight and your palms facing down. Engage your lats and pull the bar down towards your thighs, keeping your arms straight throughout the movement. Pause for a moment at the bottom, then slowly return the bar to the starting position. Repeat for the desired number of repetitions.",images/0238-x69MAlq.jpg,videos/0238-x69MAlq.gif,videos/0238-x69MAlq.gif,true,false
0237,cable straight arm pulldown (with rope),exercisedb,0237,back,back,biceps,cable,,"Attach a rope to the cable machine at the highest setting. Stand facing the machine with your feet shoulder-width apart. Grasp the rope with both hands, palms facing down. Extend your arms fully in front of you, keeping your elbows slightly bent. Engage your lats and slowly pull the rope down towards your thighs, keeping your arms straight. Pause for a moment at the bottom, then slowly release the tension and return to the starting position. Repeat for the desired number of repetitions.",images/0237-DT14T9T.jpg,videos/0237-DT14T9T.gif,videos/0237-DT14T9T.gif,true,false
0239,cable straight back seated row,exercisedb,0239,back,back,biceps,cable,,"Sit on the cable row machine with your feet flat on the footrests and your knees slightly bent. Grasp the cable handles with an overhand grip, palms facing down. Keep your back straight and lean slightly forward from the hips. Pull the cable handles towards your body, squeezing your shoulder blades together. Pause for a moment at the peak of the movement, then slowly release the handles back to the starting position. Repeat for the desired number of repetitions.",images/0239-Tq6gbK6.jpg,videos/0239-Tq6gbK6.gif,videos/0239-Tq6gbK6.gif,true,false
0240,cable supine reverse fly,exercisedb,0240,shoulders,shoulders,trapezius,cable,,"Attach a D-handle to a low pulley cable machine and lie face down on a flat bench. Grasp the D-handle with each hand, palms facing down, and extend your arms straight out in front of you. Keeping your arms straight, raise them out to the sides until they are parallel to the floor. Pause for a moment at the top, then slowly lower your arms back down to the starting position. Repeat for the desired number of repetitions.",images/0240-PQcUlDi.jpg,videos/0240-PQcUlDi.gif,videos/0240-PQcUlDi.gif,true,false
2464,cable thibaudeau kayak row,exercisedb,2464,back,back,biceps,cable,,"Attach a cable handle to a low pulley and sit facing the machine with your feet flat on the floor. Grasp the handle with your right hand and extend your arm fully, keeping a slight bend in your elbow. Lean forward from your hips, keeping your back straight and your abs engaged. Pull the handle towards your torso by retracting your shoulder blade and bending your elbow, keeping your arm close to your body. Squeeze your back muscles at the top of the movement, then slowly return to the starting position. Repeat for the desired number of repetitions, then switch sides and perform with your left arm.",images/2464-ZgwWBoC.jpg,videos/2464-ZgwWBoC.gif,videos/2464-ZgwWBoC.gif,true,false
0241,cable triceps pushdown (v-bar),exercisedb,0241,upper arms,upper arms,forearms,cable,,"Attach a v-bar attachment to the cable machine at the highest setting. Stand facing the cable machine with your feet shoulder-width apart. Grasp the v-bar with an overhand grip, palms facing down, and your hands shoulder-width apart. Keep your elbows close to your sides and your upper arms stationary throughout the exercise. Engage your triceps and exhale as you push the v-bar down until your arms are fully extended. Pause for a moment at the bottom of the movement, squeezing your triceps. Inhale as you slowly return the v-bar to the starting position, maintaining control. Repeat for the desired number of repetitions.",images/0241-gAwDzB3.jpg,videos/0241-gAwDzB3.gif,videos/0241-gAwDzB3.gif,true,false
2405,cable triceps pushdown (v-bar) (with arm blaster),exercisedb,2405,upper arms,upper arms,forearms,cable,,"Attach a v-bar attachment to the cable machine at the highest setting. Stand facing the cable machine with your feet shoulder-width apart. Grasp the v-bar with an overhand grip, palms facing down, and your hands shoulder-width apart. Keep your elbows close to your sides and your upper arms stationary throughout the exercise. Engage your triceps and exhale as you push the v-bar down until your arms are fully extended. Pause for a moment at the bottom of the movement, squeezing your triceps. Inhale as you slowly return the v-bar to the starting position, maintaining control. Repeat for the desired number of repetitions.",images/2405-OxJk1fg.jpg,videos/2405-OxJk1fg.gif,videos/2405-OxJk1fg.gif,true,false
0242,cable tuck reverse crunch,exercisedb,0242,waist,waist,hip flexors,cable,,"Attach a cable to a low pulley and lie down on a mat facing up. Hold the cable with both hands and extend your arms straight up above your chest. Bend your knees and lift your legs up, bringing your knees towards your chest. At the same time, curl your pelvis up towards your chest, lifting your hips off the ground. Pause for a moment at the top, then slowly lower your legs and hips back down to the starting position. Repeat for the desired number of repetitions.",images/0242-TXtXc84.jpg,videos/0242-TXtXc84.gif,videos/0242-TXtXc84.gif,true,false
0243,cable twist,exercisedb,0243,waist,waist,obliques,cable,,"Stand with your feet shoulder-width apart, facing the cable machine. Hold the cable handle with both hands in front of your chest, keeping your arms slightly bent. Engage your core and twist your torso to the right, pulling the cable across your body. Pause for a moment at the end of the movement, feeling the contraction in your abs and obliques. Slowly return to the starting position, resisting the cable's pull. Repeat the movement to the left side. Continue alternating sides for the desired number of repetitions.",images/0243-aVs3BR3.jpg,videos/0243-aVs3BR3.gif,videos/0243-aVs3BR3.gif,true,false
0862,cable twist (up-down),exercisedb,0862,waist,waist,obliques,cable,,"Stand with your feet shoulder-width apart, facing the cable machine. Hold the cable handle with both hands in front of your chest, keeping your arms slightly bent. Engage your core and slowly rotate your torso to one side, keeping your hips and legs stable. Pause for a moment at the end of the rotation, then slowly return to the starting position. Repeat the rotation to the opposite side. Continue alternating sides for the desired number of repetitions.",images/0862-fhZQPlV.jpg,videos/0862-fhZQPlV.gif,videos/0862-fhZQPlV.gif,true,false
0244,cable twisting pull,exercisedb,0244,back,back,shoulders,cable,,"Attach a cable handle to a low pulley and stand facing the machine. Grasp the handle with your left hand and step away from the machine, extending your arm fully. Position your feet shoulder-width apart, with your knees slightly bent. Keep your back straight and your core engaged throughout the exercise. Pull the handle towards your body, rotating your torso to the right as you do so. Squeeze your back muscles at the end of the movement. Slowly return to the starting position, keeping tension on the cable. Repeat for the desired number of repetitions, then switch sides and perform with your right hand.",images/0244-zCgxPbV.jpg,videos/0244-zCgxPbV.gif,videos/0244-zCgxPbV.gif,true,false
1645,cable two arm curl on incline bench,exercisedb,1645,upper arms,upper arms,forearms,cable,,"Sit on an incline bench with your back against the pad and your feet flat on the ground. Grasp the cable handles with an underhand grip, palms facing up, and your arms fully extended. Keeping your upper arms stationary, exhale and curl the handles towards your shoulders while contracting your biceps. Pause for a moment at the top of the movement, squeezing your biceps. Inhale and slowly lower the handles back to the starting position, fully extending your arms. Repeat for the desired number of repetitions.",images/1645-H9y3Dkr.jpg,videos/1645-H9y3Dkr.gif,videos/1645-H9y3Dkr.gif,true,false
1728,cable two arm tricep kickback,exercisedb,1728,upper arms,upper arms,shoulders,cable,,"Stand with your feet shoulder-width apart and knees slightly bent. Hold the cable handle in each hand with your palms facing inwards and your arms bent at a 90-degree angle. Keeping your upper arms stationary, extend your forearms backwards until your arms are fully extended. Pause for a moment, then slowly return to the starting position. Repeat for the desired number of repetitions.",images/1728-vvNjDJS.jpg,videos/1728-vvNjDJS.gif,videos/1728-vvNjDJS.gif,true,false
0245,cable underhand pulldown,exercisedb,0245,back,back,biceps,cable,,"Adjust the cable machine so that the pulldown bar is at a height above your head. Sit down on the seat and grab the pulldown bar with an underhand grip, hands slightly wider than shoulder-width apart. Keep your back straight and lean back slightly. Pull the bar down towards your chest, squeezing your shoulder blades together. Pause for a moment at the bottom of the movement, then slowly release the bar back up to the starting position. Repeat for the desired number of repetitions.",images/0245-xBYcQHj.jpg,videos/0245-xBYcQHj.gif,videos/0245-xBYcQHj.gif,true,false
1270,cable upper chest crossovers,exercisedb,1270,chest,chest,deltoids,cable,,"Attach the handles to the cables at chest height. Stand in the center of the cable machine with one foot slightly in front of the other. Grasp the handles with your palms facing down and your arms extended out to the sides. Keep a slight bend in your elbows and engage your core. Pull the cables together in front of your chest, crossing them over each other. Squeeze your chest muscles at the peak of the movement. Slowly release the cables back to the starting position. Repeat for the desired number of repetitions.",images/1270-j7XMAyn.jpg,videos/1270-j7XMAyn.gif,videos/1270-j7XMAyn.gif,true,false
1324,cable upper row,exercisedb,1324,back,back,biceps,cable,,"Attach a straight bar to a cable machine at chest height. Stand facing the machine with your feet shoulder-width apart. Grasp the bar with an overhand grip, hands slightly wider than shoulder-width apart. Keep your back straight and your core engaged. Pull the bar towards your upper chest, squeezing your shoulder blades together. Pause for a moment at the top of the movement. Slowly release the bar back to the starting position. Repeat for the desired number of repetitions.",images/1324-PQStVXH.jpg,videos/1324-PQStVXH.gif,videos/1324-PQStVXH.gif,true,false
0246,cable upright row,exercisedb,0246,shoulders,shoulders,traps,cable,,"Stand with your feet shoulder-width apart, knees slightly bent, and hold the cable attachment with an overhand grip. Keep your back straight and your core engaged throughout the exercise. Pull the cable attachment straight up towards your chin, leading with your elbows. Pause for a moment at the top, squeezing your shoulder blades together. Slowly lower the cable attachment back down to the starting position. Repeat for the desired number of repetitions.",images/0246-cALKspW.jpg,videos/0246-cALKspW.gif,videos/0246-cALKspW.gif,true,false
1325,cable wide grip rear pulldown behind neck,exercisedb,1325,back,back,biceps,cable,,"Adjust the cable machine so that the pulldown bar is at a height above your head. Sit down on the seat and grab the pulldown bar with a wide overhand grip. Keep your back straight and your chest up as you lean back slightly. Pull the bar down towards your upper chest, squeezing your shoulder blades together. Pause for a moment at the bottom of the movement, then slowly release the bar back up to the starting position. Repeat for the desired number of repetitions.",images/1325-CmEr4pM.jpg,videos/1325-CmEr4pM.gif,videos/1325-CmEr4pM.gif,true,false
0247,cable wrist curl,exercisedb,0247,lower arms,lower arms,biceps,cable,,"Attach a straight bar to a low pulley cable machine. Stand facing the machine with your feet shoulder-width apart. Grasp the bar with an underhand grip, palms facing up, and your hands shoulder-width apart. Rest your forearms on a bench or pad, with your wrists hanging off the edge. Keeping your forearms stationary, exhale and curl your wrists upward as far as possible. Pause for a moment at the top, then inhale and slowly lower the bar back to the starting position. Repeat for the desired number of repetitions.",images/0247-LrV4s90.jpg,videos/0247-LrV4s90.gif,videos/0247-LrV4s90.gif,true,false
1407,calf push stretch with hands against wall,exercisedb,1407,lower legs,lower legs,hamstrings,body weight,,"Stand facing a wall with your feet hip-width apart. Place your hands against the wall at shoulder height. Step back with one foot, keeping your heel on the ground and your leg straight. Bend your front knee slightly and lean forward, feeling a stretch in your calf. Hold the stretch for 20-30 seconds. Switch legs and repeat the stretch.",images/1407-PzNxakt.jpg,videos/1407-PzNxakt.gif,videos/1407-PzNxakt.gif,true,false
1377,calf stretch with hands against wall,exercisedb,1377,lower legs,lower legs,hamstrings,body weight,,"Stand facing a wall with your feet hip-width apart. Place your hands against the wall at shoulder height. Step your right foot back, keeping your heel on the ground and your leg straight. Bend your left knee and lean forward, keeping your back leg straight and your heel on the ground. Hold the stretch for 20-30 seconds. Switch legs and repeat the stretch.",images/1377-m0tCHqc.jpg,videos/1377-m0tCHqc.gif,videos/1377-m0tCHqc.gif,true,false
1378,calf stretch with rope,exercisedb,1378,lower legs,lower legs,hamstrings,rope,,"Stand facing a wall or sturdy object with your feet hip-width apart. Hold the ends of the rope in each hand and place the middle of the rope around the ball of your right foot. Step back with your left foot, keeping your heel on the ground and your leg straight. Lean forward, keeping your back straight, and gently pull on the rope to stretch your calf. Hold the stretch for 20-30 seconds, then release. Repeat on the other leg.",images/1378-1LVFcEn.jpg,videos/1378-1LVFcEn.gif,videos/1378-1LVFcEn.gif,true,false
0248,cambered bar lying row,exercisedb,0248,back,back,biceps,barbell,,"Set up a barbell on the floor and lie face down on a bench with your chest just off the edge. Reach down and grab the barbell with an overhand grip, slightly wider than shoulder-width apart. With your legs straight and feet on the ground, lift the barbell off the floor by extending your arms. Pull the barbell towards your chest, squeezing your shoulder blades together. Lower the barbell back down to the starting position and repeat for the desired number of repetitions.",images/0248-R5swFnc.jpg,videos/0248-R5swFnc.gif,videos/0248-R5swFnc.gif,true,false
2963,captains chair straight leg raise,exercisedb,2963,waist,waist,hip flexors,body weight,,"Sit on the captain's chair with your back against the backrest and your forearms resting on the arm pads. Keep your upper body stable and your back straight. Engage your abs and lift your legs up in front of you, keeping them straight. Continue lifting until your legs are parallel to the ground or as high as you can comfortably go. Pause for a moment at the top, then slowly lower your legs back down to the starting position. Repeat for the desired number of repetitions.",images/2963-weoDEpH.jpg,videos/2963-weoDEpH.gif,videos/2963-weoDEpH.gif,true,false
1548,chair leg extended stretch,exercisedb,1548,upper legs,upper legs,hamstrings,body weight,,"Sit on the edge of a chair with your back straight and feet flat on the ground. Extend one leg straight out in front of you, keeping your heel on the ground. Lean forward slightly, feeling a stretch in your quadriceps. Hold this position for 20-30 seconds. Switch legs and repeat the stretch.",images/1548-xGgAGPm.jpg,videos/1548-xGgAGPm.gif,videos/1548-xGgAGPm.gif,true,false
1271,chest and front of shoulder stretch,exercisedb,1271,chest,chest,deltoids,body weight,,"Stand tall with your feet shoulder-width apart. Extend your arms straight out in front of you at shoulder height. Cross your arms in front of your body, with your right arm on top of your left arm. Interlace your fingers and press your palms together. Gently squeeze your shoulder blades together and push your hands forward, feeling a stretch in your chest and front of your shoulders. Hold the stretch for 20-30 seconds, then release. Repeat for the desired number of repetitions.",images/1271-Uto7l43.jpg,videos/1271-Uto7l43.gif,videos/1271-Uto7l43.gif,true,false
0251,chest dip,exercisedb,0251,chest,chest,triceps,body weight,,Position yourself on parallel bars with your arms fully extended and your body straight. Lower your body by bending your elbows until your shoulders are below your elbows. Push yourself back up to the starting position by straightening your arms. Repeat for the desired number of repetitions.,images/0251-9WTm7dq.jpg,videos/0251-9WTm7dq.gif,videos/0251-9WTm7dq.gif,true,false
1430,chest dip (on dip-pull-up cage),exercisedb,1430,chest,chest,triceps,body weight,,"Adjust the dip bars to a height that allows you to comfortably grip them. Stand between the bars and place your hands on each bar, slightly wider than shoulder-width apart. Jump up and straighten your arms, supporting your body weight on the bars. Bend your knees and cross your ankles behind you. Lower your body by bending your elbows, keeping your chest up and your shoulders down. Continue lowering until your shoulders are below your elbows or until you feel a stretch in your chest. Push through your palms and extend your elbows to raise your body back up to the starting position. Repeat for the desired number of repetitions.",images/1430-XgWyAiA.jpg,videos/1430-XgWyAiA.gif,videos/1430-XgWyAiA.gif,true,false
2462,chest dip on straight bar,exercisedb,2462,chest,chest,triceps,body weight,,Grab the parallel bars with your palms facing down and your arms fully extended. Bend your knees and cross your ankles. Lower your body by bending your arms until your shoulders are below your elbows. Push yourself back up to the starting position by straightening your arms. Repeat for the desired number of repetitions.,images/2462-LQFOrMn.jpg,videos/2462-LQFOrMn.gif,videos/2462-LQFOrMn.gif,true,false
1272,chest stretch with exercise ball,exercisedb,1272,chest,chest,shoulders,stability ball,,"Sit on the stability ball with your feet flat on the ground and your back straight. Hold the exercise ball with both hands and extend your arms straight out in front of you. Slowly bring the exercise ball towards your chest, feeling a stretch in your chest muscles. Hold the stretch for a few seconds, then slowly return to the starting position. Repeat for the desired number of repetitions.",images/1272-ykA5tU7.jpg,videos/1272-ykA5tU7.gif,videos/1272-ykA5tU7.gif,true,false
3216,chest tap push-up (male),exercisedb,3216,chest,chest,triceps,body weight,,"Start in a high plank position with your hands slightly wider than shoulder-width apart and your body in a straight line. Lower your body towards the ground by bending your elbows, keeping them close to your sides. As you lower yourself, tap your chest with your right hand. Push yourself back up to the starting position. Repeat the movement, this time tapping your chest with your left hand. Continue alternating sides for the desired number of repetitions.",images/3216-7E06s6d.jpg,videos/3216-7E06s6d.gif,videos/3216-7E06s6d.gif,true,false
1326,chin-up,exercisedb,1326,back,back,biceps,body weight,,"Hang from a pull-up bar with your palms facing towards you and your hands shoulder-width apart. Engage your core and pull your body up towards the bar, leading with your chest. Continue pulling until your chin is above the bar. Pause for a moment at the top, then slowly lower your body back down to the starting position. Repeat for the desired number of repetitions.",images/1326-T2mxWqc.jpg,videos/1326-T2mxWqc.gif,videos/1326-T2mxWqc.gif,true,false
0253,chin-ups (narrow parallel grip),exercisedb,0253,back,back,biceps,body weight,,"Hang from a pull-up bar with a narrow parallel grip, palms facing towards you. Engage your back muscles and pull your body up towards the bar, keeping your elbows close to your body. Continue pulling until your chin is above the bar. Pause for a moment at the top, then slowly lower your body back down to the starting position. Repeat for the desired number of repetitions.",images/0253-G70mEAJ.jpg,videos/0253-G70mEAJ.gif,videos/0253-G70mEAJ.gif,true,false
0257,circles knee stretch,exercisedb,0257,lower legs,lower legs,hamstrings,body weight,,"Stand with your feet shoulder-width apart and your hands on your hips. Bend your knees slightly and lift your heels off the ground, balancing on the balls of your feet. Keeping your knees bent, rotate your knees in a circular motion, first clockwise and then counterclockwise. Perform the movement for the desired number of repetitions.",images/0257-X7jbxra.jpg,videos/0257-X7jbxra.gif,videos/0257-X7jbxra.gif,true,false
1273,clap push up,exercisedb,1273,chest,chest,triceps,body weight,,"Start in a high plank position with your hands slightly wider than shoulder-width apart. Lower your body towards the ground by bending your elbows, keeping your core engaged. Push through your palms explosively to propel your body off the ground. While in mid-air, clap your hands together before landing back in the starting position. Repeat for the desired number of repetitions.",images/1273-wigSg76.jpg,videos/1273-wigSg76.gif,videos/1273-wigSg76.gif,true,false
0258,clock push-up,exercisedb,0258,chest,chest,triceps,body weight,,"Start in a high plank position with your hands directly under your shoulders and your body in a straight line. Lower your body towards the ground by bending your elbows, keeping them close to your sides. As you lower, rotate your body to the left, extending your left arm straight out to the side. Push back up to the starting position, while rotating your body to the center. Repeat the push-up, this time rotating your body to the right and extending your right arm out to the side. Continue alternating sides with each repetition.",images/0258-CMAxnsG.jpg,videos/0258-CMAxnsG.gif,videos/0258-CMAxnsG.gif,true,false
1327,close grip chin-up,exercisedb,1327,back,back,biceps,body weight,,"Grab the pull-up bar with your palms facing towards you and your hands shoulder-width apart. Hang from the bar with your arms fully extended and your feet off the ground. Engage your back muscles and pull your body up towards the bar, keeping your elbows close to your body. Continue pulling until your chin is above the bar. Pause for a moment at the top, then slowly lower your body back down to the starting position. Repeat for the desired number of repetitions.",images/1327-VnfUNW7.jpg,videos/1327-VnfUNW7.gif,videos/1327-VnfUNW7.gif,true,false
0259,close-grip push-up,exercisedb,0259,upper arms,upper arms,chest,body weight,,"Start in a high plank position with your hands placed close together, directly under your shoulders. Engage your core and lower your body towards the ground, keeping your elbows close to your sides. Push through your palms to extend your arms and return to the starting position. Repeat for the desired number of repetitions.",images/0259-x6KpKpq.jpg,videos/0259-x6KpKpq.gif,videos/0259-x6KpKpq.gif,true,false
2398,close-grip push-up (on knees),exercisedb,2398,upper arms,upper arms,chest,body weight,,"Start by getting on your hands and knees, with your hands shoulder-width apart and your knees hip-width apart. Lower your upper body towards the ground by bending your elbows, keeping them close to your sides. Pause for a moment when your chest is just above the ground. Push through your palms to straighten your arms and return to the starting position. Repeat for the desired number of repetitions.",images/2398-v3vLFW0.jpg,videos/2398-v3vLFW0.gif,videos/2398-v3vLFW0.gif,true,false
0260,cocoons,exercisedb,0260,waist,waist,hip flexors,body weight,,"Lie flat on your back with your knees bent and feet flat on the ground. Place your hands behind your head with your elbows pointing outwards. Engaging your abs, slowly lift your upper body off the ground, curling forward until your torso is at a 45-degree angle. Pause for a moment at the top, then slowly lower your upper body back down to the starting position. Repeat for the desired number of repetitions.",images/0260-SLKj2pX.jpg,videos/0260-SLKj2pX.gif,videos/0260-SLKj2pX.gif,true,false
1468,crab twist toe touch,exercisedb,1468,waist,waist,obliques,body weight,,"Start by sitting on the ground with your knees bent and feet flat on the floor. Place your hands behind you, fingers pointing towards your feet, and lift your hips off the ground. Extend one leg straight out in front of you while simultaneously reaching your opposite hand towards your toes. Return to the starting position and repeat on the other side. Continue alternating sides for the desired number of repetitions.",images/1468-xgsGFVM.jpg,videos/1468-xgsGFVM.gif,videos/1468-xgsGFVM.gif,true,false
0262,cross body crunch,exercisedb,0262,waist,waist,obliques,body weight,,"Lie flat on your back with your knees bent and feet flat on the ground. Place your hands behind your head with your elbows pointing outwards. Engaging your abs, lift your upper body off the ground and twist to bring your right elbow towards your left knee. Pause for a moment at the top, then slowly lower your upper body back down to the starting position. Repeat on the other side, bringing your left elbow towards your right knee. Repeat for the desired number of repetitions.",images/0262-rbu5UUb.jpg,videos/0262-rbu5UUb.gif,videos/0262-rbu5UUb.gif,true,false
0267,crunch (hands overhead),exercisedb,0267,waist,waist,hip flexors,body weight,,"Lie flat on your back with your knees bent and feet flat on the ground. Extend your arms straight above your head. Engaging your abs, lift your upper body off the ground, curling forward towards your knees. Pause for a moment at the top, then slowly lower your upper body back down to the starting position. Repeat for the desired number of repetitions.",images/0267-kjJ3VoQ.jpg,videos/0267-kjJ3VoQ.gif,videos/0267-kjJ3VoQ.gif,true,false
0271,crunch (on stability ball),exercisedb,0271,waist,waist,hip flexors,stability ball,,"Sit on the stability ball with your feet flat on the ground and your knees bent at a 90-degree angle. Lie back on the ball until your lower back is supported and your upper body is parallel to the floor. Place your hands behind your head or across your chest. Engage your abs and lift your upper body towards your knees, curling your torso forward. Pause for a moment at the top of the movement, then slowly lower your upper body back down to the starting position. Repeat for the desired number of repetitions.",images/0271-MCUhf1F.jpg,videos/0271-MCUhf1F.gif,videos/0271-MCUhf1F.gif,true,false
0272,"crunch (on stability ball, arms straight)",exercisedb,0272,waist,waist,hip flexors,stability ball,,"Sit on the stability ball with your feet flat on the ground and your knees bent at a 90-degree angle. Lie back on the ball until your lower back is supported and your upper body is parallel to the floor. Place your hands behind your head or cross them over your chest. Engage your abs and lift your upper body off the ball, curling your shoulders towards your hips. Pause for a moment at the top, then slowly lower your upper body back down to the starting position. Repeat for the desired number of repetitions.",images/0272-Sn8wxAI.jpg,videos/0272-Sn8wxAI.gif,videos/0272-Sn8wxAI.gif,true,false
0274,crunch floor,exercisedb,0274,waist,waist,hip flexors,body weight,,"Lie flat on your back with your knees bent and feet flat on the ground. Place your hands behind your head with your elbows pointing outwards. Engage your abs and lift your shoulders off the ground, curling forward towards your knees. Pause for a moment at the top, then slowly lower your shoulders back down to the starting position. Repeat for the desired number of repetitions.",images/0274-TFqbd8t.jpg,videos/0274-TFqbd8t.gif,videos/0274-TFqbd8t.gif,true,false
3016,curl-up,exercisedb,3016,waist,waist,hip flexors,body weight,,"Lie flat on your back with your knees bent and feet flat on the ground. Place your hands behind your head with your elbows pointing outwards. Engaging your abs, slowly lift your upper body off the ground, curling forward until your torso is at a 45-degree angle. Pause for a moment at the top, then slowly lower your upper body back down to the starting position. Repeat for the desired number of repetitions.",images/3016-g2oKspu.jpg,videos/3016-g2oKspu.gif,videos/3016-g2oKspu.gif,true,false
3769,curtsey squat,exercisedb,3769,upper legs,upper legs,quadriceps,body weight,,"Stand with your feet shoulder-width apart. Take a step diagonally behind and across your body with your right foot, crossing it behind your left leg. Bend both knees as if you were curtsying, lowering your body towards the ground. Keep your torso upright and your weight on your front foot. Push through your front foot to return to the starting position. Repeat on the other side, stepping diagonally behind and across your body with your left foot.",images/3769-gUjqdei.jpg,videos/3769-gUjqdei.gif,videos/3769-gUjqdei.gif,true,false
2331,cycle cross trainer,exercisedb,2331,cardio,cardio,quadriceps,leverage machine,,Adjust the seat height and position yourself on the cycle cross trainer. Place your feet on the pedals and grip the handlebars. Start pedaling in a smooth and controlled motion. Maintain a steady pace and increase the resistance if desired. Continue pedaling for the desired duration of your cardio workout.,images/2331-XSCHmiI.jpg,videos/2331-XSCHmiI.gif,videos/2331-XSCHmiI.gif,true,false
0276,dead bug,exercisedb,0276,waist,waist,hip flexors,body weight,,"Lie flat on your back with your arms extended towards the ceiling. Bend your knees and lift your legs off the ground, creating a 90-degree angle at your hips and knees. Engage your core and lower back to press your lower back into the ground. Slowly lower your right arm and left leg towards the ground, keeping them straight and hovering just above the floor. Pause for a moment, then return to the starting position. Repeat the movement with your left arm and right leg. Continue alternating sides for the desired number of repetitions.",images/0276-iny3m5y.jpg,videos/0276-iny3m5y.gif,videos/0276-iny3m5y.gif,true,false
0277,decline crunch,exercisedb,0277,waist,waist,hip flexors,body weight,,"Lie on a decline bench with your feet secured and your knees bent at a 90-degree angle. Place your hands behind your head or across your chest. Engage your abs and lift your upper body towards your knees, curling your torso. Pause for a moment at the top, then slowly lower your upper body back down to the starting position. Repeat for the desired number of repetitions.",images/0277-9Ap7miY.jpg,videos/0277-9Ap7miY.gif,videos/0277-9Ap7miY.gif,true,false
0279,decline push-up,exercisedb,0279,chest,chest,triceps,body weight,,"Place your hands on the ground slightly wider than shoulder-width apart, with your feet elevated on a stable surface. Keep your body in a straight line from head to toe, engaging your core muscles. Lower your chest towards the ground by bending your elbows, keeping them close to your body. Push through your palms to extend your arms and return to the starting position. Repeat for the desired number of repetitions.",images/0279-i5cEhka.jpg,videos/0279-i5cEhka.gif,videos/0279-i5cEhka.gif,true,false
0282,decline sit-up,exercisedb,0282,waist,waist,hip flexors,body weight,,"Lie on a decline bench with your feet secured and your knees bent. Place your hands behind your head or across your chest. Engage your abs and lift your upper body off the bench, curling forward towards your knees. Pause for a moment at the top, then slowly lower your upper body back down to the starting position. Repeat for the desired number of repetitions.",images/0282-QLL2gdc.jpg,videos/0282-QLL2gdc.gif,videos/0282-QLL2gdc.gif,true,false
1274,deep push up,exercisedb,1274,chest,chest,triceps,dumbbell,,"Start in a high plank position with your hands slightly wider than shoulder-width apart and your body in a straight line. Lower your chest towards the ground by bending your elbows, keeping them close to your body. Push through your palms to extend your arms and return to the starting position. Repeat for the desired number of repetitions.",images/1274-vptOQ4N.jpg,videos/1274-vptOQ4N.gif,videos/1274-vptOQ4N.gif,true,false
0283,diamond push-up,exercisedb,0283,upper arms,upper arms,chest,body weight,,"Start in a high plank position with your hands close together, forming a diamond shape with your thumbs and index fingers. Keep your body in a straight line from head to toe, engaging your core and glutes. Lower your chest towards the diamond shape formed by your hands, keeping your elbows close to your body. Pause for a moment at the bottom, then push yourself back up to the starting position. Repeat for the desired number of repetitions.",images/0283-soIB2rj.jpg,videos/0283-soIB2rj.gif,videos/0283-soIB2rj.gif,true,false
0284,donkey calf raise,exercisedb,0284,lower legs,lower legs,hamstrings,body weight,,"Stand with your toes on an elevated surface, such as a step or block. Place your hands on a stable support, such as a wall or railing, for balance. Raise your heels as high as possible, lifting your body weight onto the balls of your feet. Pause for a moment at the top, then slowly lower your heels back down to the starting position. Repeat for the desired number of repetitions.",images/0284-u5ESqzH.jpg,videos/0284-u5ESqzH.gif,videos/0284-u5ESqzH.gif,true,false
1275,drop push up,exercisedb,1275,chest,chest,triceps,body weight,,"Start in a high plank position with your hands slightly wider than shoulder-width apart. Lower your chest towards the ground, keeping your elbows close to your body. Once your chest is just above the ground, quickly drop your knees to the ground. Push yourself back up to the starting position by extending your arms. Repeat for the desired number of repetitions.",images/1275-Q497lAE.jpg,videos/1275-Q497lAE.gif,videos/1275-Q497lAE.gif,true,false
0285,dumbbell alternate biceps curl,exercisedb,0285,upper arms,upper arms,forearms,dumbbell,,"Stand up straight with a dumbbell in each hand, palms facing forward and arms fully extended. Keeping your upper arms stationary, exhale and curl the weights while contracting your biceps. Continue to raise the dumbbells until your biceps are fully contracted and the dumbbells are at shoulder level. Hold the contracted position for a brief pause as you squeeze your biceps. Inhale and slowly begin to lower the dumbbells back to the starting position. Repeat for the desired number of repetitions, alternating arms.",images/0285-BU15nH4.jpg,videos/0285-BU15nH4.gif,videos/0285-BU15nH4.gif,true,false
2403,dumbbell alternate biceps curl (with arm blaster),exercisedb,2403,upper arms,upper arms,forearms,dumbbell,,"Stand up straight with your feet shoulder-width apart and hold a dumbbell in each hand, palms facing forward. Place the arm blaster on your upper arms, ensuring a secure fit. Keeping your upper arms stationary, exhale and curl one dumbbell up towards your shoulder while contracting your biceps. Continue to raise the dumbbell until your biceps are fully contracted and the dumbbell is at shoulder level. Hold the contracted position for a brief pause as you squeeze your biceps. Inhale and slowly lower the dumbbell back to the starting position. Repeat the movement with the opposite arm. Continue alternating arms for the desired number of repetitions.",images/2403-CfKsRbG.jpg,videos/2403-CfKsRbG.gif,videos/2403-CfKsRbG.gif,true,false
1646,dumbbell alternate hammer preacher curl,exercisedb,1646,upper arms,upper arms,forearms,dumbbell,,"Sit on a preacher bench with a dumbbell in each hand, palms facing your torso and arms fully extended. Keep your upper arms stationary and exhale as you curl the weights while contracting your biceps. Continue to raise the dumbbells until your biceps are fully contracted and the dumbbells are at shoulder level. Hold the contracted position for a brief pause as you squeeze your biceps. Inhale and slowly begin to lower the dumbbells back to the starting position. Repeat for the recommended amount of repetitions.",images/1646-fy7Tgy4.jpg,videos/1646-fy7Tgy4.gif,videos/1646-fy7Tgy4.gif,true,false
1647,dumbbell alternate preacher curl,exercisedb,1647,upper arms,upper arms,forearms,dumbbell,,"Sit on a preacher bench with a dumbbell in each hand, palms facing up. Rest your upper arms on the pad of the preacher bench, allowing your arms to fully extend. Keeping your upper arms stationary, exhale and curl the dumbbell in your right hand as you contract your biceps. Continue to curl the dumbbell until your biceps are fully contracted and the dumbbell is at shoulder level. Pause for a moment, then inhale and slowly lower the dumbbell back to the starting position. Repeat the movement with your left arm. Continue alternating arms for the desired number of repetitions.",images/1647-NlfIbzq.jpg,videos/1647-NlfIbzq.gif,videos/1647-NlfIbzq.gif,true,false
1648,dumbbell alternate seated hammer curl,exercisedb,1648,upper arms,upper arms,forearms,dumbbell,,"Sit on a bench with a dumbbell in each hand, palms facing your torso and arms extended down. Keep your back straight and your elbows close to your torso. Exhale and curl the dumbbell in your right hand towards your shoulder, keeping your upper arm stationary. Continue to raise the dumbbell until your biceps are fully contracted and the dumbbell is at shoulder level. Pause for a brief moment, then inhale and slowly lower the dumbbell back to the starting position. Repeat the movement with your left arm. Continue alternating arms for the desired number of repetitions.",images/1648-6em2Dxj.jpg,videos/1648-6em2Dxj.gif,videos/1648-6em2Dxj.gif,true,false
0286,dumbbell alternate side press,exercisedb,0286,shoulders,shoulders,triceps,dumbbell,,"Stand with your feet shoulder-width apart, holding a dumbbell in each hand at shoulder height. Press one dumbbell overhead while keeping the other dumbbell at shoulder height. Lower the pressed dumbbell back to shoulder height while pressing the other dumbbell overhead. Continue alternating sides for the desired number of repetitions.",images/0286-izMnLqz.jpg,videos/0286-izMnLqz.gif,videos/0286-izMnLqz.gif,true,false
1649,dumbbell alternating bicep curl with leg raised on exercise ball,exercisedb,1649,upper arms,upper arms,forearms,dumbbell,,"Stand with your feet shoulder-width apart and hold a dumbbell in each hand, palms facing forward. Place an exercise ball behind you and position one foot on top of it, keeping your balance. With your arms fully extended and elbows close to your sides, curl one dumbbell towards your shoulder while keeping your upper arm stationary. Lower the dumbbell back down to the starting position and repeat with the other arm. Continue alternating arms for the desired number of repetitions.",images/1649-Zwiw7XR.jpg,videos/1649-Zwiw7XR.gif,videos/1649-Zwiw7XR.gif,true,false
1650,dumbbell alternating seated bicep curl on exercise ball,exercisedb,1650,upper arms,upper arms,forearms,dumbbell,,"Sit on an exercise ball with your feet flat on the ground and your back straight. Hold a dumbbell in each hand with your palms facing forward and your arms fully extended. Keeping your upper arms stationary, exhale and curl one dumbbell while rotating your forearm until your palm is facing your shoulder. Inhale and slowly lower the dumbbell back to the starting position. Repeat the curl with the other arm. Continue alternating curls for the desired number of repetitions.",images/1650-J74XlNf.jpg,videos/1650-J74XlNf.gif,videos/1650-J74XlNf.gif,true,false
2137,dumbbell arnold press,exercisedb,2137,shoulders,shoulders,triceps,dumbbell,,"Sit on a bench with back support and hold a dumbbell in each hand at shoulder level, palms facing your body and elbows bent. Press the dumbbells upward until your arms are fully extended and your palms are facing forward. Rotate your wrists as you lift, so that your palms are facing forward at the top of the movement. Pause for a moment at the top, then slowly lower the dumbbells back to the starting position. Repeat for the desired number of repetitions.",images/2137-Xy4jlWA.jpg,videos/2137-Xy4jlWA.gif,videos/2137-Xy4jlWA.gif,true,false
0287,dumbbell arnold press v. 2,exercisedb,0287,shoulders,shoulders,triceps,dumbbell,,"Sit on a bench with back support and hold a dumbbell in each hand at shoulder level, palms facing your body and elbows bent. Press the dumbbells upward until your arms are fully extended and your palms are facing forward. Rotate your wrists as you lift, so that your palms end up facing forward at the top of the movement. Pause for a moment at the top, then slowly lower the dumbbells back to the starting position. Repeat for the desired number of repetitions.",images/0287-eOrFCnx.jpg,videos/0287-eOrFCnx.gif,videos/0287-eOrFCnx.gif,true,false
0288,dumbbell around pullover,exercisedb,0288,chest,chest,triceps,dumbbell,,"Lie flat on a bench with your head at one end and your feet firmly on the ground. Hold a dumbbell with both hands and extend your arms straight above your chest. Keeping your arms straight, slowly lower the dumbbell behind your head in an arc motion. Pause for a moment at the bottom, then raise the dumbbell back to the starting position. Repeat for the desired number of repetitions.",images/0288-vi8EhoE.jpg,videos/0288-vi8EhoE.gif,videos/0288-vi8EhoE.gif,true,false
0289,dumbbell bench press,exercisedb,0289,chest,chest,triceps,dumbbell,,"Lie flat on a bench with your feet flat on the ground and your back pressed against the bench. Hold a dumbbell in each hand, with your palms facing forward and your arms extended above your chest. Lower the dumbbells slowly to the sides of your chest, keeping your elbows at a 90-degree angle. Pause for a moment, then push the dumbbells back up to the starting position, fully extending your arms. Repeat for the desired number of repetitions.",images/0289-SpYC0Kp.jpg,videos/0289-SpYC0Kp.gif,videos/0289-SpYC0Kp.gif,true,false
0290,dumbbell bench seated press,exercisedb,0290,shoulders,shoulders,triceps,dumbbell,,"Sit on a bench with a dumbbell in each hand, resting on your thighs. Lean back and position the dumbbells to the sides of your chest, palms facing forward. Press the dumbbells upward until your arms are fully extended. Pause for a moment at the top, then slowly lower the dumbbells back to the starting position. Repeat for the desired number of repetitions.",images/0290-3d7wHyd.jpg,videos/0290-3d7wHyd.gif,videos/0290-3d7wHyd.gif,true,false
0291,dumbbell bench squat,exercisedb,0291,upper legs,upper legs,quadriceps,dumbbell,,"Place a dumbbell on the ground in front of a bench. Stand facing away from the bench with your feet shoulder-width apart. Bend at the knees and hips to lower yourself down towards the bench, keeping your chest up and back straight. Once your glutes touch the bench, push through your heels to stand back up to the starting position. Repeat for the desired number of repetitions.",images/0291-mnzcrIB.jpg,videos/0291-mnzcrIB.gif,videos/0291-mnzcrIB.gif,true,false
0293,dumbbell bent over row,exercisedb,0293,back,back,biceps,dumbbell,,"Stand with your feet shoulder-width apart, knees slightly bent, and hold a dumbbell in each hand with your palms facing your body. Bend forward at the hips, keeping your back straight and your core engaged. Let your arms hang straight down towards the floor, with your elbows slightly bent. Pull the dumbbells up towards your chest, squeezing your shoulder blades together. Pause for a moment at the top, then slowly lower the dumbbells back down to the starting position. Repeat for the desired number of repetitions.",images/0293-BJ0Hz5L.jpg,videos/0293-BJ0Hz5L.gif,videos/0293-BJ0Hz5L.gif,true,false
1651,dumbbell bicep curl lunge with bowling motion,exercisedb,1651,upper arms,upper arms,forearms,dumbbell,,"Stand with your feet shoulder-width apart, holding a dumbbell in each hand with your palms facing forward. Take a step forward with your right foot, bending your right knee and lowering your body into a lunge position. As you lunge forward, curl the dumbbells up towards your shoulders, keeping your elbows close to your body. At the bottom of the lunge, rotate your torso to the right, as if you were bowling a ball. Reverse the motion, stepping back with your right foot and returning to the starting position while lowering the dumbbells back down. Repeat the lunge and curl motion, this time rotating your torso to the left. Continue alternating sides for the desired number of repetitions.",images/1651-1VpF8db.jpg,videos/1651-1VpF8db.gif,videos/1651-1VpF8db.gif,true,false
1652,dumbbell bicep curl on exercise ball with leg raised,exercisedb,1652,upper arms,upper arms,forearms,dumbbell,,"Sit on an exercise ball with your feet flat on the ground and your back straight. Hold a dumbbell in each hand with your palms facing forward and your arms fully extended. Slowly curl the dumbbells towards your shoulders, keeping your elbows close to your sides. Pause for a moment at the top of the movement, then slowly lower the dumbbells back to the starting position. While performing the bicep curl, raise one leg off the ground and hold it in the air for the duration of the exercise. Repeat for the desired number of repetitions, then switch legs and repeat.",images/1652-2NImIAG.jpg,videos/1652-2NImIAG.gif,videos/1652-2NImIAG.gif,true,false
1653,dumbbell bicep curl with stork stance,exercisedb,1653,upper arms,upper arms,forearms,dumbbell,,"Stand with your feet shoulder-width apart and hold a dumbbell in each hand, palms facing forward. Extend one leg behind you, balancing on the toes of that foot. Keeping your upper arms stationary, exhale and curl the weights while contracting your biceps. Continue to raise the weights until your biceps are fully contracted and the dumbbells are at shoulder level. Hold the contracted position for a brief pause as you squeeze your biceps. Inhale and slowly begin to lower the dumbbells back to the starting position. Repeat for the desired number of repetitions, then switch legs and repeat.",images/1653-uSkDMYl.jpg,videos/1653-uSkDMYl.gif,videos/1653-uSkDMYl.gif,true,false
0294,dumbbell biceps curl,exercisedb,0294,upper arms,upper arms,forearms,dumbbell,,"Stand up straight with a dumbbell in each hand, palms facing forward and arms fully extended. Keeping your upper arms stationary, exhale and curl the weights while contracting your biceps. Continue to raise the weights until your biceps are fully contracted and the dumbbells are at shoulder level. Hold the contracted position for a brief pause as you squeeze your biceps. Inhale and slowly begin to lower the dumbbells back to the starting position. Repeat for the desired number of repetitions.",images/0294-NbVPDMW.jpg,videos/0294-NbVPDMW.gif,videos/0294-NbVPDMW.gif,true,false
2401,dumbbell biceps curl (with arm blaster),exercisedb,2401,upper arms,upper arms,forearms,dumbbell,,"Stand up straight with a dumbbell in each hand, palms facing forward. Keep your elbows close to your torso and your upper arms stationary. Exhale and curl the weights while contracting your biceps. Continue to raise the weights until your biceps are fully contracted and the dumbbells are at shoulder level. Hold the contracted position for a brief pause as you squeeze your biceps. Inhale and slowly begin to lower the dumbbells back to the starting position. Repeat for the desired number of repetitions.",images/2401-nlJsbkW.jpg,videos/2401-nlJsbkW.gif,videos/2401-nlJsbkW.gif,true,false
1654,dumbbell biceps curl reverse,exercisedb,1654,upper arms,upper arms,forearms,dumbbell,,"Stand up straight with a dumbbell in each hand, palms facing down and arms fully extended. Keeping your upper arms stationary, exhale and curl the weights while contracting your biceps. Continue to raise the dumbbells until your biceps are fully contracted and the dumbbells are at shoulder level. Hold the contracted position for a brief pause as you squeeze your biceps. Inhale and slowly begin to lower the dumbbells back to the starting position. Repeat for the desired number of repetitions.",images/1654-nFc4FyV.jpg,videos/1654-nFc4FyV.gif,videos/1654-nFc4FyV.gif,true,false
1655,dumbbell biceps curl squat,exercisedb,1655,upper arms,upper arms,forearms,dumbbell,,"Stand with your feet shoulder-width apart, holding a dumbbell in each hand with your palms facing forward. Keeping your back straight and your elbows close to your sides, exhale and curl the dumbbells up towards your shoulders. Pause for a moment at the top, squeezing your biceps. Inhale and slowly lower the dumbbells back down to the starting position. Repeat for the desired number of repetitions.",images/1655-niXESDw.jpg,videos/1655-niXESDw.gif,videos/1655-niXESDw.gif,true,false
1656,dumbbell biceps curl v sit on bosu ball,exercisedb,1656,upper arms,upper arms,forearms,dumbbell,,"Sit on a bosu ball with your feet flat on the ground and your knees bent at a 90-degree angle. Hold a dumbbell in each hand with your palms facing forward and your arms fully extended down by your sides. Keeping your upper arms stationary, exhale and curl the weights while contracting your biceps. Continue to raise the dumbbells until your biceps are fully contracted and the dumbbells are at shoulder level. Hold the contracted position for a brief pause as you squeeze your biceps. Inhale and slowly begin to lower the dumbbells back to the starting position. Repeat for the desired number of repetitions.",images/1656-H1XAdpk.jpg,videos/1656-H1XAdpk.gif,videos/1656-H1XAdpk.gif,true,false
1201,dumbbell burpee,exercisedb,1201,cardio,cardio,quadriceps,dumbbell,,"Start in a standing position with your feet shoulder-width apart and a dumbbell in each hand. Lower your body into a squat position, placing the dumbbells on the ground in front of you. Kick your feet back into a push-up position, keeping your body in a straight line. Perform a push-up, bending your elbows and lowering your chest towards the ground. Jump your feet back towards your hands, landing in a squat position. Stand up explosively, lifting the dumbbells off the ground and bringing them to your shoulders. Press the dumbbells overhead, fully extending your arms. Lower the dumbbells back to your shoulders and repeat the entire sequence for the desired number of repetitions.",images/1201-0JtKWum.jpg,videos/1201-0JtKWum.gif,videos/1201-0JtKWum.gif,true,false
0295,dumbbell clean,exercisedb,0295,upper legs,upper legs,hamstrings,dumbbell,,"Stand with your feet shoulder-width apart, holding a dumbbell in each hand with an overhand grip. Bend your knees and lower your hips into a squat position, keeping your back straight and chest up. Explosively extend your hips and knees, driving through your heels to jump off the ground. As you jump, shrug your shoulders and pull the dumbbells up towards your shoulders, keeping them close to your body. Catch the dumbbells at shoulder height, with your elbows pointing forward and your palms facing up. Lower the dumbbells back down to the starting position by reversing the movement. Repeat for the desired number of repetitions.",images/0295-7Hg55JG.jpg,videos/0295-7Hg55JG.gif,videos/0295-7Hg55JG.gif,true,false
1731,dumbbell close grip press,exercisedb,1731,upper arms,upper arms,chest,dumbbell,,"Sit on a flat bench with a dumbbell in each hand, resting on your thighs. Using your thighs to help raise the dumbbells, lift the dumbbells one at a time so that you can hold them in front of you at shoulder width. Once at shoulder width, rotate your wrists forward so that the palms of your hands are facing away from you. This will be your starting position. As you breathe in, slowly lower the dumbbells to your side until they are about level with your chest. As you exhale, use your triceps to lift the dumbbells back to the starting position. Make sure to use only your triceps and do not use your forearms or biceps to help lift the dumbbells. After a second pause at the contracted position, repeat the movement for the prescribed amount of repetitions.",images/1731-7jGOBF3.jpg,videos/1731-7jGOBF3.gif,videos/1731-7jGOBF3.gif,true,false
0296,dumbbell close-grip press,exercisedb,0296,upper arms,upper arms,chest,dumbbell,,"Sit on a flat bench with a dumbbell in each hand, resting on your thighs. Using your thighs to help raise the dumbbells, lift the dumbbells one at a time so that you can hold them in front of you at shoulder width. Once at shoulder width, rotate your wrists forward so that the palms of your hands are facing away from you. This will be your starting position. As you breathe in, slowly lower the dumbbells to your side until they are about level with your chest. As you exhale, use your triceps to lift the dumbbells back to the starting position. Repeat for the desired number of repetitions.",images/0296-RxayqAZ.jpg,videos/0296-RxayqAZ.gif,videos/0296-RxayqAZ.gif,true,false
0297,dumbbell concentration curl,exercisedb,0297,upper arms,upper arms,forearms,dumbbell,,"Sit on a bench with your legs spread apart and a dumbbell in one hand, resting your elbow on the inside of your thigh. Fully extend your arm and hold the dumbbell with an underhand grip. Keeping your upper arm stationary, exhale and curl the weight up towards your shoulder while contracting your biceps. Continue to raise the dumbbell until your biceps are fully contracted and the dumbbell is at shoulder level. Hold the contracted position for a brief pause as you squeeze your biceps. Inhale and slowly lower the dumbbell back to the starting position. Repeat for the desired number of repetitions, then switch arms.",images/0297-gvsWLQw.jpg,videos/0297-gvsWLQw.gif,videos/0297-gvsWLQw.gif,true,false
3635,dumbbell contralateral forward lunge,exercisedb,3635,upper legs,upper legs,quadriceps,dumbbell,,"Stand with your feet shoulder-width apart, holding a dumbbell in each hand. Take a step forward with your right foot, keeping your back straight and core engaged. Lower your body by bending both knees until your right thigh is parallel to the ground. Push through your right heel to return to the starting position. Repeat with your left leg. Alternate legs for the desired number of repetitions.",images/3635-ecl28tP.jpg,videos/3635-ecl28tP.gif,videos/3635-ecl28tP.gif,true,false
0298,dumbbell cross body hammer curl,exercisedb,0298,upper arms,upper arms,forearms,dumbbell,,"Stand up straight with a dumbbell in each hand, palms facing your body. Keep your elbows close to your torso and your upper arms stationary. Exhale and curl the weights while contracting your biceps, bringing the dumbbells across your body towards your opposite shoulder. Continue to raise the dumbbells until your biceps are fully contracted and the dumbbells are at shoulder level. Hold the contracted position for a brief pause as you squeeze your biceps. Inhale and slowly begin to lower the dumbbells back to the starting position. Repeat for the desired number of repetitions.",images/0298-Qyk5J3p.jpg,videos/0298-Qyk5J3p.gif,videos/0298-Qyk5J3p.gif,true,false
1657,dumbbell cross body hammer curl v. 2,exercisedb,1657,upper arms,upper arms,forearms,dumbbell,,"Stand up straight with a dumbbell in each hand, palms facing your body. Keep your elbows close to your torso and your upper arms stationary. Exhale and curl the weights while contracting your biceps, bringing the dumbbells as close to your opposite shoulder as possible. Hold the contracted position for a brief pause as you squeeze your biceps. Inhale and slowly begin to lower the dumbbells back to the starting position. Repeat for the desired number of repetitions.",images/1657-HDYiZcY.jpg,videos/1657-HDYiZcY.gif,videos/1657-HDYiZcY.gif,true,false
0299,dumbbell cuban press,exercisedb,0299,shoulders,shoulders,triceps,dumbbell,,"Stand with your feet shoulder-width apart, holding a dumbbell in each hand at shoulder height with your palms facing down. Keeping your core engaged and your elbows slightly bent, press the dumbbells up and overhead until your arms are fully extended. Rotate your wrists so that your palms are facing forward. Slowly lower the dumbbells back to the starting position, rotating your wrists back to the starting position as you do so. Repeat for the desired number of repetitions.",images/0299-QfAKy1G.jpg,videos/0299-QfAKy1G.gif,videos/0299-QfAKy1G.gif,true,false
2136,dumbbell cuban press v. 2,exercisedb,2136,shoulders,shoulders,triceps,dumbbell,,"Stand with your feet shoulder-width apart, holding a dumbbell in each hand at shoulder height with your palms facing down. Keeping your core engaged and your back straight, press the dumbbells straight up overhead until your arms are fully extended. Rotate your wrists so that your palms are facing forward. Lower the dumbbells back down to shoulder height, rotating your wrists back to the starting position. Repeat for the desired number of repetitions.",images/2136-BqgCRif.jpg,videos/2136-BqgCRif.gif,videos/2136-BqgCRif.gif,true,false
0300,dumbbell deadlift,exercisedb,0300,upper legs,upper legs,hamstrings,dumbbell,,"Stand with your feet shoulder-width apart, toes pointing forward. Hold a dumbbell in each hand, palms facing your body, arms extended downwards. Bend at your hips and knees, lowering the dumbbells towards the ground while keeping your back straight. Push through your heels and extend your hips and knees, lifting the dumbbells back up to the starting position. Repeat for the desired number of repetitions.",images/0300-nUwVh7b.jpg,videos/0300-nUwVh7b.gif,videos/0300-nUwVh7b.gif,true,false
0301,dumbbell decline bench press,exercisedb,0301,chest,chest,triceps,dumbbell,,"Lie down on a decline bench with your feet secured and your head lower than your hips. Hold a dumbbell in each hand and extend your arms straight up above your chest, palms facing forward. Lower the dumbbells slowly to the sides of your chest, keeping your elbows at a 90-degree angle. Push the dumbbells back up to the starting position, fully extending your arms. Repeat for the desired number of repetitions.",images/0301-DwhEmmE.jpg,videos/0301-DwhEmmE.gif,videos/0301-DwhEmmE.gif,true,false
0302,dumbbell decline fly,exercisedb,0302,chest,chest,shoulders,dumbbell,,"Lie on a decline bench with your feet secured and your head lower than your hips. Hold a dumbbell in each hand with your palms facing each other and your arms extended above your chest. Lower the dumbbells out to the sides in a wide arc until you feel a stretch in your chest. Pause for a moment, then squeeze your chest muscles to bring the dumbbells back to the starting position. Repeat for the desired number of repetitions.",images/0302-xXm4nYq.jpg,videos/0302-xXm4nYq.gif,videos/0302-xXm4nYq.gif,true,false
0303,dumbbell decline hammer press,exercisedb,0303,chest,chest,triceps,dumbbell,,"Lie on a decline bench with your feet secured and your head lower than your hips. Hold a dumbbell in each hand with your palms facing each other and your arms extended above your chest. Lower the dumbbells to the sides of your chest, keeping your elbows slightly bent. Press the dumbbells back up to the starting position, fully extending your arms. Repeat for the desired number of repetitions.",images/0303-1qrWgZ2.jpg,videos/0303-1qrWgZ2.gif,videos/0303-1qrWgZ2.gif,true,false
1276,dumbbell decline one arm fly,exercisedb,1276,chest,chest,shoulders,dumbbell,,"Lie down on a decline bench with a dumbbell in one hand, resting it on your thigh. Using your thigh to help raise the dumbbell, lift it up to shoulder width with your palm facing your torso. Rotate your wrist so that the palm of your hand is facing forward. As you breathe in, lower the dumbbell slowly to the side until you feel a stretch in your chest. Exhale and use your chest muscles to bring the dumbbell back up to the starting position. Repeat for the desired number of repetitions, then switch arms.",images/1276-NL6YBwN.jpg,videos/1276-NL6YBwN.gif,videos/1276-NL6YBwN.gif,true,false
1617,dumbbell decline one arm hammer press,exercisedb,1617,upper arms,upper arms,chest,dumbbell,,"Lie on a decline bench with a dumbbell in one hand, resting on your chest. Extend your arm straight up, keeping your elbow slightly bent. Lower the dumbbell down towards your shoulder, keeping your elbow close to your body. Press the dumbbell back up to the starting position. Repeat for the desired number of repetitions, then switch arms.",images/1617-SHUMp5H.jpg,videos/1617-SHUMp5H.gif,videos/1617-SHUMp5H.gif,true,false
0305,dumbbell decline shrug,exercisedb,0305,back,back,shoulders,dumbbell,,"Set up a decline bench at a 45-degree angle. Lie face down on the bench with your chest and stomach resting against it. Hold a dumbbell in each hand with your arms fully extended towards the floor. Keeping your arms straight, raise your shoulders towards your ears as high as possible. Hold the contraction for a moment, then slowly lower the dumbbells back to the starting position. Repeat for the desired number of repetitions.",images/0305-cwsAI4G.jpg,videos/0305-cwsAI4G.gif,videos/0305-cwsAI4G.gif,true,false
0304,dumbbell decline shrug v. 2,exercisedb,0304,back,back,shoulders,dumbbell,,"Set up a decline bench at a 45-degree angle. Lie face down on the bench with your chest and stomach resting on it. Hold a dumbbell in each hand with your palms facing each other and your arms fully extended. Keeping your arms straight, raise your shoulders as high as possible while squeezing your shoulder blades together. Hold the contraction for a brief pause, then lower the dumbbells back to the starting position. Repeat for the desired number of repetitions.",images/0304-bRlbdjK.jpg,videos/0304-bRlbdjK.gif,videos/0304-bRlbdjK.gif,true,false
0306,dumbbell decline triceps extension,exercisedb,0306,upper arms,upper arms,shoulders,dumbbell,,"Lie on a decline bench with your head lower than your feet and hold a dumbbell in each hand, palms facing each other. Extend your arms fully, keeping your elbows close to your head. Lower the dumbbells slowly behind your head, bending your elbows. Pause for a moment, then raise the dumbbells back to the starting position. Repeat for the desired number of repetitions.",images/0306-OTgkHwR.jpg,videos/0306-OTgkHwR.gif,videos/0306-OTgkHwR.gif,true,false
0307,dumbbell decline twist fly,exercisedb,0307,chest,chest,shoulders,dumbbell,,"Lie down on a decline bench with your head lower than your hips. Hold a dumbbell in each hand with your palms facing each other and your arms extended straight up over your chest. Lower the dumbbells out to the sides in a wide arc until you feel a stretch in your chest. As you lower the dumbbells, twist your wrists so that your palms face forward at the bottom of the movement. Reverse the motion and bring the dumbbells back up to the starting position, squeezing your chest muscles at the top. Repeat for the desired number of repetitions.",images/0307-reFHapa.jpg,videos/0307-reFHapa.gif,videos/0307-reFHapa.gif,true,false
1437,dumbbell finger curls,exercisedb,1437,lower arms,lower arms,wrist flexors,dumbbell,,"Sit on a bench or chair with your feet flat on the ground and your back straight. Hold a dumbbell in one hand with an underhand grip, resting your forearm on your thigh, palm facing up. Allow the dumbbell to roll down to your fingertips, then curl it back up by flexing your fingers. Repeat for the desired number of repetitions, then switch to the other hand.",images/1437-mtXengz.jpg,videos/1437-mtXengz.gif,videos/1437-mtXengz.gif,true,false
0308,dumbbell fly,exercisedb,0308,chest,chest,shoulders,dumbbell,,"Lie flat on a bench with a dumbbell in each hand, palms facing each other. Extend your arms straight up over your chest, with a slight bend in your elbows. Keeping a slight bend in your elbows, lower your arms out to the sides in a wide arc until you feel a stretch in your chest. Pause for a moment, then reverse the movement and bring the dumbbells back up to the starting position. Repeat for the desired number of repetitions.",images/0308-yz9nUhF.jpg,videos/0308-yz9nUhF.gif,videos/0308-yz9nUhF.gif,true,false
1277,dumbbell fly on exercise ball,exercisedb,1277,chest,chest,shoulders,dumbbell,,"Sit on an exercise ball and hold a dumbbell in each hand. Walk your feet forward and roll your body down until your head, neck, and upper back are supported by the ball. Extend your arms straight up above your chest, palms facing each other. Bend your elbows slightly and lower your arms out to the sides in a wide arc until you feel a stretch in your chest. Pause for a moment, then reverse the movement and squeeze your chest muscles as you bring the dumbbells back to the starting position. Repeat for the desired number of repetitions.",images/1277-Lt3iWnf.jpg,videos/1277-Lt3iWnf.gif,videos/1277-Lt3iWnf.gif,true,false
1732,dumbbell forward lunge triceps extension,exercisedb,1732,upper arms,upper arms,shoulders,dumbbell,,"Stand with your feet shoulder-width apart, holding a dumbbell in each hand. Take a step forward with your right foot, lowering your body into a lunge position. Keep your back straight and your chest up. Extend your arms straight overhead, keeping your elbows close to your ears. Lower the dumbbells behind your head by bending your elbows. Pause for a moment, then straighten your arms to return to the starting position. Repeat the movement for the desired number of repetitions, then switch legs and repeat.",images/1732-XalXcvM.jpg,videos/1732-XalXcvM.gif,videos/1732-XalXcvM.gif,true,false
0310,dumbbell front raise,exercisedb,0310,shoulders,shoulders,biceps,dumbbell,,"Stand with your feet shoulder-width apart, holding a dumbbell in each hand with your palms facing your thighs. Keeping your arms straight, exhale and lift the dumbbells in front of you until they are at shoulder level. Pause for a moment at the top, then inhale and slowly lower the dumbbells back down to the starting position. Repeat for the desired number of repetitions.",images/0310-3eGE2JC.jpg,videos/0310-3eGE2JC.gif,videos/0310-3eGE2JC.gif,true,false
0309,dumbbell front raise v. 2,exercisedb,0309,shoulders,shoulders,trapezius,dumbbell,,"Stand with your feet shoulder-width apart, holding a dumbbell in each hand with your palms facing your thighs. Keep your back straight and engage your core. Slowly lift the dumbbells in front of you, with your arms straight, until they are at shoulder level. Pause for a moment at the top, then slowly lower the dumbbells back down to the starting position. Repeat for the desired number of repetitions.",images/0309-Rr7S3yg.jpg,videos/0309-Rr7S3yg.gif,videos/0309-Rr7S3yg.gif,true,false
0311,dumbbell full can lateral raise,exercisedb,0311,shoulders,shoulders,traps,dumbbell,,"Stand with your feet shoulder-width apart, holding a dumbbell in each hand with your palms facing your body. Keep your back straight and engage your core. Raise your arms out to the sides, keeping a slight bend in your elbows, until they are parallel to the ground. Pause for a moment at the top, then slowly lower your arms back down to the starting position. Repeat for the desired number of repetitions.",images/0311-AQ0mC4Y.jpg,videos/0311-AQ0mC4Y.gif,videos/0311-AQ0mC4Y.gif,true,false
1760,dumbbell goblet squat,exercisedb,1760,upper legs,upper legs,glutes,dumbbell,,"Stand with your feet shoulder-width apart, holding a dumbbell vertically against your chest with both hands. Keeping your chest up and core engaged, lower your body down into a squat position by pushing your hips back and bending your knees. Continue lowering until your thighs are parallel to the ground, or as low as you can comfortably go. Pause for a moment at the bottom, then push through your heels to return to the starting position. Repeat for the desired number of repetitions.",images/1760-yn8yg1r.jpg,videos/1760-yn8yg1r.gif,videos/1760-yn8yg1r.gif,true,false
0313,dumbbell hammer curl,exercisedb,0313,upper arms,upper arms,forearms,dumbbell,,"Stand up straight with a dumbbell in each hand, palms facing your torso. Keep your elbows close to your torso and rotate the palms of your hands until they are facing forward. This will be your starting position. Now, keeping the upper arms stationary, exhale and curl the weights while contracting your biceps. Continue to raise the weights until your biceps are fully contracted and the dumbbells are at shoulder level. Hold the contracted position for a brief pause as you squeeze your biceps. Then, inhale and slowly begin to lower the dumbbells back to the starting position. Repeat for the recommended amount of repetitions.",images/0313-slDvUAU.jpg,videos/0313-slDvUAU.gif,videos/0313-slDvUAU.gif,true,false
1659,dumbbell hammer curl on exercise ball,exercisedb,1659,upper arms,upper arms,forearms,dumbbell,,"Sit on an exercise ball with your feet flat on the ground and your back straight. Hold a dumbbell in each hand with your palms facing your body and your arms fully extended. Keeping your upper arms stationary, exhale and curl the dumbbells while contracting your biceps. Continue to raise the dumbbells until your biceps are fully contracted and the dumbbells are at shoulder level. Hold the contracted position for a brief pause as you squeeze your biceps. Inhale and slowly begin to lower the dumbbells back to the starting position. Repeat for the desired number of repetitions.",images/1659-fY68AyX.jpg,videos/1659-fY68AyX.gif,videos/1659-fY68AyX.gif,true,false
0312,dumbbell hammer curl v. 2,exercisedb,0312,upper arms,upper arms,forearms,dumbbell,,"Stand up straight with a dumbbell in each hand, palms facing your torso. Keep your elbows close to your torso and rotate the palms of your hands until they are facing forward. This will be your starting position. Now, keeping the upper arms stationary, exhale and curl the weights while contracting your biceps. Continue to raise the weights until your biceps are fully contracted and the dumbbells are at shoulder level. Hold the contracted position for a brief pause as you squeeze your biceps. Then, inhale and slowly begin to lower the dumbbells back to the starting position. Repeat for the recommended amount of repetitions.",images/0312-2NpxjC1.jpg,videos/0312-2NpxjC1.gif,videos/0312-2NpxjC1.gif,true,false
2402,dumbbell hammer curls (with arm blaster),exercisedb,2402,upper arms,upper arms,forearms,dumbbell,,"Stand up straight with a dumbbell in each hand, palms facing your torso. Keep your elbows close to your torso and rotate the palms of your hands until they are facing forward. This will be your starting position. Now, while holding your upper arm stationary, exhale and curl the weights while contracting your biceps. Continue to raise the weights until your biceps are fully contracted and the dumbbells are at shoulder level. Hold the contracted position for a brief pause as you squeeze your biceps. Then, inhale and slowly begin to lower the dumbbells back to the starting position. Repeat for the recommended amount of repetitions.",images/2402-GNhAeJ0.jpg,videos/2402-GNhAeJ0.gif,videos/2402-GNhAeJ0.gif,true,false
1664,dumbbell high curl,exercisedb,1664,upper arms,upper arms,forearms,dumbbell,,"Stand up straight with a dumbbell in each hand, palms facing forward. Keep your upper arms stationary and curl the dumbbells as high as possible while contracting your biceps. Pause for a moment at the top, then slowly lower the dumbbells back to the starting position. Repeat for the desired number of repetitions.",images/1664-qAmNMJY.jpg,videos/1664-qAmNMJY.gif,videos/1664-qAmNMJY.gif,true,false
3545,dumbbell incline alternate press,exercisedb,3545,chest,chest,shoulders,dumbbell,,"Sit on an incline bench with a dumbbell in each hand, resting on your thighs. Lean back on the bench and use your thighs to help raise the dumbbells to shoulder height, palms facing forward. Once at shoulder height, rotate your wrists so that the palms of your hands are facing forward. Push the dumbbells up with your chest and shoulders, extending your arms fully. Lower the dumbbells back down to the starting position, keeping your elbows slightly bent. Repeat for the desired number of repetitions, alternating arms.",images/3545-TVdivgY.jpg,videos/3545-TVdivgY.gif,videos/3545-TVdivgY.gif,true,false
0314,dumbbell incline bench press,exercisedb,0314,chest,chest,shoulders,dumbbell,,"Set up an incline bench at a 45-degree angle. Sit on the bench with your feet flat on the ground and your back pressed firmly against the bench. Hold a dumbbell in each hand, palms facing forward, and lift them to shoulder height. Slowly lower the dumbbells to the sides of your chest, keeping your elbows at a 90-degree angle. Push the dumbbells back up to the starting position, fully extending your arms. Repeat for the desired number of repetitions.",images/0314-ns0SIbU.jpg,videos/0314-ns0SIbU.gif,videos/0314-ns0SIbU.gif,true,false
0315,dumbbell incline biceps curl,exercisedb,0315,upper arms,upper arms,forearms,dumbbell,,"Sit on an incline bench with a dumbbell in each hand, palms facing forward, and arms fully extended. Keeping your upper arms stationary, exhale and curl the weights while contracting your biceps. Continue to raise the dumbbells until your biceps are fully contracted and the dumbbells are at shoulder level. Hold the contracted position for a brief pause as you squeeze your biceps. Inhale and slowly begin to lower the dumbbells back to the starting position. Repeat for the desired number of repetitions.",images/0315-F3xgbjF.jpg,videos/0315-F3xgbjF.gif,videos/0315-F3xgbjF.gif,true,false
0316,dumbbell incline breeding,exercisedb,0316,chest,chest,shoulders,dumbbell,,"Set up an incline bench at a 45-degree angle. Sit on the bench with your back against the pad and feet flat on the ground. Hold a dumbbell in each hand with an overhand grip, palms facing forward. Start with your arms fully extended, perpendicular to the ground. Lower the dumbbells slowly to the sides of your chest, keeping your elbows at a 90-degree angle. Pause for a moment at the bottom, then push the dumbbells back up to the starting position. Repeat for the desired number of repetitions.",images/0316-B3Rxp6L.jpg,videos/0316-B3Rxp6L.gif,videos/0316-B3Rxp6L.gif,true,false
0318,dumbbell incline curl,exercisedb,0318,upper arms,upper arms,forearms,dumbbell,,"Set an incline bench to a 45-degree angle and sit on it with a dumbbell in each hand, palms facing forward. Rest your upper arms on the incline bench and let your elbows hang down, fully extending your arms. Keeping your upper arms stationary, exhale and curl the weights while contracting your biceps. Continue to raise the dumbbells until your biceps are fully contracted and the dumbbells are at shoulder level. Hold the contracted position for a brief pause as you squeeze your biceps. Inhale and slowly begin to lower the dumbbells back to the starting position. Repeat for the desired number of repetitions.",images/0318-ae9UoXQ.jpg,videos/0318-ae9UoXQ.gif,videos/0318-ae9UoXQ.gif,true,false
0317,dumbbell incline curl v. 2,exercisedb,0317,upper arms,upper arms,forearms,dumbbell,,"Sit on an incline bench with a dumbbell in each hand, palms facing forward and arms fully extended. Keeping your upper arms stationary, exhale and curl the weights while contracting your biceps. Continue to raise the dumbbells until your biceps are fully contracted and the dumbbells are at shoulder level. Hold the contracted position for a brief pause as you squeeze your biceps. Inhale and slowly begin to lower the dumbbells back to the starting position. Repeat for the desired number of repetitions.",images/0317-RaflbWD.jpg,videos/0317-RaflbWD.gif,videos/0317-RaflbWD.gif,true,false
0319,dumbbell incline fly,exercisedb,0319,chest,chest,shoulders,dumbbell,,"Set an incline bench to a 45-degree angle. Sit on the bench with a dumbbell in each hand, palms facing each other. Lie back on the bench and press the dumbbells up to the starting position, directly above your chest. Lower the dumbbells out to the sides in a wide arc until you feel a stretch in your chest. Pause for a moment, then squeeze your chest muscles to bring the dumbbells back up to the starting position. Repeat for the desired number of repetitions.",images/0319-ESOd5Pl.jpg,videos/0319-ESOd5Pl.gif,videos/0319-ESOd5Pl.gif,true,false
1278,dumbbell incline fly on exercise ball,exercisedb,1278,chest,chest,shoulders,dumbbell,,"Set up an incline bench at a 45-degree angle. Sit on an exercise ball and roll forward until your upper back is resting on the incline bench. Hold a dumbbell in each hand with your palms facing each other and your arms extended above your chest. Lower the dumbbells out to the sides in a wide arc until you feel a stretch in your chest. Pause for a moment, then squeeze your chest muscles to bring the dumbbells back to the starting position. Repeat for the desired number of repetitions.",images/1278-HYe1ZqR.jpg,videos/1278-HYe1ZqR.gif,videos/1278-HYe1ZqR.gif,true,false
0320,dumbbell incline hammer curl,exercisedb,0320,upper arms,upper arms,forearms,dumbbell,,"Sit on an incline bench with a dumbbell in each hand, palms facing your torso and arms fully extended. Keep your back against the bench and your feet flat on the floor. While keeping your upper arms stationary, exhale and curl the weights while contracting your biceps. Continue to raise the weights until your biceps are fully contracted and the dumbbells are at shoulder level. Hold the contracted position for a brief pause as you squeeze your biceps. Inhale and slowly begin to lower the dumbbells back to the starting position. Repeat for the desired number of repetitions.",images/0320-ByX0WxV.jpg,videos/0320-ByX0WxV.gif,videos/0320-ByX0WxV.gif,true,false
0321,dumbbell incline hammer press,exercisedb,0321,chest,chest,shoulders,dumbbell,,"Set an incline bench to a 45-degree angle and sit on it with a dumbbell in each hand, resting on your thighs. Lie back on the bench and position the dumbbells at shoulder level with your palms facing each other. Press the dumbbells up and away from your body until your arms are fully extended. Pause for a moment at the top, then slowly lower the dumbbells back down to the starting position. Repeat for the desired number of repetitions.",images/0321-PG1kcIb.jpg,videos/0321-PG1kcIb.gif,videos/0321-PG1kcIb.gif,true,false
1618,dumbbell incline hammer press on exercise ball,exercisedb,1618,upper arms,upper arms,chest,dumbbell,,"Sit on an exercise ball with a dumbbell in each hand, palms facing each other. Walk your feet forward and roll your body down the ball until your head, neck, and upper back are supported on the ball. Hold the dumbbells at shoulder level, elbows bent and pointing out to the sides. Press the dumbbells up and slightly inward, keeping your palms facing each other. Extend your arms fully, squeezing your triceps at the top of the movement. Slowly lower the dumbbells back to the starting position. Repeat for the desired number of repetitions.",images/1618-wkgnGfb.jpg,videos/1618-wkgnGfb.gif,videos/1618-wkgnGfb.gif,true,false
0322,dumbbell incline inner biceps curl,exercisedb,0322,upper arms,upper arms,forearms,dumbbell,,"Sit on an incline bench with a dumbbell in each hand, palms facing each other. Rest your upper arms on the bench, allowing your elbows to hang down and your palms to face forward. Keeping your upper arms stationary, exhale and curl the weights while contracting your biceps. Continue to raise the dumbbells until your biceps are fully contracted and the dumbbells are at shoulder level. Hold the contracted position for a brief pause as you squeeze your biceps. Inhale and slowly begin to lower the dumbbells back to the starting position. Repeat for the desired number of repetitions.",images/0322-LCtQPn8.jpg,videos/0322-LCtQPn8.gif,videos/0322-LCtQPn8.gif,true,false
1279,dumbbell incline one arm fly,exercisedb,1279,chest,chest,deltoids,dumbbell,,"Adjust the incline bench to a 30-45 degree angle. Sit on the bench with a dumbbell in one hand, resting it on your thigh. Lie back on the bench, keeping your feet flat on the ground. Hold the dumbbell with your arm extended straight up over your chest. Lower the dumbbell out to the side in a wide arc, keeping a slight bend in your elbow. Pause when your arm is parallel to the ground, then reverse the motion to bring the dumbbell back to the starting position. Repeat for the desired number of repetitions, then switch arms.",images/1279-Gw2HFvW.jpg,videos/1279-Gw2HFvW.gif,videos/1279-Gw2HFvW.gif,true,false
1280,dumbbell incline one arm fly on exercise ball,exercisedb,1280,chest,chest,shoulders,dumbbell,,"Sit on an exercise ball with a dumbbell in one hand. Walk your feet forward and roll your body down until your head, neck, and upper back are supported on the ball. Hold the dumbbell with your arm extended straight up over your chest, palm facing inwards. Slowly lower the dumbbell out to the side, keeping a slight bend in your elbow. Pause for a moment when your arm is parallel to the ground. Engage your chest muscles to bring the dumbbell back up to the starting position. Repeat for the desired number of repetitions, then switch arms.",images/1280-LLNh6q5.jpg,videos/1280-LLNh6q5.gif,videos/1280-LLNh6q5.gif,true,false
1619,dumbbell incline one arm hammer press,exercisedb,1619,upper arms,upper arms,shoulders,dumbbell,,"Sit on an incline bench with a dumbbell in one hand, resting on your thigh. Lean back on the bench and use your thigh to help raise the dumbbell to shoulder height. Rotate your wrist so that your palm is facing inward, towards your body. Press the dumbbell up and away from your body, extending your arm fully. Pause for a moment at the top, then slowly lower the dumbbell back down to the starting position. Repeat for the desired number of repetitions, then switch arms.",images/1619-LL1UiTX.jpg,videos/1619-LL1UiTX.gif,videos/1619-LL1UiTX.gif,true,false
1620,dumbbell incline one arm hammer press on exercise ball,exercisedb,1620,upper arms,upper arms,shoulders,dumbbell,,"Sit on an exercise ball with a dumbbell in one hand. Walk your feet forward and roll your body down until your head, neck, and upper back are supported on the ball. Hold the dumbbell with your palm facing inward and your elbow bent at a 90-degree angle. Press the dumbbell up towards the ceiling, straightening your arm. Lower the dumbbell back down to the starting position. Repeat for the desired number of repetitions, then switch arms.",images/1620-jDnrkar.jpg,videos/1620-jDnrkar.gif,videos/1620-jDnrkar.gif,true,false
0323,dumbbell incline one arm lateral raise,exercisedb,0323,shoulders,shoulders,trapezius,dumbbell,,"Sit on an incline bench with a dumbbell in one hand, resting it on your thigh. Lean forward and position your upper arm against the inside of your thigh. Raise the dumbbell to the side, keeping your arm slightly bent and your palm facing down. Continue lifting until your arm is parallel to the floor. Pause for a moment at the top, then slowly lower the dumbbell back to the starting position. Repeat for the desired number of repetitions, then switch to the other arm.",images/0323-aTNKZiC.jpg,videos/0323-aTNKZiC.gif,videos/0323-aTNKZiC.gif,true,false
1281,dumbbell incline one arm press,exercisedb,1281,chest,chest,shoulders,dumbbell,,"Sit on an incline bench with a dumbbell in one hand, resting on your thigh. Lie back on the bench and position the dumbbell at shoulder level, palm facing forward. Press the dumbbell upward and slightly inward, extending your arm fully. Pause for a moment at the top, then slowly lower the dumbbell back to the starting position. Repeat for the desired number of repetitions, then switch to the other arm.",images/1281-rDAiRf9.jpg,videos/1281-rDAiRf9.gif,videos/1281-rDAiRf9.gif,true,false
1282,dumbbell incline one arm press on exercise ball,exercisedb,1282,chest,chest,shoulders,dumbbell,,"Sit on an exercise ball with a dumbbell in one hand, feet flat on the ground. Slowly walk your feet forward, rolling the ball until your head, neck, and upper back are supported on the ball. Hold the dumbbell at shoulder height with your palm facing forward. Press the dumbbell upward until your arm is fully extended. Pause for a moment at the top, then slowly lower the dumbbell back to the starting position. Repeat for the desired number of repetitions, then switch to the other arm.",images/1282-Bg5JKSH.jpg,videos/1282-Bg5JKSH.gif,videos/1282-Bg5JKSH.gif,true,false
0324,dumbbell incline palm-in press,exercisedb,0324,chest,chest,shoulders,dumbbell,,"Set up an incline bench at a 45-degree angle. Sit on the bench with a dumbbell in each hand, palms facing each other. Plant your feet firmly on the ground and keep your back straight against the bench. Start with the dumbbells at shoulder level, elbows bent and palms facing each other. Press the dumbbells up and away from your body, extending your arms fully. Pause for a moment at the top, then slowly lower the dumbbells back to the starting position. Repeat for the desired number of repetitions.",images/0324-OVLmUuL.jpg,videos/0324-OVLmUuL.gif,videos/0324-OVLmUuL.gif,true,false
1283,dumbbell incline press on exercise ball,exercisedb,1283,chest,chest,shoulders,dumbbell,,"Sit on an exercise ball with a dumbbell in each hand, palms facing forward. Slowly walk your feet forward, rolling your body down the ball until your head, neck, and upper back are supported on the ball. Hold the dumbbells at shoulder level, elbows bent and pointing out to the sides. Press the dumbbells upward, extending your arms fully. Pause for a moment at the top, then slowly lower the dumbbells back to the starting position. Repeat for the desired number of repetitions.",images/1283-bfiHMpI.jpg,videos/1283-bfiHMpI.gif,videos/1283-bfiHMpI.gif,true,false
0325,dumbbell incline raise,exercisedb,0325,shoulders,shoulders,trapezius,dumbbell,,"Sit on an incline bench with a dumbbell in each hand, resting on your thighs. Lean back on the bench and raise the dumbbells to shoulder height, palms facing forward. Keeping your back against the bench, exhale and raise the dumbbells above your head, fully extending your arms. Pause for a moment at the top, then inhale and slowly lower the dumbbells back to shoulder height. Repeat for the desired number of repetitions.",images/0325-nxW6BkN.jpg,videos/0325-nxW6BkN.gif,videos/0325-nxW6BkN.gif,true,false
0326,dumbbell incline rear lateral raise,exercisedb,0326,shoulders,shoulders,traps,dumbbell,,"Set up an incline bench at a 45-degree angle. Sit on the bench with your chest against the backrest and hold a dumbbell in each hand. Extend your arms straight down with your palms facing each other. Keeping a slight bend in your elbows, raise your arms out to the sides until they are parallel to the ground. Pause for a moment at the top, then slowly lower your arms back down to the starting position. Repeat for the desired number of repetitions.",images/0326-vYk8lqw.jpg,videos/0326-vYk8lqw.gif,videos/0326-vYk8lqw.gif,true,false
0327,dumbbell incline row,exercisedb,0327,back,back,biceps,dumbbell,,"Set up an incline bench at a 45-degree angle. Grab a dumbbell in each hand and sit on the bench with your chest against the incline. Extend your arms fully, allowing the dumbbells to hang straight down from your shoulders. Pull the dumbbells up towards your chest, squeezing your shoulder blades together. Pause for a moment at the top, then slowly lower the dumbbells back to the starting position. Repeat for the desired number of repetitions.",images/0327-7vG5o25.jpg,videos/0327-7vG5o25.gif,videos/0327-7vG5o25.gif,true,false
0328,dumbbell incline shoulder raise,exercisedb,0328,chest,chest,deltoids,dumbbell,,"Set an incline bench to a 45-degree angle and sit on it with a dumbbell in each hand, palms facing down. Rest the dumbbells on your thighs and lean back onto the bench. Use your thighs to help raise the dumbbells to shoulder height, then rotate your wrists so that your palms are facing forward. Exhale and slowly raise the dumbbells above your head, keeping a slight bend in your elbows. Pause for a moment at the top, then inhale and slowly lower the dumbbells back to shoulder height. Repeat for the desired number of repetitions.",images/0328-6e2DcYX.jpg,videos/0328-6e2DcYX.gif,videos/0328-6e2DcYX.gif,true,false
0329,dumbbell incline shrug,exercisedb,0329,back,back,shoulders,dumbbell,,"Set an incline bench to a 45-degree angle and sit on it with a dumbbell in each hand. Place your feet flat on the ground and let your arms hang straight down with your palms facing your body. Keeping your arms straight, shrug your shoulders up towards your ears as high as possible. Hold the contraction for a moment, then slowly lower your shoulders back down to the starting position. Repeat for the desired number of repetitions.",images/0329-JymLInS.jpg,videos/0329-JymLInS.gif,videos/0329-JymLInS.gif,true,false
3542,dumbbell incline t-raise,exercisedb,3542,shoulders,shoulders,traps,dumbbell,,"Set an incline bench to a 45-degree angle and sit on it with a dumbbell in each hand, palms facing inwards. Lean forward and let your arms hang straight down, perpendicular to the floor. Keeping your arms straight, raise them out to the sides until they are parallel to the floor, forming a 'T' shape with your body. Pause for a moment at the top, then slowly lower your arms back down to the starting position. Repeat for the desired number of repetitions.",images/3542-jgbvVJ0.jpg,videos/3542-jgbvVJ0.gif,videos/3542-jgbvVJ0.gif,true,false
0330,dumbbell incline triceps extension,exercisedb,0330,upper arms,upper arms,shoulders,dumbbell,,"Sit on an incline bench with a dumbbell in each hand, palms facing inwards. Extend your arms fully overhead, keeping your elbows close to your head. Lower the dumbbells behind your head by bending your elbows, keeping your upper arms stationary. Pause for a moment, then raise the dumbbells back to the starting position by extending your arms. Repeat for the desired number of repetitions.",images/0330-OVIKwsd.jpg,videos/0330-OVIKwsd.gif,videos/0330-OVIKwsd.gif,true,false
0331,dumbbell incline twisted flyes,exercisedb,0331,chest,chest,shoulders,dumbbell,,"Set an incline bench to a 45-degree angle and sit on it with a dumbbell in each hand, palms facing each other. Lie back on the bench and press the dumbbells up to the starting position, directly above your chest, with your arms extended. Lower the dumbbells out to the sides in a wide arc until you feel a stretch in your chest. As you lower the dumbbells, rotate your wrists so that your palms face forward at the bottom of the movement. Reverse the motion and bring the dumbbells back up to the starting position, squeezing your chest muscles together at the top. Repeat for the desired number of repetitions.",images/0331-1PLE8e9.jpg,videos/0331-1PLE8e9.gif,videos/0331-1PLE8e9.gif,true,false
1733,dumbbell incline two arm extension,exercisedb,1733,upper arms,upper arms,shoulders,dumbbell,,"Sit on an incline bench with a dumbbell in each hand, resting on your thighs. Slowly lie back on the bench, keeping the dumbbells close to your chest. Once you are fully lying down, extend your arms straight up towards the ceiling, keeping your elbows slightly bent. Pause for a moment at the top, then slowly lower the dumbbells back down to the starting position. Repeat for the desired number of repetitions.",images/1733-U7D9Fx3.jpg,videos/1733-U7D9Fx3.gif,videos/1733-U7D9Fx3.gif,true,false
3541,dumbbell incline y-raise,exercisedb,3541,back,back,shoulders,dumbbell,,"Set an incline bench to a 45-degree angle and sit on it with a dumbbell in each hand, palms facing inwards. Lean forward slightly and let your arms hang straight down, keeping a slight bend in your elbows. Raise your arms out to the sides and up in a Y shape until they are parallel to the ground. Pause for a moment at the top, then slowly lower your arms back down to the starting position. Repeat for the desired number of repetitions.",images/3541-PbzNu7c.jpg,videos/3541-PbzNu7c.gif,videos/3541-PbzNu7c.gif,true,false
0332,dumbbell iron cross,exercisedb,0332,shoulders,shoulders,triceps,dumbbell,,"Stand with your feet shoulder-width apart, holding a dumbbell in each hand at your sides. Raise your arms out to the sides until they are parallel to the ground, forming a T shape with your body. Pause for a moment, then slowly lower your arms back down to the starting position. Repeat for the desired number of repetitions.",images/0332-cALkHHX.jpg,videos/0332-cALkHHX.gif,videos/0332-cALkHHX.gif,true,false
0333,dumbbell kickback,exercisedb,0333,upper arms,upper arms,shoulders,dumbbell,,"Stand with your feet shoulder-width apart and hold a dumbbell in each hand. Bend your knees slightly and hinge forward at the hips, keeping your back straight. Bring your upper arms close to your sides, with your elbows bent at a 90-degree angle. Extend your arms straight back, squeezing your triceps at the top of the movement. Pause for a moment, then slowly lower the dumbbells back to the starting position. Repeat for the desired number of repetitions.",images/0333-W6PxUkg.jpg,videos/0333-W6PxUkg.gif,videos/0333-W6PxUkg.gif,true,false
1734,dumbbell kickbacks on exercise ball,exercisedb,1734,upper arms,upper arms,shoulders,dumbbell,,"Sit on an exercise ball with your feet flat on the ground and your back straight. Hold a dumbbell in each hand with your palms facing inwards and your arms bent at a 90-degree angle. Extend your arms straight back, squeezing your triceps at the top of the movement. Pause for a moment, then slowly lower the dumbbells back to the starting position. Repeat for the desired number of repetitions.",images/1734-cAvTaSg.jpg,videos/1734-cAvTaSg.gif,videos/1734-cAvTaSg.gif,true,false
1660,dumbbell kneeling bicep curl exercise ball,exercisedb,1660,upper arms,upper arms,forearms,dumbbell,,"Kneel on the floor with an exercise ball in front of you. Place your elbows on top of the exercise ball, holding a dumbbell in each hand with your palms facing up. Keeping your upper arms stationary, exhale and curl the dumbbells while contracting your biceps. Continue to raise the dumbbells until your biceps are fully contracted and the dumbbells are at shoulder level. Hold the contracted position for a brief pause as you squeeze your biceps. Inhale and slowly begin to lower the dumbbells back to the starting position. Repeat for the desired number of repetitions.",images/1660-2JCuFTU.jpg,videos/1660-2JCuFTU.gif,videos/1660-2JCuFTU.gif,true,false
0334,dumbbell lateral raise,exercisedb,0334,shoulders,shoulders,traps,dumbbell,,"Stand with your feet shoulder-width apart and hold a dumbbell in each hand, palms facing your body. Keep your back straight and engage your core. Raise your arms out to the sides until they are parallel to the floor, keeping a slight bend in your elbows. Pause for a moment at the top, then slowly lower your arms back down to the starting position. Repeat for the desired number of repetitions.",images/0334-DsgkuIt.jpg,videos/0334-DsgkuIt.gif,videos/0334-DsgkuIt.gif,true,false
0335,dumbbell lateral to front raise,exercisedb,0335,shoulders,shoulders,trapezius,dumbbell,,"Stand with your feet shoulder-width apart, holding a dumbbell in each hand with your palms facing your body. Keep your back straight and engage your core. Raise your arms out to the sides until they are parallel to the ground, keeping a slight bend in your elbows. Pause for a moment at the top, then slowly lower your arms back down to the starting position. Next, raise your arms in front of you until they are parallel to the ground, again keeping a slight bend in your elbows. Pause for a moment at the top, then slowly lower your arms back down to the starting position. Repeat for the desired number of repetitions.",images/0335-xMjBKwn.jpg,videos/0335-xMjBKwn.gif,videos/0335-xMjBKwn.gif,true,false
0336,dumbbell lunge,exercisedb,0336,upper legs,upper legs,quadriceps,dumbbell,,"Stand with your feet shoulder-width apart, holding a dumbbell in each hand. Take a step forward with your right foot, lowering your body into a lunge position. Keep your back straight and your chest up as you lower your body. Push through your right heel to return to the starting position. Repeat with your left leg. Alternate legs for the desired number of repetitions.",images/0336-RRWFUcw.jpg,videos/0336-RRWFUcw.gif,videos/0336-RRWFUcw.gif,true,false
1658,dumbbell lunge with bicep curl,exercisedb,1658,upper arms,upper arms,quadriceps,dumbbell,,"Stand with your feet shoulder-width apart, holding a dumbbell in each hand with your palms facing forward. Take a step forward with your right foot, lowering your body into a lunge position. Your right knee should be bent at a 90-degree angle and your left knee should be hovering just above the ground. As you lunge forward, simultaneously curl the dumbbells towards your shoulders, keeping your elbows close to your body. Pause for a moment at the bottom of the lunge, then push through your right heel to return to the starting position, lowering the dumbbells back down to your sides. Repeat the lunge and bicep curl on the opposite side, stepping forward with your left foot. Continue alternating sides for the desired number of repetitions.",images/1658-Mz6lLcW.jpg,videos/1658-Mz6lLcW.gif,videos/1658-Mz6lLcW.gif,true,false
0337,dumbbell lying extension (across face),exercisedb,0337,upper arms,upper arms,shoulders,dumbbell,,"Lie flat on a bench with your feet flat on the ground and your head at the end of the bench. Hold a dumbbell with both hands and extend your arms straight up above your chest, palms facing each other. Keeping your upper arms stationary, slowly lower the dumbbell in an arc behind your head until your forearms are parallel to the ground. Pause for a moment, then contract your triceps to bring the dumbbell back to the starting position. Repeat for the desired number of repetitions.",images/0337-L2V5Nan.jpg,videos/0337-L2V5Nan.gif,videos/0337-L2V5Nan.gif,true,false
1729,dumbbell lying alternate extension,exercisedb,1729,upper arms,upper arms,shoulders,dumbbell,,"Lie flat on a bench with a dumbbell in each hand, palms facing each other. Extend your arms straight up over your chest, keeping a slight bend in your elbows. Lower one dumbbell down towards your head, bending at the elbow, while keeping the other arm extended. Pause for a moment at the bottom, then raise the dumbbell back up to the starting position. Repeat with the other arm, alternating sides for the desired number of repetitions.",images/1729-NfP83rA.jpg,videos/1729-NfP83rA.gif,videos/1729-NfP83rA.gif,true,false
0338,dumbbell lying elbow press,exercisedb,0338,upper arms,upper arms,chest,dumbbell,,"Lie flat on a bench with a dumbbell in each hand, palms facing each other and arms extended straight up over your chest. Lower the dumbbells towards your shoulders by bending your elbows, keeping your upper arms stationary. Pause for a moment at the bottom, then press the dumbbells back up to the starting position by extending your elbows. Repeat for the desired number of repetitions.",images/0338-eOCOwIR.jpg,videos/0338-eOCOwIR.gif,videos/0338-eOCOwIR.gif,true,false
0863,dumbbell lying external shoulder rotation,exercisedb,0863,shoulders,shoulders,rotator cuff,dumbbell,,"Lie on your side on a flat bench with your upper arm against your side and your elbow bent 90 degrees. Hold a dumbbell in your hand with your palm facing down. Keeping your upper arm against your side, slowly rotate your forearm upward as far as possible. Pause for a moment at the top, then slowly lower your forearm back down to the starting position. Repeat for the desired number of repetitions, then switch sides.",images/0863-bmBf7LN.jpg,videos/0863-bmBf7LN.gif,videos/0863-bmBf7LN.gif,true,false
0339,dumbbell lying femoral,exercisedb,0339,upper legs,upper legs,glutes,dumbbell,,"Lie flat on your back with your legs extended and a dumbbell resting on your lower abdomen. Bend your knees and bring the dumbbell towards your glutes, keeping your feet flat on the ground. Pause for a moment at the top, then slowly lower the dumbbell back to the starting position. Repeat for the desired number of repetitions.",images/0339-FkBIE6a.jpg,videos/0339-FkBIE6a.gif,videos/0339-FkBIE6a.gif,true,false
0340,dumbbell lying hammer press,exercisedb,0340,chest,chest,triceps,dumbbell,,"Lie flat on a bench with a dumbbell in each hand, palms facing each other and arms extended straight up. Lower the dumbbells to the sides of your chest, keeping your elbows at a 90-degree angle. Press the dumbbells back up to the starting position, fully extending your arms. Repeat for the desired number of repetitions.",images/0340-7gdLIXa.jpg,videos/0340-7gdLIXa.gif,videos/0340-7gdLIXa.gif,true,false
2470,dumbbell lying on floor rear delt raise,exercisedb,2470,shoulders,shoulders,trapezius,dumbbell,,"Lie face down on the floor with a dumbbell in each hand, palms facing each other. Extend your arms straight out in front of you, keeping a slight bend in your elbows. Engaging your shoulder muscles, lift your arms up and out to the sides, squeezing your shoulder blades together. Pause for a moment at the top, then slowly lower your arms back down to the starting position. Repeat for the desired number of repetitions.",images/2470-Ion0XWz.jpg,videos/2470-Ion0XWz.gif,videos/2470-Ion0XWz.gif,true,false
0341,dumbbell lying one arm deltoid rear,exercisedb,0341,shoulders,shoulders,trapezius,dumbbell,,"Lie face down on a flat bench with a dumbbell in one hand, palm facing inwards. Extend your arm straight down towards the floor, keeping it close to your body. Raise your arm up and back, squeezing your shoulder blade towards your spine. Pause for a moment at the top, then slowly lower your arm back down to the starting position. Repeat for the desired number of repetitions, then switch arms.",images/0341-gSw59a4.jpg,videos/0341-gSw59a4.gif,videos/0341-gSw59a4.gif,true,false
0343,dumbbell lying one arm press,exercisedb,0343,chest,chest,triceps,dumbbell,,"Lie flat on a bench with a dumbbell in one hand and your feet flat on the ground. Hold the dumbbell at shoulder level with your palm facing forward. Press the dumbbell upward until your arm is fully extended. Pause for a moment at the top, then slowly lower the dumbbell back to the starting position. Repeat for the desired number of repetitions, then switch to the other arm.",images/0343-zGSIWQi.jpg,videos/0343-zGSIWQi.gif,videos/0343-zGSIWQi.gif,true,false
0342,dumbbell lying one arm press v. 2,exercisedb,0342,chest,chest,triceps,dumbbell,,"Lie flat on a bench with your back supported and feet flat on the ground. Hold a dumbbell in one hand with your palm facing towards your feet. Extend your arm straight up towards the ceiling, keeping your elbow slightly bent. Slowly lower the dumbbell down towards your chest, keeping your elbow close to your body. Pause for a moment at the bottom, then push the dumbbell back up to the starting position. Repeat for the desired number of repetitions, then switch to the other arm.",images/0342-K3dIO25.jpg,videos/0342-K3dIO25.gif,videos/0342-K3dIO25.gif,true,false
0344,dumbbell lying one arm pronated triceps extension,exercisedb,0344,upper arms,upper arms,shoulders,dumbbell,,"Lie flat on a bench with your back and head supported, and your feet flat on the ground. Hold a dumbbell in one hand with your palm facing down, and extend your arm straight up above your shoulder. Keeping your upper arm stationary, slowly lower the dumbbell behind your head by bending your elbow. Pause for a moment at the bottom, then extend your arm back up to the starting position. Repeat for the desired number of repetitions, then switch arms.",images/0344-wyaqzOS.jpg,videos/0344-wyaqzOS.gif,videos/0344-wyaqzOS.gif,true,false
0345,dumbbell lying one arm rear lateral raise,exercisedb,0345,shoulders,shoulders,traps,dumbbell,,"Lie face down on a flat bench with a dumbbell in one hand, hanging towards the floor. Keep your arm straight and lift the dumbbell out to the side, away from your body. Pause for a moment at the top, then slowly lower the dumbbell back down to the starting position. Repeat for the desired number of repetitions, then switch to the other arm.",images/0345-KwFGiEP.jpg,videos/0345-KwFGiEP.gif,videos/0345-KwFGiEP.gif,true,false
0346,dumbbell lying one arm supinated triceps extension,exercisedb,0346,upper arms,upper arms,forearms,dumbbell,,"Lie flat on a bench with your back and head supported, and your feet flat on the ground. Hold a dumbbell in one hand with an underhand grip, and extend your arm straight up above your shoulder. Keeping your upper arm stationary, slowly lower the dumbbell behind your head by bending your elbow. Pause for a moment at the bottom, then extend your arm back up to the starting position. Repeat for the desired number of repetitions, then switch arms.",images/0346-zZlORz6.jpg,videos/0346-zZlORz6.gif,videos/0346-zZlORz6.gif,true,false
0347,dumbbell lying pronation,exercisedb,0347,lower arms,lower arms,biceps,dumbbell,,"Lie flat on a bench with your chest facing down and your arms extended straight down, holding a dumbbell in each hand. Rotate your palms so they are facing up. Keeping your upper arms stationary, exhale and curl the dumbbells as you rotate your palms to face down. Inhale and slowly lower the dumbbells back to the starting position. Repeat for the desired number of repetitions.",images/0347-mym4hJo.jpg,videos/0347-mym4hJo.gif,videos/0347-mym4hJo.gif,true,false
2705,dumbbell lying pronation on floor,exercisedb,2705,lower arms,lower arms,biceps,dumbbell,,"Lie flat on the floor with your face down and your arms extended straight out in front of you, holding a dumbbell in each hand. Rotate your palms so they are facing down towards the floor. Keeping your arms straight, lift the dumbbells off the floor by contracting your forearms. Continue lifting until your forearms are fully contracted and the dumbbells are at shoulder level. Hold for a moment, then slowly lower the dumbbells back down to the starting position. Repeat for the desired number of repetitions.",images/2705-7RWNjiB.jpg,videos/2705-7RWNjiB.gif,videos/2705-7RWNjiB.gif,true,false
1284,dumbbell lying pullover on exercise ball,exercisedb,1284,chest,chest,triceps,dumbbell,,"Sit on an exercise ball and roll forward until your upper back is resting on the ball. Hold a dumbbell with both hands and extend your arms straight up over your chest. Slowly lower the dumbbell behind your head while keeping your arms straight. Pause for a moment, then raise the dumbbell back to the starting position. Repeat for the desired number of repetitions.",images/1284-iK59oEA.jpg,videos/1284-iK59oEA.gif,videos/1284-iK59oEA.gif,true,false
1328,dumbbell lying rear delt row,exercisedb,1328,back,back,shoulders,dumbbell,,"Lie face down on a flat bench with a dumbbell in each hand, palms facing inwards. Extend your arms straight down towards the floor, keeping a slight bend in your elbows. Engaging your back muscles, lift the dumbbells up towards your chest, squeezing your shoulder blades together. Pause for a moment at the top, then slowly lower the dumbbells back down to the starting position. Repeat for the desired number of repetitions.",images/1328-XUUD0Fs.jpg,videos/1328-XUUD0Fs.gif,videos/1328-XUUD0Fs.gif,true,false
0348,dumbbell lying rear lateral raise,exercisedb,0348,shoulders,shoulders,traps,dumbbell,,"Lie face down on a flat bench with a dumbbell in each hand, palms facing each other. Extend your arms straight down towards the floor, keeping a slight bend in your elbows. Engaging your shoulder muscles, lift your arms out to the sides until they are parallel to the floor. Pause for a moment at the top, then slowly lower your arms back down to the starting position. Repeat for the desired number of repetitions.",images/0348-53Ttlck.jpg,videos/0348-53Ttlck.gif,videos/0348-53Ttlck.gif,true,false
1735,dumbbell lying single extension,exercisedb,1735,upper arms,upper arms,shoulders,dumbbell,,"Lie flat on a bench with a dumbbell in one hand and your arm fully extended above your chest. Lower the dumbbell in a controlled manner towards your forehead, keeping your upper arm stationary. Pause briefly at the bottom of the movement, then extend your arm back to the starting position. Repeat for the desired number of repetitions, then switch arms.",images/1735-6MfS53i.jpg,videos/1735-6MfS53i.gif,videos/1735-6MfS53i.gif,true,false
0349,dumbbell lying supination,exercisedb,0349,lower arms,lower arms,biceps,dumbbell,,"Lie flat on a bench with your feet flat on the ground. Hold a dumbbell in each hand with your palms facing up and your arms fully extended. Keeping your upper arms stationary, curl the dumbbells towards your shoulders by contracting your forearms. Pause for a moment at the top, then slowly lower the dumbbells back to the starting position. Repeat for the desired number of repetitions.",images/0349-M2Pm3zj.jpg,videos/0349-M2Pm3zj.gif,videos/0349-M2Pm3zj.gif,true,false
2706,dumbbell lying supination on floor,exercisedb,2706,lower arms,lower arms,biceps,dumbbell,,"Lie flat on your back on the floor with your legs extended and your arms by your sides, holding a dumbbell in each hand. Rotate your palms to face up, keeping your elbows close to your sides. Slowly curl the dumbbells towards your shoulders, squeezing your forearms. Pause for a moment at the top, then slowly lower the dumbbells back down to the starting position. Repeat for the desired number of repetitions.",images/2706-rEhi2o5.jpg,videos/2706-rEhi2o5.gif,videos/2706-rEhi2o5.gif,true,false
1661,dumbbell lying supine biceps curl,exercisedb,1661,upper arms,upper arms,forearms,dumbbell,,"Lie flat on a bench with your back and head supported, and your feet flat on the ground. Hold a dumbbell in each hand with your palms facing up and your arms fully extended. Keeping your upper arms stationary, exhale and curl the weights while contracting your biceps. Continue to raise the weights until your biceps are fully contracted and the dumbbells are at shoulder level. Hold the contracted position for a brief pause as you squeeze your biceps. Inhale and slowly begin to lower the dumbbells back to the starting position. Repeat for the desired number of repetitions.",images/1661-XVzF3iZ.jpg,videos/1661-XVzF3iZ.gif,videos/1661-XVzF3iZ.gif,true,false
0350,dumbbell lying supine curl,exercisedb,0350,upper arms,upper arms,forearms,dumbbell,,"Lie flat on a bench with a dumbbell in each hand, palms facing up and arms fully extended. Keeping your upper arms stationary, exhale and curl the weights while contracting your biceps. Continue to raise the dumbbells until your biceps are fully contracted and the dumbbells are at shoulder level. Hold the contracted position for a brief pause as you squeeze your biceps. Inhale and slowly begin to lower the dumbbells back to the starting position. Repeat for the desired number of repetitions.",images/0350-KUaZst7.jpg,videos/0350-KUaZst7.gif,videos/0350-KUaZst7.gif,true,false
0351,dumbbell lying triceps extension,exercisedb,0351,upper arms,upper arms,shoulders,dumbbell,,"Lie flat on a bench with a dumbbell in each hand, palms facing each other. Extend your arms straight up over your chest, keeping your elbows close to your body. Lower the dumbbells down towards your forehead, bending your elbows. Pause for a moment, then extend your arms back up to the starting position. Repeat for the desired number of repetitions.",images/0351-mpKZGWz.jpg,videos/0351-mpKZGWz.gif,videos/0351-mpKZGWz.gif,true,false
1662,dumbbell lying wide curl,exercisedb,1662,upper arms,upper arms,forearms,dumbbell,,"Lie flat on a bench with a dumbbell in each hand, palms facing up and arms fully extended. Keeping your upper arms stationary, exhale and curl the weights while contracting your biceps. Continue to raise the weights until your biceps are fully contracted and the dumbbells are at shoulder level. Hold the contracted position for a brief pause as you squeeze your biceps. Inhale and slowly begin to lower the dumbbells back to the starting position. Repeat for the desired number of repetitions.",images/1662-qm9veZw.jpg,videos/1662-qm9veZw.gif,videos/1662-qm9veZw.gif,true,false
0352,dumbbell neutral grip bench press,exercisedb,0352,upper arms,upper arms,chest,dumbbell,,"Lie flat on a bench with your feet flat on the ground and your back pressed against the bench. Hold a dumbbell in each hand with a neutral grip (palms facing each other) and your arms extended straight up over your chest. Slowly lower the dumbbells down towards your chest, keeping your elbows close to your body. Pause for a moment at the bottom, then push the dumbbells back up to the starting position, fully extending your arms. Repeat for the desired number of repetitions.",images/0352-pP8wP2P.jpg,videos/0352-pP8wP2P.gif,videos/0352-pP8wP2P.gif,true,false
1285,dumbbell one arm bench fly,exercisedb,1285,chest,chest,shoulders,dumbbell,,"Sit on a flat bench with a dumbbell in one hand, resting it on top of your thigh. Lie back on the bench, keeping the dumbbell pressed against your thigh. Using your free hand, help lift the dumbbell up to the starting position. Hold the dumbbell directly above your shoulder with your arm extended and palm facing inward. Lower the dumbbell out to the side in a wide arc, keeping a slight bend in your elbow. Pause when your arm is parallel to the ground, then reverse the movement and bring the dumbbell back to the starting position. Repeat for the desired number of repetitions, then switch arms and repeat.",images/1285-o5Jsk92.jpg,videos/1285-o5Jsk92.gif,videos/1285-o5Jsk92.gif,true,false
0292,dumbbell one arm bent-over row,exercisedb,0292,back,back,biceps,dumbbell,,"Stand with your feet shoulder-width apart, holding a dumbbell in one hand with your palm facing your body. Bend your knees slightly and hinge forward at the hips, keeping your back straight and your core engaged. Let the dumbbell hang straight down towards the floor, with your arm fully extended. Pull the dumbbell up towards your chest, keeping your elbow close to your body and squeezing your shoulder blades together. Pause for a moment at the top, then slowly lower the dumbbell back down to the starting position. Repeat for the desired number of repetitions, then switch sides.",images/0292-C0MA9bC.jpg,videos/0292-C0MA9bC.gif,videos/0292-C0MA9bC.gif,true,false
1286,dumbbell one arm chest fly on exercise ball,exercisedb,1286,chest,chest,shoulders,dumbbell,,"Sit on an exercise ball with a dumbbell in one hand and your feet flat on the ground. Walk your feet forward, rolling the ball until your upper back is supported on the ball and your head, neck, and shoulders are off the ball. Extend your arm with the dumbbell straight up above your chest, palm facing inward. Slowly lower the dumbbell out to the side, keeping a slight bend in your elbow. Pause for a moment when your arm is parallel to the ground. Engage your chest muscles to bring the dumbbell back up to the starting position. Repeat for the desired number of repetitions, then switch arms.",images/1286-Bpkf41o.jpg,videos/1286-Bpkf41o.gif,videos/1286-Bpkf41o.gif,true,false
0353,dumbbell one arm concentration curl (on stability ball),exercisedb,0353,upper arms,upper arms,forearms,dumbbell,,"Sit on a stability ball with your feet flat on the ground and your knees bent at a 90-degree angle. Hold a dumbbell in one hand with your palm facing up and your arm extended down towards the floor. Rest your elbow on the inside of your thigh, just above the knee. Keeping your upper arm stationary, exhale and curl the dumbbell up towards your shoulder while contracting your biceps. Pause for a moment at the top of the movement, then inhale and slowly lower the dumbbell back down to the starting position. Repeat for the desired number of repetitions, then switch arms and repeat.",images/0353-k5IpyHg.jpg,videos/0353-k5IpyHg.gif,videos/0353-k5IpyHg.gif,true,false
1287,dumbbell one arm decline chest press,exercisedb,1287,chest,chest,triceps,dumbbell,,"Lie on a decline bench with a dumbbell in one hand, resting on your chest. Place your feet flat on the ground and keep your back pressed against the bench. Extend your arm and push the dumbbell up towards the ceiling, fully extending your elbow. Pause for a moment at the top, then slowly lower the dumbbell back down to the starting position. Repeat for the desired number of repetitions, then switch to the other arm.",images/1287-REGM1dE.jpg,videos/1287-REGM1dE.gif,videos/1287-REGM1dE.gif,true,false
1288,dumbbell one arm fly on exercise ball,exercisedb,1288,chest,chest,shoulders,dumbbell,,"Sit on an exercise ball with a dumbbell in one hand and your feet flat on the ground. Walk your feet forward and roll your body down until your upper back is resting on the exercise ball. Extend your arm with the dumbbell straight up above your chest, palm facing inwards. Slowly lower the dumbbell out to the side, keeping a slight bend in your elbow. Pause for a moment, then squeeze your chest muscles to bring the dumbbell back to the starting position. Repeat for the desired number of repetitions, then switch arms.",images/1288-Am02iPd.jpg,videos/1288-Am02iPd.gif,videos/1288-Am02iPd.gif,true,false
1736,dumbbell one arm french press on exercise ball,exercisedb,1736,upper arms,upper arms,shoulders,dumbbell,,"Sit on an exercise ball with your feet flat on the ground and your back straight. Hold a dumbbell in one hand with your palm facing up and your elbow bent at a 90-degree angle. Extend your arm straight up towards the ceiling, keeping your elbow stationary. Slowly lower the dumbbell back down to the starting position. Repeat for the desired number of repetitions, then switch arms.",images/1736-ziFKQXP.jpg,videos/1736-ziFKQXP.gif,videos/1736-ziFKQXP.gif,true,false
1663,dumbbell one arm hammer preacher curl,exercisedb,1663,upper arms,upper arms,forearms,dumbbell,,"Sit on a preacher bench with a dumbbell in one hand and your upper arm resting on the pad. Hold the dumbbell with a neutral grip (palms facing your body). Keeping your upper arm stationary, exhale and curl the dumbbell up towards your shoulder. Pause for a moment at the top, squeezing your biceps. Inhale and slowly lower the dumbbell back to the starting position. Repeat for the desired number of repetitions, then switch arms.",images/1663-4dF3maG.jpg,videos/1663-4dF3maG.gif,videos/1663-4dF3maG.gif,true,false
1621,dumbbell one arm hammer press on exercise ball,exercisedb,1621,upper arms,upper arms,shoulders,dumbbell,,"Sit on an exercise ball with your feet flat on the ground and your back straight. Hold a dumbbell in one hand with your palm facing inwards and your elbow bent at a 90-degree angle. Place your other hand on your hip for stability. Press the dumbbell upwards, extending your arm fully. Pause for a moment at the top, then slowly lower the dumbbell back to the starting position. Repeat for the desired number of repetitions, then switch arms.",images/1621-VYmYxK5.jpg,videos/1621-VYmYxK5.gif,videos/1621-VYmYxK5.gif,true,false
1289,dumbbell one arm incline chest press,exercisedb,1289,chest,chest,shoulders,dumbbell,,"Adjust the incline bench to a 45-degree angle. Sit on the bench with your back against the pad and feet flat on the ground. Hold a dumbbell in one hand with an overhand grip, resting it on your shoulder. Push the dumbbell up and away from your body, extending your arm fully. Pause for a moment at the top, then slowly lower the dumbbell back down to the starting position. Repeat for the desired number of repetitions, then switch to the other arm.",images/1289-PDaMuyV.jpg,videos/1289-PDaMuyV.gif,videos/1289-PDaMuyV.gif,true,false
0354,dumbbell one arm kickback,exercisedb,0354,upper arms,upper arms,shoulders,dumbbell,,"Stand with your feet shoulder-width apart and hold a dumbbell in your right hand. Bend your knees slightly and hinge forward at the hips, keeping your back straight. Bring your right elbow up to your side, keeping it bent at a 90-degree angle. Extend your right arm straight back, squeezing your triceps at the top of the movement. Slowly lower the dumbbell back to the starting position. Repeat for the desired number of repetitions, then switch sides.",images/0354-bQy2Eni.jpg,videos/0354-bQy2Eni.gif,videos/0354-bQy2Eni.gif,true,false
0355,dumbbell one arm lateral raise,exercisedb,0355,shoulders,shoulders,trapezius,dumbbell,,"Stand with your feet shoulder-width apart, holding a dumbbell in one hand with your palm facing your body. Keep your back straight and your core engaged throughout the exercise. Raise the dumbbell to the side, keeping your arm straight and your palm facing down. Continue lifting until your arm is parallel to the ground. Pause for a moment at the top, then slowly lower the dumbbell back to the starting position. Repeat for the desired number of repetitions, then switch to the other arm.",images/0355-n5cWCsI.jpg,videos/0355-n5cWCsI.gif,videos/0355-n5cWCsI.gif,true,false
0356,dumbbell one arm lateral raise with support,exercisedb,0356,shoulders,shoulders,trapezius,dumbbell,,"Stand with your feet shoulder-width apart and hold a dumbbell in one hand, with your palm facing your body. Place your other hand on a stable surface, such as a bench or wall, for support. Keep your back straight and engage your core. Raise the dumbbell out to the side, keeping your arm straight and your palm facing down. Continue lifting until your arm is parallel to the ground. Pause for a moment at the top, then slowly lower the dumbbell back down to the starting position. Repeat for the desired number of repetitions, then switch sides.",images/0356-Yg7MJAT.jpg,videos/0356-Yg7MJAT.gif,videos/0356-Yg7MJAT.gif,true,false
1290,dumbbell one arm press on exercise ball,exercisedb,1290,chest,chest,shoulders,dumbbell,,"Sit on an exercise ball with your feet flat on the ground and your knees bent at a 90-degree angle. Hold a dumbbell in one hand and position it at shoulder height, with your elbow bent and palm facing forward. Slowly press the dumbbell upward until your arm is fully extended, while keeping your core engaged and maintaining balance on the exercise ball. Pause for a moment at the top, then slowly lower the dumbbell back to the starting position. Repeat for the desired number of repetitions, then switch to the other arm.",images/1290-QZFv5ui.jpg,videos/1290-QZFv5ui.gif,videos/1290-QZFv5ui.gif,true,false
1665,dumbbell one arm prone curl,exercisedb,1665,upper arms,upper arms,forearms,dumbbell,,"Lie face down on a flat bench with a dumbbell in one hand, palm facing down. Extend your arm fully, letting it hang straight down towards the floor. Keeping your upper arm stationary, curl the dumbbell up towards your shoulder by contracting your biceps. Pause for a moment at the top, then slowly lower the dumbbell back down to the starting position. Repeat for the desired number of repetitions, then switch arms.",images/1665-JWjujiY.jpg,videos/1665-JWjujiY.gif,videos/1665-JWjujiY.gif,true,false
1666,dumbbell one arm prone hammer curl,exercisedb,1666,upper arms,upper arms,forearms,dumbbell,,"Lie face down on a flat bench with a dumbbell in one hand, palm facing your body and arm fully extended. Keep your upper arm stationary and curl the dumbbell towards your shoulder, contracting your biceps. Pause for a moment at the top, then slowly lower the dumbbell back to the starting position. Repeat for the desired number of repetitions, then switch arms.",images/1666-LIGZSTA.jpg,videos/1666-LIGZSTA.gif,videos/1666-LIGZSTA.gif,true,false
1291,dumbbell one arm pullover on exercise ball,exercisedb,1291,chest,chest,triceps,dumbbell,,"Sit on an exercise ball with your feet flat on the ground and your knees bent at a 90-degree angle. Hold a dumbbell with one hand and extend your arm straight up above your chest. Slowly lower the dumbbell behind your head while keeping your arm straight. Pause for a moment, then raise the dumbbell back to the starting position. Repeat for the desired number of repetitions, then switch arms.",images/1291-bQHPBU3.jpg,videos/1291-bQHPBU3.gif,videos/1291-bQHPBU3.gif,true,false
0358,dumbbell one arm reverse wrist curl,exercisedb,0358,lower arms,lower arms,wrist extensors,dumbbell,,"Sit on a bench or chair with your feet flat on the ground. Hold a dumbbell in one hand with an overhand grip, palm facing down. Rest your forearm on your thigh, with your wrist hanging off the edge. Slowly lower the dumbbell towards the ground by flexing your wrist. Pause for a moment at the bottom, then slowly curl your wrist back up towards your body. Repeat for the desired number of repetitions, then switch to the other arm.",images/0358-BwSNDGt.jpg,videos/0358-BwSNDGt.gif,videos/0358-BwSNDGt.gif,true,false
0359,dumbbell one arm reverse fly (with support),exercisedb,0359,shoulders,shoulders,trapezius,dumbbell,,"Sit on a bench with your feet flat on the ground and your back straight. Hold a dumbbell in one hand with your palm facing inwards. Lean forward and place your free hand on the bench for support. Keep your arm slightly bent and raise it out to the side until it is parallel to the ground. Pause for a moment at the top, then slowly lower your arm back down to the starting position. Repeat for the desired number of repetitions, then switch arms.",images/0359-e25F58f.jpg,videos/0359-e25F58f.gif,videos/0359-e25F58f.gif,true,false
1622,dumbbell one arm reverse grip press,exercisedb,1622,chest,chest,triceps,dumbbell,,"Sit on a flat bench with a dumbbell in one hand, palm facing towards your body. Place your feet flat on the ground and keep your back straight. Raise the dumbbell to shoulder height, keeping your elbow close to your body. Press the dumbbell upwards until your arm is fully extended. Pause for a moment at the top, then slowly lower the dumbbell back to the starting position. Repeat for the desired number of repetitions, then switch to the other arm.",images/1622-Ze7MoIb.jpg,videos/1622-Ze7MoIb.gif,videos/1622-Ze7MoIb.gif,true,false
1414,dumbbell one arm reverse preacher curl,exercisedb,1414,upper arms,upper arms,forearms,dumbbell,,"Sit on a preacher bench with your chest against the pad and your arm extended over the edge of the bench, holding a dumbbell with an underhand grip. Lower the dumbbell slowly until your arm is fully extended. Curl the dumbbell back up towards your shoulder, keeping your upper arm stationary. Squeeze your biceps at the top of the movement, then slowly lower the dumbbell back down to the starting position. Repeat for the desired number of repetitions, then switch arms.",images/1414-bWxq4op.jpg,videos/1414-bWxq4op.gif,videos/1414-bWxq4op.gif,true,false
1667,dumbbell one arm reverse spider curl,exercisedb,1667,upper arms,upper arms,forearms,dumbbell,,"Stand up straight with a dumbbell in one hand, palm facing down and arm fully extended. Keeping your upper arm stationary, curl the dumbbell towards your shoulder by flexing your elbow. Pause for a moment at the top, then slowly lower the dumbbell back to the starting position. Repeat for the desired number of repetitions, then switch arms.",images/1667-VdLZ3nB.jpg,videos/1667-VdLZ3nB.gif,videos/1667-VdLZ3nB.gif,true,false
1668,dumbbell one arm seated bicep curl on exercise ball,exercisedb,1668,upper arms,upper arms,forearms,dumbbell,,"Sit on an exercise ball with your feet flat on the ground and your back straight. Hold a dumbbell in one hand with your palm facing up and your arm fully extended. Keeping your upper arm stationary, curl the dumbbell towards your shoulder by contracting your biceps. Pause for a moment at the top, then slowly lower the dumbbell back to the starting position. Repeat for the desired number of repetitions, then switch arms.",images/1668-s999Hdo.jpg,videos/1668-s999Hdo.gif,videos/1668-s999Hdo.gif,true,false
1669,dumbbell one arm seated hammer curl,exercisedb,1669,upper arms,upper arms,forearms,dumbbell,,"Sit on a bench with your back straight and feet flat on the ground. Hold a dumbbell in one hand with a neutral grip (palms facing each other). Rest your elbow on the inside of your thigh, just above the knee. Keeping your upper arm stationary, exhale and curl the dumbbell up towards your shoulder. Pause for a moment at the top, squeezing your biceps. Inhale and slowly lower the dumbbell back to the starting position. Repeat for the desired number of repetitions, then switch arms.",images/1669-jK2hZ6n.jpg,videos/1669-jK2hZ6n.gif,videos/1669-jK2hZ6n.gif,true,false
1415,dumbbell one arm seated neutral wrist curl,exercisedb,1415,lower arms,lower arms,biceps,dumbbell,,"Sit on a bench with your feet flat on the ground and hold a dumbbell in one hand, palm facing up. Rest your forearm on your thigh, allowing your wrist to hang off the edge. Keeping your forearm stationary, curl your wrist upward as far as possible. Pause for a moment at the top, then slowly lower your wrist back down to the starting position. Repeat for the desired number of repetitions, then switch to the other hand.",images/1415-YtaCTYl.jpg,videos/1415-YtaCTYl.gif,videos/1415-YtaCTYl.gif,true,false
0361,dumbbell one arm shoulder press,exercisedb,0361,shoulders,shoulders,triceps,dumbbell,,"Stand with your feet shoulder-width apart and hold a dumbbell in one hand at shoulder level, palm facing forward. Press the dumbbell upward until your arm is fully extended overhead. Pause for a moment at the top, then slowly lower the dumbbell back to the starting position. Repeat for the desired number of repetitions, then switch to the other arm.",images/0361-84RyJf8.jpg,videos/0361-84RyJf8.gif,videos/0361-84RyJf8.gif,true,false
0360,dumbbell one arm shoulder press v. 2,exercisedb,0360,shoulders,shoulders,triceps,dumbbell,,"Stand with your feet shoulder-width apart and hold a dumbbell in one hand at shoulder level, palm facing forward. Engage your core and press the dumbbell straight up overhead, fully extending your arm. Pause for a moment at the top, then slowly lower the dumbbell back to shoulder level. Repeat for the desired number of repetitions, then switch to the other arm.",images/0360-1TkiAFK.jpg,videos/0360-1TkiAFK.gif,videos/0360-1TkiAFK.gif,true,false
3888,dumbbell one arm snatch,exercisedb,3888,upper legs,upper legs,hamstrings,dumbbell,,"Stand with your feet shoulder-width apart, holding a dumbbell in one hand with an overhand grip. Bend your knees slightly and hinge forward at the hips, keeping your back straight and chest up. Lower the dumbbell towards the ground, keeping it close to your body. Explosively extend your hips, knees, and ankles, driving the dumbbell upwards in a straight line. As the dumbbell reaches shoulder height, quickly rotate your hand and punch it overhead, fully extending your arm. Catch the dumbbell overhead with a slight bend in your knees and hips. Lower the dumbbell back down to the starting position in a controlled manner. Repeat for the desired number of repetitions, then switch to the other arm.",images/3888-6pTkI99.jpg,videos/3888-6pTkI99.gif,videos/3888-6pTkI99.gif,true,false
1670,dumbbell one arm standing curl,exercisedb,1670,upper arms,upper arms,forearms,dumbbell,,"Stand up straight with a dumbbell in one hand, palm facing forward and arm fully extended. Keeping your upper arm stationary, exhale and curl the weight upward while contracting your biceps. Continue to raise the dumbbell until your biceps are fully contracted and the dumbbell is at shoulder level. Hold the contracted position for a brief pause as you squeeze your biceps. Inhale and slowly lower the dumbbell back to the starting position. Repeat for the desired number of repetitions, then switch arms.",images/1670-ffQsyBj.jpg,videos/1670-ffQsyBj.gif,videos/1670-ffQsyBj.gif,true,false
1671,dumbbell one arm standing hammer curl,exercisedb,1671,upper arms,upper arms,forearms,dumbbell,,"Stand up straight with a dumbbell in each hand, palms facing your torso. Keep your elbows close to your torso and your upper arms stationary. Exhale and curl the weights while contracting your biceps. Continue to raise the weights until your biceps are fully contracted and the dumbbells are at shoulder level. Hold the contracted position for a brief pause as you squeeze your biceps. Inhale and slowly begin to lower the dumbbells back to the starting position. Repeat for the desired number of repetitions.",images/1671-2sQGZ5b.jpg,videos/1671-2sQGZ5b.gif,videos/1671-2sQGZ5b.gif,true,false
0362,dumbbell one arm triceps extension (on bench),exercisedb,0362,upper arms,upper arms,shoulders,dumbbell,,"Sit on a bench with your back straight and feet flat on the ground. Hold a dumbbell in one hand and place your other hand on the bench for support. Raise the dumbbell overhead, keeping your upper arm close to your head and your elbow pointing forward. Lower the dumbbell behind your head by bending your elbow, keeping your upper arm stationary. Extend your arm back up to the starting position, fully straightening your elbow. Repeat for the desired number of repetitions, then switch arms.",images/0362-nAuHPcD.jpg,videos/0362-nAuHPcD.gif,videos/0362-nAuHPcD.gif,true,false
0363,dumbbell one arm upright row,exercisedb,0363,shoulders,shoulders,traps,dumbbell,,"Stand with your feet shoulder-width apart, holding a dumbbell in one hand with an overhand grip. Let the dumbbell hang at arm's length in front of your thighs, with your palm facing your body. Keeping your back straight and your core engaged, exhale and lift the dumbbell straight up towards your chin, leading with your elbow. Pause for a moment at the top, then inhale and slowly lower the dumbbell back down to the starting position. Repeat for the desired number of repetitions, then switch to the other arm.",images/0363-6cKQC5E.jpg,videos/0363-6cKQC5E.gif,videos/0363-6cKQC5E.gif,true,false
0364,dumbbell one arm wrist curl,exercisedb,0364,lower arms,lower arms,biceps,dumbbell,,"Sit on a bench or chair with your feet flat on the ground. Hold a dumbbell in one hand with an underhand grip, resting your forearm on your thigh. Allow your wrist to extend, letting the dumbbell roll down towards your fingers. Slowly curl your wrist back up, bringing the dumbbell towards your forearm. Repeat for the desired number of repetitions, then switch to the other hand.",images/0364-q8aHNoF.jpg,videos/0364-q8aHNoF.gif,videos/0364-q8aHNoF.gif,true,false
1672,dumbbell one arm zottman preacher curl,exercisedb,1672,upper arms,upper arms,forearms,dumbbell,,"Sit on a preacher curl bench and hold a dumbbell in one hand with an underhand grip. Rest your upper arm on the preacher bench pad, allowing your arm to fully extend. Curl the dumbbell up towards your shoulder, keeping your upper arm stationary. At the top of the curl, rotate your wrist so that your palm faces up. Slowly lower the dumbbell back down to the starting position, rotating your wrist back to the starting position. Repeat for the desired number of repetitions, then switch arms.",images/1672-sxY5Biu.jpg,videos/1672-sxY5Biu.gif,videos/1672-sxY5Biu.gif,true,false
1292,dumbbell one leg fly on exercise ball,exercisedb,1292,chest,chest,shoulders,dumbbell,,"Sit on an exercise ball with a dumbbell in each hand, palms facing each other. Place one foot on the ground and extend the other leg straight out in front of you. Lean forward slightly and bring your arms out to the sides, keeping a slight bend in your elbows. Slowly lower the dumbbells down and out to the sides, feeling a stretch in your chest. Pause for a moment at the bottom, then squeeze your chest muscles to bring the dumbbells back up to the starting position. Repeat for the desired number of repetitions, then switch legs and repeat.",images/1292-pH2x2jj.jpg,videos/1292-pH2x2jj.gif,videos/1292-pH2x2jj.gif,true,false
0365,dumbbell over bench neutral wrist curl,exercisedb,0365,upper arms,upper arms,forearms,dumbbell,,"Sit on a bench with your feet flat on the ground and hold a dumbbell in each hand, palms facing up. Rest your forearms on the bench, allowing your wrists to hang off the edge. Keeping your upper arms stationary, exhale and curl the dumbbells up towards your shoulders. Pause for a moment at the top, then inhale and slowly lower the dumbbells back down to the starting position. Repeat for the desired number of repetitions.",images/0365-BKa8dmT.jpg,videos/0365-BKa8dmT.gif,videos/0365-BKa8dmT.gif,true,false
0366,dumbbell over bench one arm neutral wrist curl,exercisedb,0366,upper arms,upper arms,forearms,dumbbell,,"Sit on a bench with a dumbbell in one hand and your arm extended over the bench, palm facing up. Keep your upper arm stationary and curl the dumbbell towards your shoulder, keeping your wrist in a neutral position. Pause for a moment at the top, then slowly lower the dumbbell back to the starting position. Repeat for the desired number of repetitions, then switch arms.",images/0366-IvV6C9M.jpg,videos/0366-IvV6C9M.gif,videos/0366-IvV6C9M.gif,true,false
1441,dumbbell over bench one arm reverse wrist curl,exercisedb,1441,lower arms,lower arms,biceps,dumbbell,,"Sit on a bench with your feet flat on the ground and hold a dumbbell in one hand, palm facing down. Rest your forearm on the bench with your wrist hanging off the edge. Slowly curl your wrist upwards, bringing the dumbbell towards your forearm. Pause for a moment at the top, then slowly lower the dumbbell back down to the starting position. Repeat for the desired number of repetitions, then switch to the other arm.",images/1441-4Jc36XM.jpg,videos/1441-4Jc36XM.gif,videos/1441-4Jc36XM.gif,true,false
0367,dumbbell over bench one arm wrist curl,exercisedb,0367,lower arms,lower arms,biceps,dumbbell,,"Sit on a bench with your feet flat on the ground and hold a dumbbell in one hand, palm facing down. Rest your forearm on the bench with your wrist hanging off the edge. Slowly curl your wrist upwards, bringing the dumbbell towards your forearm. Pause for a moment at the top, then slowly lower the dumbbell back down to the starting position. Repeat for the desired number of repetitions, then switch to the other arm.",images/0367-KI1DjNN.jpg,videos/0367-KI1DjNN.gif,videos/0367-KI1DjNN.gif,true,false
0368,dumbbell over bench revers wrist curl,exercisedb,0368,lower arms,lower arms,biceps,dumbbell,,"Sit on a bench with your feet flat on the ground and hold a dumbbell in each hand, palms facing down. Rest your forearms on the bench, allowing your wrists to hang off the edge. Slowly curl your wrists upward, bringing the dumbbells towards your body. Pause for a moment at the top, then slowly lower the dumbbells back down to the starting position. Repeat for the desired number of repetitions.",images/0368-3tAXPQ6.jpg,videos/0368-3tAXPQ6.gif,videos/0368-3tAXPQ6.gif,true,false
0369,dumbbell over bench wrist curl,exercisedb,0369,lower arms,lower arms,biceps,dumbbell,,"Sit on a bench with your forearms resting on the bench and your palms facing up, holding a dumbbell in each hand. Allow your wrists to hang over the edge of the bench. Slowly curl your wrists upward, squeezing your forearms at the top of the movement. Pause for a moment, then slowly lower your wrists back down to the starting position. Repeat for the desired number of repetitions.",images/0369-D1xYJAU.jpg,videos/0369-D1xYJAU.gif,videos/0369-D1xYJAU.gif,true,false
1329,dumbbell palm rotational bent over row,exercisedb,1329,back,back,biceps,dumbbell,,"Stand with your feet shoulder-width apart, holding a dumbbell in each hand with an overhand grip. Bend forward at the hips, keeping your back straight and your knees slightly bent. Let your arms hang straight down, palms facing your body. Engage your core and pull the dumbbells up towards your chest, keeping your elbows close to your body. As you pull the dumbbells up, rotate your palms so they face away from your body. Squeeze your shoulder blades together at the top of the movement. Slowly lower the dumbbells back down to the starting position, rotating your palms back to the starting position. Repeat for the desired number of repetitions.",images/1329-wt6rwjk.jpg,videos/1329-wt6rwjk.gif,videos/1329-wt6rwjk.gif,true,false
1623,dumbbell palms in incline bench press,exercisedb,1623,upper arms,upper arms,chest,dumbbell,,"Set up an incline bench at a 45-degree angle. Sit on the bench with your back against the backrest and feet flat on the ground. Hold a dumbbell in each hand with an overhand grip, palms facing inwards. Extend your arms straight up above your chest, keeping a slight bend in your elbows. Lower the dumbbells slowly towards your shoulders, keeping your elbows close to your body. Pause for a moment at the bottom, then press the dumbbells back up to the starting position. Repeat for the desired number of repetitions.",images/1623-8eqjhOl.jpg,videos/1623-8eqjhOl.gif,videos/1623-8eqjhOl.gif,true,false
0370,dumbbell peacher hammer curl,exercisedb,0370,upper arms,upper arms,forearms,dumbbell,,"Stand up straight with a dumbbell in each hand, palms facing your torso. Keep your elbows close to your torso and rotate the palms of your hands until they are facing forward. This will be your starting position. Now, keeping the upper arms stationary, exhale and curl the weights while contracting your biceps. Continue to raise the weights until your biceps are fully contracted and the dumbbells are at shoulder level. Hold the contracted position for a brief pause as you squeeze your biceps. Then, inhale and slowly begin to lower the dumbbells back to the starting position. Repeat for the recommended amount of repetitions.",images/0370-F1KxjBa.jpg,videos/0370-F1KxjBa.gif,videos/0370-F1KxjBa.gif,true,false
0371,dumbbell plyo squat,exercisedb,0371,upper legs,upper legs,quadriceps,dumbbell,,"Stand with your feet shoulder-width apart, holding a dumbbell in each hand at your sides. Lower your body into a squat position by bending your knees and pushing your hips back. As you reach the bottom of the squat, explode upward, jumping off the ground. While in the air, quickly switch the position of your feet, landing with your opposite foot forward. Immediately lower your body back into a squat position and repeat the jump, switching your feet again. Continue alternating the position of your feet with each jump for the desired number of repetitions.",images/0371-S4pwGlc.jpg,videos/0371-S4pwGlc.gif,videos/0371-S4pwGlc.gif,true,false
0372,dumbbell preacher curl,exercisedb,0372,upper arms,upper arms,forearms,dumbbell,,"Sit on a preacher curl bench with your upper arms resting on the pad and your chest against it. Hold a dumbbell in each hand with your palms facing up and your arms fully extended. Keeping your upper arms stationary, exhale and curl the weights while contracting your biceps. Continue to raise the dumbbells until your biceps are fully contracted and the dumbbells are at shoulder level. Hold the contracted position for a brief pause as you squeeze your biceps. Inhale and slowly begin to lower the dumbbells back to the starting position. Repeat for the desired number of repetitions.",images/0372-jivWf8n.jpg,videos/0372-jivWf8n.gif,videos/0372-jivWf8n.gif,true,false
1673,dumbbell preacher curl over exercise ball,exercisedb,1673,upper arms,upper arms,forearms,dumbbell,,"Sit on an exercise ball with your feet flat on the ground and your back straight. Hold a dumbbell in one hand with an underhand grip, resting your elbow on the exercise ball. Keeping your upper arm stationary, exhale and curl the dumbbell up towards your shoulder. Pause for a moment at the top, then inhale and slowly lower the dumbbell back to the starting position. Repeat for the desired number of repetitions, then switch arms.",images/1673-hwygydB.jpg,videos/1673-hwygydB.gif,videos/1673-hwygydB.gif,true,false
1293,dumbbell press on exercise ball,exercisedb,1293,chest,chest,shoulders,dumbbell,,"Sit on an exercise ball with your feet flat on the ground and dumbbells in each hand, resting on your thighs. Slowly walk your feet forward, rolling the exercise ball until your lower back is supported on the ball and your knees are at a 90-degree angle. Raise the dumbbells to shoulder height, palms facing forward. Press the dumbbells upward until your arms are fully extended. Pause for a moment at the top, then slowly lower the dumbbells back to the starting position. Repeat for the desired number of repetitions.",images/1293-O8o7q4d.jpg,videos/1293-O8o7q4d.gif,videos/1293-O8o7q4d.gif,true,false
0373,dumbbell pronate-grip triceps extension,exercisedb,0373,upper arms,upper arms,forearms,dumbbell,,"Sit on a bench or chair with your back straight and feet flat on the ground. Hold a dumbbell with both hands, palms facing down, and extend your arms straight up overhead. Keeping your upper arms close to your head and elbows pointing forward, slowly lower the dumbbell behind your head by bending your elbows. Pause for a moment, then extend your arms back up to the starting position. Repeat for the desired number of repetitions.",images/0373-bpJL2Qs.jpg,videos/0373-bpJL2Qs.gif,videos/0373-bpJL2Qs.gif,true,false
0374,dumbbell prone incline curl,exercisedb,0374,upper arms,upper arms,forearms,dumbbell,,"Adjust the bench to a 45-degree incline. Lie face down on the bench with your chest and stomach resting against it. Hold a dumbbell in each hand with your palms facing down and your arms fully extended. Keeping your upper arms stationary, exhale and curl the weights while contracting your biceps. Continue to raise the weights until your biceps are fully contracted and the dumbbells are at shoulder level. Hold the contracted position for a brief pause as you squeeze your biceps. Inhale and slowly begin to lower the dumbbells back to the starting position. Repeat for the desired number of repetitions.",images/0374-mwpPcr1.jpg,videos/0374-mwpPcr1.gif,videos/0374-mwpPcr1.gif,true,false
1674,dumbbell prone incline hammer curl,exercisedb,1674,upper arms,upper arms,forearms,dumbbell,,"Adjust the bench to a 45-degree incline. Lie face down on the bench with a dumbbell in each hand, palms facing each other. Allow your arms to hang straight down towards the floor, keeping your elbows slightly bent. Keeping your upper arms stationary, exhale and curl the weights while contracting your biceps. Continue to raise the dumbbells until your biceps are fully contracted and the dumbbells are at shoulder level. Hold the contracted position for a brief pause as you squeeze your biceps. Inhale and slowly begin to lower the dumbbells back to the starting position. Repeat for the desired number of repetitions.",images/1674-cWemPG8.jpg,videos/1674-cWemPG8.gif,videos/1674-cWemPG8.gif,true,false
0375,dumbbell pullover,exercisedb,0375,chest,chest,latissimus dorsi,dumbbell,,"Lie flat on a bench with your head at one end and your feet on the floor. Hold a dumbbell with both hands and extend your arms straight above your chest. Keeping a slight bend in your elbows, slowly lower the dumbbell behind your head until you feel a stretch in your chest and shoulders. Pause for a moment, then raise the dumbbell back to the starting position. Repeat for the desired number of repetitions.",images/0375-9XjtHvS.jpg,videos/0375-9XjtHvS.gif,videos/0375-9XjtHvS.gif,true,false
1294,dumbbell pullover hip extension on exercise ball,exercisedb,1294,chest,chest,triceps,dumbbell,,"Sit on an exercise ball with your feet flat on the ground and the dumbbell resting on your thighs. Slowly walk your feet forward, rolling the exercise ball down your back until your head, neck, and upper back are supported on the ball. Hold the dumbbell with both hands and extend your arms straight up over your chest, keeping a slight bend in your elbows. Lower the dumbbell behind your head, keeping your arms straight and maintaining control. Pause for a moment, then raise the dumbbell back to the starting position. While keeping your arms extended, lift your hips off the ground, squeezing your glutes and engaging your core. Lower your hips back down to the starting position. Repeat for the desired number of repetitions.",images/1294-lI7easp.jpg,videos/1294-lI7easp.gif,videos/1294-lI7easp.gif,true,false
1295,dumbbell pullover on exercise ball,exercisedb,1295,chest,chest,triceps,dumbbell,,"Sit on an exercise ball and hold a dumbbell with both hands above your chest, arms extended. Slowly lower the dumbbell behind your head while keeping your arms straight. Pause for a moment, then raise the dumbbell back to the starting position. Repeat for the desired number of repetitions.",images/1295-FSD6PGL.jpg,videos/1295-FSD6PGL.gif,videos/1295-FSD6PGL.gif,true,false
1700,dumbbell push press,exercisedb,1700,shoulders,shoulders,triceps,dumbbell,,"Stand with your feet shoulder-width apart, holding a dumbbell in each hand at shoulder level. Bend your knees slightly and dip your body down, then explosively extend your legs and press the dumbbells overhead. Lock out your arms at the top of the movement, then lower the dumbbells back to shoulder level. Repeat for the desired number of repetitions.",images/1700-FS63wTN.jpg,videos/1700-FS63wTN.gif,videos/1700-FS63wTN.gif,true,false
0376,dumbbell raise,exercisedb,0376,shoulders,shoulders,traps,dumbbell,,"Stand with your feet shoulder-width apart and hold a dumbbell in each hand, palms facing your body. Keep your back straight and engage your core. Raise your arms out to the sides until they are parallel to the floor, keeping a slight bend in your elbows. Pause for a moment at the top, then slowly lower your arms back down to the starting position. Repeat for the desired number of repetitions.",images/0376-c9MnDRp.jpg,videos/0376-c9MnDRp.gif,videos/0376-c9MnDRp.gif,true,false
2292,dumbbell rear delt raise,exercisedb,2292,shoulders,shoulders,trapezius,dumbbell,,"Stand with your feet shoulder-width apart and hold a dumbbell in each hand, palms facing your body. Bend your knees slightly and hinge forward at the hips, keeping your back straight. Raise your arms out to the sides, keeping a slight bend in your elbows, until they are parallel to the floor. Pause for a moment at the top, then slowly lower your arms back down to the starting position. Repeat for the desired number of repetitions.",images/2292-mu5Guxt.jpg,videos/2292-mu5Guxt.gif,videos/2292-mu5Guxt.gif,true,false
0377,dumbbell rear delt row_shoulder,exercisedb,0377,shoulders,shoulders,trapezius,dumbbell,,"Stand with your feet shoulder-width apart and knees slightly bent. Hold a dumbbell in each hand with your palms facing your body. Bend forward at the waist, keeping your back straight and your core engaged. Extend your arms straight down towards the floor, with a slight bend in your elbows. Raise the dumbbells out to the sides, squeezing your shoulder blades together. Pause for a moment at the top, then slowly lower the dumbbells back to the starting position. Repeat for the desired number of repetitions.",images/0377-EKXOMEh.jpg,videos/0377-EKXOMEh.gif,videos/0377-EKXOMEh.gif,true,false
0378,dumbbell rear fly,exercisedb,0378,shoulders,shoulders,trapezius,dumbbell,,"Stand with your feet shoulder-width apart and hold a dumbbell in each hand. Bend your knees slightly and hinge forward at the hips, keeping your back straight. Extend your arms straight down towards the ground, palms facing each other. Keeping a slight bend in your elbows, lift your arms out to the sides and squeeze your shoulder blades together. Pause for a moment at the top, then slowly lower your arms back down to the starting position. Repeat for the desired number of repetitions.",images/0378-8DiFDVA.jpg,videos/0378-8DiFDVA.gif,videos/0378-8DiFDVA.gif,true,false
0380,dumbbell rear lateral raise,exercisedb,0380,shoulders,shoulders,traps,dumbbell,,"Stand with your feet shoulder-width apart and hold a dumbbell in each hand, palms facing your body. Bend your knees slightly and hinge forward at the hips, keeping your back straight and core engaged. Raise your arms out to the sides, keeping a slight bend in your elbows, until they are parallel to the floor. Pause for a moment at the top, then slowly lower your arms back down to the starting position. Repeat for the desired number of repetitions.",images/0380-v1qBec9.jpg,videos/0380-v1qBec9.gif,videos/0380-v1qBec9.gif,true,false
0379,dumbbell rear lateral raise (support head),exercisedb,0379,shoulders,shoulders,traps,dumbbell,,"Stand with your feet shoulder-width apart and hold a dumbbell in each hand. Bend your knees slightly and hinge forward at the hips, keeping your back straight. Raise your arms out to the sides, keeping a slight bend in your elbows, until they are parallel to the ground. Pause for a moment at the top, then slowly lower your arms back down to the starting position. Repeat for the desired number of repetitions.",images/0379-UzkLrem.jpg,videos/0379-UzkLrem.gif,videos/0379-UzkLrem.gif,true,false
0381,dumbbell rear lunge,exercisedb,0381,upper legs,upper legs,quadriceps,dumbbell,,"Stand with your feet shoulder-width apart, holding a dumbbell in each hand. Take a step backward with your right foot, lowering your body into a lunge position. Bend your left knee and lower your body until your left thigh is parallel to the ground. Pause for a moment, then push through your left heel to return to the starting position. Repeat on the other side, stepping back with your left foot.",images/0381-SSsBDwB.jpg,videos/0381-SSsBDwB.gif,videos/0381-SSsBDwB.gif,true,false
0382,dumbbell revers grip biceps curl,exercisedb,0382,upper arms,upper arms,forearms,dumbbell,,"Stand up straight with a dumbbell in each hand, palms facing down and arms fully extended. Keeping your upper arms stationary, exhale and curl the weights while contracting your biceps. Continue to raise the weights until your biceps are fully contracted and the dumbbells are at shoulder level. Hold the contracted position for a brief pause as you squeeze your biceps. Inhale and slowly begin to lower the dumbbells back to the starting position. Repeat for the desired number of repetitions.",images/0382-e4ojVhP.jpg,videos/0382-e4ojVhP.gif,videos/0382-e4ojVhP.gif,true,false
1624,dumbbell reverse bench press,exercisedb,1624,chest,chest,triceps,dumbbell,,"Lie flat on a bench with your feet flat on the ground and your knees bent. Hold a dumbbell in each hand with an overhand grip, palms facing towards your feet. Extend your arms straight up towards the ceiling, keeping a slight bend in your elbows. Slowly lower the dumbbells towards your chest, allowing your elbows to flare out to the sides. Pause for a moment at the bottom, then push the dumbbells back up to the starting position. Repeat for the desired number of repetitions.",images/1624-UIbGx6H.jpg,videos/1624-UIbGx6H.gif,videos/1624-UIbGx6H.gif,true,false
0383,dumbbell reverse fly,exercisedb,0383,shoulders,shoulders,trapezius,dumbbell,,"Stand with your feet shoulder-width apart and hold a dumbbell in each hand. Bend your knees slightly and hinge forward at the hips, keeping your back straight. Extend your arms straight down in front of you, palms facing each other. Keeping a slight bend in your elbows, raise your arms out to the sides until they are parallel to the ground. Pause for a moment at the top, then slowly lower your arms back down to the starting position. Repeat for the desired number of repetitions.",images/0383-EAs3xL9.jpg,videos/0383-EAs3xL9.gif,videos/0383-EAs3xL9.gif,true,false
1330,dumbbell reverse grip incline bench one arm row,exercisedb,1330,back,back,biceps,dumbbell,,"Set up an incline bench at a 45-degree angle. Place a dumbbell on the floor next to the bench. Stand facing the bench with your feet shoulder-width apart. Bend at the waist and place your left knee and left hand on the bench for support. Pick up the dumbbell with your right hand using a reverse grip (palm facing down). Keep your back straight and your core engaged. Pull the dumbbell up towards your chest, keeping your elbow close to your body. Squeeze your back muscles at the top of the movement. Lower the dumbbell back down to the starting position in a controlled manner. Repeat for the desired number of repetitions. Switch sides and repeat the exercise with your left arm.",images/1330-ZIViNh1.jpg,videos/1330-ZIViNh1.gif,videos/1330-ZIViNh1.gif,true,false
1331,dumbbell reverse grip incline bench two arm row,exercisedb,1331,back,back,biceps,dumbbell,,"Set up an incline bench at a 45-degree angle. Sit on the bench with your chest against the backrest and your feet flat on the ground. Hold a dumbbell in each hand with an underhand grip. Lean forward and let your arms hang straight down, fully extended. Pull the dumbbells up towards your chest, squeezing your shoulder blades together. Pause for a moment at the top, then slowly lower the dumbbells back down to the starting position. Repeat for the desired number of repetitions.",images/1331-9pQSkH8.jpg,videos/1331-9pQSkH8.gif,videos/1331-9pQSkH8.gif,true,false
2327,dumbbell reverse grip row (female),exercisedb,2327,back,back,biceps,dumbbell,,"Stand with your feet shoulder-width apart and knees slightly bent. Hold a dumbbell in each hand with an overhand grip, palms facing your body. Bend forward at the waist, keeping your back straight and your core engaged. Let your arms hang straight down, fully extended, with a slight bend in your elbows. Pull the dumbbells up towards your chest, squeezing your shoulder blades together. Pause for a moment at the top, then slowly lower the dumbbells back down to the starting position. Repeat for the desired number of repetitions.",images/2327-Nh3mvOO.jpg,videos/2327-Nh3mvOO.gif,videos/2327-Nh3mvOO.gif,true,false
0384,dumbbell reverse preacher curl,exercisedb,0384,upper arms,upper arms,forearms,dumbbell,,"Sit on a preacher bench with your upper arms resting on the pad and your chest against the support. Hold a dumbbell in each hand with an underhand grip, palms facing up. Keeping your upper arms stationary, exhale and curl the dumbbells as you contract your biceps. Continue to curl the dumbbells until your biceps are fully contracted and the dumbbells are at shoulder level. Hold the contracted position for a brief pause as you squeeze your biceps. Inhale and slowly lower the dumbbells back to the starting position. Repeat for the desired number of repetitions.",images/0384-O8Aq69u.jpg,videos/0384-O8Aq69u.gif,videos/0384-O8Aq69u.gif,true,false
1675,dumbbell reverse spider curl,exercisedb,1675,upper arms,upper arms,forearms,dumbbell,,"Stand up straight with a dumbbell in each hand, palms facing your body and arms fully extended. Keeping your upper arms stationary, exhale and curl the weights while contracting your biceps. Continue to raise the dumbbells until your biceps are fully contracted and the dumbbells are at shoulder level. Hold the contracted position for a brief pause as you squeeze your biceps. Inhale and slowly begin to lower the dumbbells back to the starting position. Repeat for the desired number of repetitions.",images/1675-6sMAmNv.jpg,videos/1675-6sMAmNv.gif,videos/1675-6sMAmNv.gif,true,false
0385,dumbbell reverse wrist curl,exercisedb,0385,lower arms,lower arms,biceps,dumbbell,,"Sit on a bench or chair with your feet flat on the ground. Hold a dumbbell in each hand with an overhand grip, palms facing down. Rest your forearms on your thighs, allowing your wrists to hang off the edge. Slowly curl your wrists upward, bringing the dumbbells towards your body. Pause for a moment at the top, then slowly lower the dumbbells back down to the starting position. Repeat for the desired number of repetitions.",images/0385-BLCvwr2.jpg,videos/0385-BLCvwr2.gif,videos/0385-BLCvwr2.gif,true,false
1459,dumbbell romanian deadlift,exercisedb,1459,upper legs,upper legs,hamstrings,dumbbell,,"Stand with your feet shoulder-width apart, holding a dumbbell in each hand with an overhand grip. Keeping your back straight and your core engaged, hinge at the hips and lower the dumbbells towards the ground, allowing your knees to bend slightly. Lower the dumbbells until you feel a stretch in your hamstrings, then push through your heels and engage your glutes to return to the starting position. Repeat for the desired number of repetitions.",images/1459-rR0LJzx.jpg,videos/1459-rR0LJzx.gif,videos/1459-rR0LJzx.gif,true,false
0386,dumbbell rotation reverse fly,exercisedb,0386,shoulders,shoulders,trapezius,dumbbell,,"Stand with your feet shoulder-width apart and hold a dumbbell in each hand, palms facing inwards. Bend your knees slightly and hinge forward at the hips, keeping your back straight and chest up. Raise your arms out to the sides, keeping a slight bend in your elbows, until they are parallel to the floor. Rotate your arms so that your palms are facing downwards. Slowly lower your arms back to the starting position. Repeat for the desired number of repetitions.",images/0386-prbWx1D.jpg,videos/0386-prbWx1D.gif,videos/0386-prbWx1D.gif,true,false
2397,dumbbell scott press,exercisedb,2397,shoulders,shoulders,triceps,dumbbell,,"Sit on a bench with a dumbbell in each hand, palms facing forward. Raise the dumbbells to shoulder height, with your elbows bent and palms facing forward. Press the dumbbells upward until your arms are fully extended. Pause for a moment at the top, then slowly lower the dumbbells back to the starting position. Repeat for the desired number of repetitions.",images/2397-5vfAI0I.jpg,videos/2397-5vfAI0I.gif,videos/2397-5vfAI0I.gif,true,false
0387,dumbbell seated alternate front raise,exercisedb,0387,shoulders,shoulders,trapezius,dumbbell,,"Sit on a bench with your back straight and feet flat on the ground. Hold a dumbbell in each hand with your palms facing your body and arms extended down by your sides. Keeping your arms straight, raise one dumbbell in front of you until it is parallel to the ground. Pause for a moment at the top, then slowly lower the dumbbell back down to the starting position. Repeat with the other arm. Alternate between arms for the desired number of repetitions.",images/0387-gH5fRsC.jpg,videos/0387-gH5fRsC.gif,videos/0387-gH5fRsC.gif,true,false
1676,dumbbell seated alternate hammer curl on exercise ball,exercisedb,1676,upper arms,upper arms,forearms,dumbbell,,"Sit on an exercise ball with your feet flat on the ground and your back straight. Hold a dumbbell in each hand with your palms facing your body and your arms fully extended. Keeping your upper arms stationary, exhale and curl one dumbbell up towards your shoulder while keeping your palm facing your body. Continue to raise the dumbbell until your biceps are fully contracted and the dumbbell is at shoulder level. Hold the contracted position for a brief pause as you squeeze your biceps. Inhale and slowly lower the dumbbell back to the starting position. Repeat the movement with the opposite arm. Continue alternating arms for the desired number of repetitions.",images/1676-QLRmNeT.jpg,videos/1676-QLRmNeT.gif,videos/1676-QLRmNeT.gif,true,false
0388,dumbbell seated alternate press,exercisedb,0388,shoulders,shoulders,triceps,dumbbell,,"Sit on a bench with a dumbbell in each hand, palms facing forward. Raise the dumbbells to shoulder height, with your elbows bent and palms facing forward. Press one dumbbell up overhead, fully extending your arm. Lower the dumbbell back down to shoulder height. Repeat with the other arm. Continue alternating arms for the desired number of repetitions.",images/0388-QT5Q0nK.jpg,videos/0388-QT5Q0nK.gif,videos/0388-QT5Q0nK.gif,true,false
3546,dumbbell seated alternate shoulder,exercisedb,3546,shoulders,shoulders,triceps,dumbbell,,"Sit on a bench with your back straight and feet flat on the ground. Hold a dumbbell in each hand, palms facing inwards, and raise them to shoulder height. Press one dumbbell up overhead while keeping the other dumbbell at shoulder height. Lower the raised dumbbell back to shoulder height while simultaneously pressing the other dumbbell up overhead. Continue alternating between arms for the desired number of repetitions.",images/3546-q7qkONO.jpg,videos/3546-q7qkONO.gif,videos/3546-q7qkONO.gif,true,false
0389,dumbbell seated bench extension,exercisedb,0389,upper arms,upper arms,shoulders,dumbbell,,"Sit on a bench with your back straight and feet flat on the ground. Hold a dumbbell with both hands and extend your arms straight up above your head. Slowly lower the dumbbell behind your head, keeping your elbows close to your ears. Pause for a moment, then raise the dumbbell back up to the starting position. Repeat for the desired number of repetitions.",images/0389-JhYSVwT.jpg,videos/0389-JhYSVwT.gif,videos/0389-JhYSVwT.gif,true,false
2317,dumbbell seated bent arm lateral raise,exercisedb,2317,shoulders,shoulders,trapezius,dumbbell,,"Sit on a bench with your back straight and feet flat on the ground. Hold a dumbbell in each hand with your palms facing your body and your arms bent at a 90-degree angle. Keeping your elbows bent, raise your arms out to the sides until they are parallel to the ground. Pause for a moment at the top, then slowly lower your arms back down to the starting position. Repeat for the desired number of repetitions.",images/2317-JzQbv7J.jpg,videos/2317-JzQbv7J.gif,videos/2317-JzQbv7J.gif,true,false
1730,dumbbell seated bent over alternate kickback,exercisedb,1730,upper arms,upper arms,shoulders,dumbbell,,"Sit on a bench with a dumbbell in each hand, palms facing inwards. Bend forward at the waist, keeping your back straight and parallel to the ground. Extend one arm straight back, keeping it close to your body, until your arm is fully extended. Pause for a moment, then slowly lower the dumbbell back to the starting position. Repeat with the other arm. Continue alternating arms for the desired number of repetitions.",images/1730-x0lwvfq.jpg,videos/1730-x0lwvfq.gif,videos/1730-x0lwvfq.gif,true,false
1737,dumbbell seated bent over triceps extension,exercisedb,1737,upper arms,upper arms,shoulders,dumbbell,,"Sit on a bench with your feet flat on the ground and hold a dumbbell in each hand. Bend forward at the waist, keeping your back straight and your head up. Extend your arms straight back, keeping your elbows close to your head. Pause for a moment, then slowly lower the dumbbells back to the starting position. Repeat for the desired number of repetitions.",images/1737-4ievMJ9.jpg,videos/1737-4ievMJ9.gif,videos/1737-4ievMJ9.gif,true,false
1677,dumbbell seated bicep curl,exercisedb,1677,upper arms,upper arms,forearms,dumbbell,,"Sit on a bench with your feet flat on the ground and hold a dumbbell in each hand, palms facing up. Keep your back straight and your elbows close to your torso. Exhale and curl the dumbbells up towards your shoulders, contracting your biceps. Pause for a moment at the top, then inhale and slowly lower the dumbbells back down to the starting position. Repeat for the desired number of repetitions.",images/1677-xiA6lRr.jpg,videos/1677-xiA6lRr.gif,videos/1677-xiA6lRr.gif,true,false
0390,dumbbell seated biceps curl (on stability ball),exercisedb,0390,upper arms,upper arms,forearms,dumbbell,,"Sit on a stability ball with your feet flat on the ground and your back straight. Hold a dumbbell in each hand with your palms facing forward and your arms fully extended. Keeping your upper arms stationary, exhale and curl the dumbbells while contracting your biceps. Continue to raise the dumbbells until your biceps are fully contracted and the dumbbells are at shoulder level. Hold the contracted position for a brief pause as you squeeze your biceps. Inhale and slowly begin to lower the dumbbells back to the starting position. Repeat for the desired number of repetitions.",images/0390-WgJnBH5.jpg,videos/0390-WgJnBH5.gif,videos/0390-WgJnBH5.gif,true,false
3547,dumbbell seated biceps curl to shoulder press,exercisedb,3547,upper arms,upper arms,shoulders,dumbbell,,"Sit on a bench with your back straight and feet flat on the ground. Hold a dumbbell in each hand with your palms facing forward and arms fully extended. Keeping your elbows close to your sides, curl the dumbbells up towards your shoulders. Once your forearms are vertical, rotate your wrists so that your palms are facing forward. Press the dumbbells overhead until your arms are fully extended. Lower the dumbbells back down to the starting position by reversing the movement. Repeat for the desired number of repetitions.",images/3547-OeL23VY.jpg,videos/3547-OeL23VY.gif,videos/3547-OeL23VY.gif,true,false
1379,dumbbell seated calf raise,exercisedb,1379,lower legs,lower legs,hamstrings,dumbbell,,"Sit on a bench or chair with your feet flat on the ground and a dumbbell resting on your thighs. Place the balls of your feet on a raised surface such as a step or block, with your heels hanging off the edge. Hold onto the dumbbell for stability. Raise your heels as high as possible, lifting your body weight onto the balls of your feet. Pause for a moment at the top, then slowly lower your heels back down to the starting position. Repeat for the desired number of repetitions.",images/1379-r29jP7S.jpg,videos/1379-r29jP7S.gif,videos/1379-r29jP7S.gif,true,false
0391,dumbbell seated curl,exercisedb,0391,upper arms,upper arms,forearms,dumbbell,,"Sit on a bench with your feet flat on the ground and a dumbbell in each hand, palms facing forward. Keep your back straight and your elbows close to your torso. Exhale and curl the dumbbells up towards your shoulders, contracting your biceps. Pause for a moment at the top, then inhale and slowly lower the dumbbells back down to the starting position. Repeat for the desired number of repetitions.",images/0391-TiaZTxx.jpg,videos/0391-TiaZTxx.gif,videos/0391-TiaZTxx.gif,true,false
0392,dumbbell seated front raise,exercisedb,0392,shoulders,shoulders,trapezius,dumbbell,,"Sit on a bench with your feet flat on the ground and a dumbbell in each hand, resting on your thighs. Keep your back straight and core engaged. Raise the dumbbells in front of you, with your palms facing down, until they are at shoulder level. Pause for a moment at the top, then slowly lower the dumbbells back down to the starting position. Repeat for the desired number of repetitions.",images/0392-Ys97II0.jpg,videos/0392-Ys97II0.gif,videos/0392-Ys97II0.gif,true,false
1678,dumbbell seated hammer curl,exercisedb,1678,upper arms,upper arms,forearms,dumbbell,,"Sit on a bench with a dumbbell in each hand, palms facing your torso and arms extended straight down. Keeping your upper arms stationary, exhale and curl the weights while contracting your biceps. Continue to raise the dumbbells until your biceps are fully contracted and the dumbbells are at shoulder level. Hold the contracted position for a brief pause as you squeeze your biceps. Inhale and slowly begin to lower the dumbbells back to the starting position. Repeat for the desired number of repetitions.",images/1678-IGtBdNT.jpg,videos/1678-IGtBdNT.gif,videos/1678-IGtBdNT.gif,true,false
0393,dumbbell seated inner biceps curl,exercisedb,0393,upper arms,upper arms,forearms,dumbbell,,"Sit on a bench with your feet flat on the ground and hold a dumbbell in each hand, palms facing up. Rest your upper arms on your thighs, allowing the dumbbells to hang down. Keeping your upper arms stationary, curl the dumbbells up towards your shoulders by contracting your biceps. Pause for a moment at the top, then slowly lower the dumbbells back down to the starting position. Repeat for the desired number of repetitions.",images/0393-KXyoEtA.jpg,videos/0393-KXyoEtA.gif,videos/0393-KXyoEtA.gif,true,false
0394,dumbbell seated kickback,exercisedb,0394,upper arms,upper arms,shoulders,dumbbell,,"Sit on a bench with your feet flat on the ground and hold a dumbbell in each hand. Bend your knees slightly and lean forward from your hips, keeping your back straight. Bring your upper arms close to your sides and keep your elbows bent at a 90-degree angle. Extend your arms straight back, squeezing your triceps at the top of the movement. Pause for a moment, then slowly lower the dumbbells back to the starting position. Repeat for the desired number of repetitions.",images/0394-en550rk.jpg,videos/0394-en550rk.gif,videos/0394-en550rk.gif,true,false
0396,dumbbell seated lateral raise,exercisedb,0396,shoulders,shoulders,traps,dumbbell,,"Sit on a bench with your feet flat on the ground and a dumbbell in each hand, resting on your thighs. Keep your back straight and core engaged. Raise the dumbbells to your sides with a slight bend in your elbows, until your arms are parallel to the ground. Pause for a moment at the top, then slowly lower the dumbbells back down to the starting position. Repeat for the desired number of repetitions.",images/0396-hxyTtWj.jpg,videos/0396-hxyTtWj.gif,videos/0396-hxyTtWj.gif,true,false
0395,dumbbell seated lateral raise v. 2,exercisedb,0395,shoulders,shoulders,traps,dumbbell,,"Sit on a bench with your feet flat on the ground and a dumbbell in each hand, resting on your thighs. Keep your back straight and core engaged. Raise the dumbbells to your sides with a slight bend in your elbows, until your arms are parallel to the ground. Pause for a moment at the top, then slowly lower the dumbbells back down to the starting position. Repeat for the desired number of repetitions.",images/0395-hrrS0Ed.jpg,videos/0395-hrrS0Ed.gif,videos/0395-hrrS0Ed.gif,true,false
0397,dumbbell seated neutral wrist curl,exercisedb,0397,upper arms,upper arms,forearms,dumbbell,,"Sit on a bench with your feet flat on the ground and hold a dumbbell in each hand, palms facing each other. Rest your forearms on your thighs, allowing the dumbbells to hang down. Keeping your wrists in a neutral position, curl the dumbbells up towards your shoulders. Pause for a moment at the top, then slowly lower the dumbbells back down to the starting position. Repeat for the desired number of repetitions.",images/0397-uJmK7Z1.jpg,videos/0397-uJmK7Z1.gif,videos/0397-uJmK7Z1.gif,true,false
1679,dumbbell seated one arm bicep curl on exercise ball with leg raised,exercisedb,1679,upper arms,upper arms,forearms,dumbbell,,"Sit on an exercise ball with your feet flat on the ground and your back straight. Hold a dumbbell in one hand with your palm facing up and your arm fully extended. Place your other hand on your hip for stability. Slowly curl the dumbbell towards your shoulder, keeping your upper arm stationary. Pause for a moment at the top of the movement, squeezing your bicep. Slowly lower the dumbbell back to the starting position. Repeat for the desired number of repetitions. Switch arms and repeat the exercise.",images/1679-84sESNy.jpg,videos/1679-84sESNy.gif,videos/1679-84sESNy.gif,true,false
0398,dumbbell seated one arm kickback,exercisedb,0398,upper arms,upper arms,shoulders,dumbbell,,"Sit on a bench with your feet flat on the ground and hold a dumbbell in one hand. Bend your torso forward at the waist, keeping your back straight and parallel to the ground. Extend your arm straight back, keeping your elbow close to your body. Pause for a moment at the top, then slowly lower the dumbbell back to the starting position. Repeat for the desired number of repetitions, then switch arms.",images/0398-VQ3sNCn.jpg,videos/0398-VQ3sNCn.gif,videos/0398-VQ3sNCn.gif,true,false
0399,dumbbell seated one arm rotate,exercisedb,0399,lower arms,lower arms,shoulders,dumbbell,,"Sit on a bench with your back straight and hold a dumbbell in one hand, resting it on your thigh. Raise the dumbbell up to shoulder height, keeping your elbow close to your body. Rotate your forearm outward, away from your body, while keeping your upper arm stationary. Pause for a moment at the top, then slowly rotate your forearm back to the starting position. Repeat for the desired number of repetitions, then switch to the other arm.",images/0399-7f2jsqP.jpg,videos/0399-7f2jsqP.gif,videos/0399-7f2jsqP.gif,true,false
0400,dumbbell seated one leg calf raise,exercisedb,0400,lower legs,lower legs,hamstrings,dumbbell,,"Sit on a bench or chair with your feet flat on the ground and a dumbbell resting on your right thigh. Extend your left leg straight out in front of you, keeping your foot flexed. Place the ball of your right foot on an elevated surface, such as a step or weight plate. Using your calf muscles, raise your right heel as high as possible. Pause for a moment at the top, then slowly lower your heel back down to the starting position. Repeat for the desired number of repetitions, then switch legs.",images/0400-Ia7tumC.jpg,videos/0400-Ia7tumC.gif,videos/0400-Ia7tumC.gif,true,false
1380,dumbbell seated one leg calf raise - hammer grip,exercisedb,1380,lower legs,lower legs,hamstrings,dumbbell,,"Sit on a bench or chair with your feet flat on the ground and a dumbbell resting on your thighs. Place one foot on a raised surface, such as a step or block, with your heel hanging off the edge. Hold the dumbbell with a hammer grip, meaning your palms are facing each other and your fingers are wrapped around the handle. Keeping your core engaged and your back straight, slowly raise your heel as high as possible by pushing through the ball of your foot. Pause for a moment at the top, then slowly lower your heel back down to the starting position. Repeat for the desired number of repetitions, then switch to the other leg.",images/1380-FxhcxUW.jpg,videos/1380-FxhcxUW.gif,videos/1380-FxhcxUW.gif,true,false
1381,dumbbell seated one leg calf raise - palm up,exercisedb,1381,lower legs,lower legs,hamstrings,dumbbell,,"Sit on a bench or chair with your back straight and your feet flat on the ground. Hold a dumbbell in one hand and place it on top of your thigh, palm facing up. Lift one leg off the ground and extend it in front of you, keeping your knee slightly bent. Raise your heel as high as possible by pushing through the ball of your foot. Pause for a moment at the top, then slowly lower your heel back down. Repeat for the desired number of repetitions, then switch legs and repeat.",images/1381-VW88JNd.jpg,videos/1381-VW88JNd.gif,videos/1381-VW88JNd.gif,true,false
0401,dumbbell seated palms up wrist curl,exercisedb,0401,lower arms,lower arms,biceps,dumbbell,,"Sit on a bench with your feet flat on the ground and hold a dumbbell in each hand, palms facing up. Rest your forearms on your thighs, allowing your wrists to hang off the edge. Slowly curl your wrists upward, squeezing your forearms at the top of the movement. Pause for a moment, then lower your wrists back down to the starting position. Repeat for the desired number of repetitions.",images/0401-2dImyQ8.jpg,videos/0401-2dImyQ8.gif,videos/0401-2dImyQ8.gif,true,false
0402,dumbbell seated preacher curl,exercisedb,0402,upper arms,upper arms,forearms,dumbbell,,"Sit on a preacher curl bench with your feet flat on the floor. Hold a dumbbell in one hand with an underhand grip, resting your upper arm against the preacher pad. Keeping your upper arm stationary, exhale and curl the dumbbell up towards your shoulder. Pause for a moment at the top, then inhale and slowly lower the dumbbell back down to the starting position. Repeat for the desired number of repetitions, then switch arms.",images/0402-7D5bgLT.jpg,videos/0402-7D5bgLT.gif,videos/0402-7D5bgLT.gif,true,false
0403,dumbbell seated revers grip concentration curl,exercisedb,0403,upper arms,upper arms,forearms,dumbbell,,"Sit on a bench with your feet flat on the ground and hold a dumbbell in one hand, palm facing up. Rest your elbow on the inside of your thigh, just above the knee. Keeping your upper arm stationary, exhale and curl the dumbbell towards your shoulder. Pause for a moment at the top, squeezing your biceps. Inhale and slowly lower the dumbbell back to the starting position. Repeat for the desired number of repetitions, then switch arms.",images/0403-lyKCLmK.jpg,videos/0403-lyKCLmK.gif,videos/0403-lyKCLmK.gif,true,false
1738,dumbbell seated reverse grip one arm overhead tricep extension,exercisedb,1738,upper arms,upper arms,shoulders,dumbbell,,"Sit on a bench with your back straight and feet flat on the ground. Hold a dumbbell with an underhand grip and extend your arm straight up overhead. Lower the dumbbell behind your head by bending your elbow, keeping your upper arm stationary. Pause for a moment, then extend your arm back up to the starting position. Repeat for the desired number of repetitions, then switch arms.",images/1738-5fKX7wi.jpg,videos/1738-5fKX7wi.gif,videos/1738-5fKX7wi.gif,true,false
0405,dumbbell seated shoulder press,exercisedb,0405,shoulders,shoulders,triceps,dumbbell,,"Sit on a bench with a dumbbell in each hand, resting on your thighs. Raise the dumbbells to shoulder height, palms facing forward. Press the dumbbells upward until your arms are fully extended overhead. Pause for a moment at the top, then slowly lower the dumbbells back to shoulder height. Repeat for the desired number of repetitions.",images/0405-znQUdHY.jpg,videos/0405-znQUdHY.gif,videos/0405-znQUdHY.gif,true,false
0404,dumbbell seated shoulder press (parallel grip),exercisedb,0404,shoulders,shoulders,triceps,dumbbell,,"Sit on a bench with a dumbbell in each hand, palms facing inward. Raise the dumbbells to shoulder height, elbows bent and palms facing forward. Press the dumbbells upward until your arms are fully extended overhead. Pause for a moment at the top, then slowly lower the dumbbells back to shoulder height. Repeat for the desired number of repetitions.",images/0404-f1jf47L.jpg,videos/0404-f1jf47L.gif,videos/0404-f1jf47L.gif,true,false
2188,dumbbell seated triceps extension,exercisedb,2188,upper arms,upper arms,shoulders,dumbbell,,"Sit on a bench with your back straight and feet flat on the ground. Hold a dumbbell with both hands and extend your arms straight up overhead. Bend your elbows and lower the dumbbell behind your head, keeping your upper arms close to your ears. Pause for a moment, then straighten your arms and return to the starting position. Repeat for the desired number of repetitions.",images/2188-kont8Ut.jpg,videos/2188-kont8Ut.gif,videos/2188-kont8Ut.gif,true,false
0406,dumbbell shrug,exercisedb,0406,back,back,shoulders,dumbbell,,"Stand with your feet shoulder-width apart and hold a dumbbell in each hand with your palms facing your body. Keep your arms straight and let the dumbbells hang by your sides. Raise your shoulders as high as possible, as if you are trying to touch your ears with your shoulders. Hold the contraction for a second, then slowly lower your shoulders back down to the starting position. Repeat for the desired number of repetitions.",images/0406-NJzBsGJ.jpg,videos/0406-NJzBsGJ.gif,videos/0406-NJzBsGJ.gif,true,false
0407,dumbbell side bend,exercisedb,0407,waist,waist,obliques,dumbbell,,"Stand up straight with your feet shoulder-width apart and hold a dumbbell in one hand, letting it hang down by your side. Keeping your back straight and your core engaged, slowly bend sideways at the waist towards the opposite side of the dumbbell, lowering the weight as far as you comfortably can. Pause for a moment, then slowly return to the starting position. Repeat for the desired number of repetitions, then switch sides and repeat.",images/0407-IpONWYv.jpg,videos/0407-IpONWYv.gif,videos/0407-IpONWYv.gif,true,false
0408,dumbbell side lying one hand raise,exercisedb,0408,shoulders,shoulders,trapezius,dumbbell,,"Lie on your side with your legs extended and your head supported by your arm. Hold a dumbbell in your top hand with your palm facing down. Keeping your arm straight, raise the dumbbell up to shoulder height. Pause for a moment at the top, then slowly lower the dumbbell back down to the starting position. Repeat for the desired number of repetitions, then switch sides.",images/0408-fTlkJop.jpg,videos/0408-fTlkJop.gif,videos/0408-fTlkJop.gif,true,false
3664,dumbbell side plank with rear fly,exercisedb,3664,back,back,shoulders,dumbbell,,"Start by lying on your side with your legs extended and stacked on top of each other. Place your forearm on the ground directly below your shoulder, keeping your elbow bent at a 90-degree angle. Hold a dumbbell in your top hand, with your arm extended straight down towards the ground. Engage your core and lift your hips off the ground, creating a straight line from your head to your heels. While maintaining the side plank position, lift the dumbbell up towards the ceiling, squeezing your shoulder blades together. Lower the dumbbell back down to the starting position. Repeat for the desired number of repetitions, then switch sides.",images/3664-X6ytgYZ.jpg,videos/3664-X6ytgYZ.gif,videos/3664-X6ytgYZ.gif,true,false
3548,dumbbell single arm overhead carry,exercisedb,3548,shoulders,shoulders,traps,dumbbell,,"Stand tall with your feet shoulder-width apart, holding a dumbbell in one hand. Raise the dumbbell overhead, fully extending your arm. Engage your core and keep your back straight as you walk forward, maintaining the dumbbell overhead. Continue walking for the desired distance or time. Switch hands and repeat the exercise.",images/3548-mWBtgmb.jpg,videos/3548-mWBtgmb.gif,videos/3548-mWBtgmb.gif,true,false
0409,dumbbell single leg calf raise,exercisedb,0409,lower legs,lower legs,ankles,dumbbell,,"Stand on the edge of a step or platform with your heels hanging off and your toes on the step. Hold a dumbbell in one hand and place your other hand on a wall or railing for support. Raise your heel as high as possible, lifting your body up onto your toes. Pause for a moment at the top, then slowly lower your heel back down below the step. Repeat for the desired number of repetitions, then switch to the other leg.",images/0409-1kB3Wmk.jpg,videos/0409-1kB3Wmk.gif,videos/0409-1kB3Wmk.gif,true,false
1757,dumbbell single leg deadlift,exercisedb,1757,upper legs,upper legs,hamstrings,dumbbell,,"Stand with your feet hip-width apart, holding a dumbbell in your right hand. Shift your weight onto your left leg and lift your right foot slightly off the ground. Keeping your back straight, hinge forward at the hips and lower the dumbbell towards the ground. At the same time, extend your right leg straight behind you, maintaining a slight bend in your left knee. Lower the dumbbell until your torso and right leg are parallel to the ground. Pause for a moment, then engage your glutes and hamstrings to return to the starting position. Repeat for the desired number of repetitions, then switch sides.",images/1757-gKozT8X.jpg,videos/1757-gKozT8X.gif,videos/1757-gKozT8X.gif,true,false
2805,dumbbell single leg deadlift with stepbox support,exercisedb,2805,upper legs,upper legs,hamstrings,dumbbell,,"Stand with your feet hip-width apart, holding a dumbbell in your right hand. Place your left foot on a stepbox or elevated surface behind you. Keeping your back straight and core engaged, hinge forward at the hips, lowering the dumbbell towards the ground. As you lower the dumbbell, simultaneously lift your left leg behind you, maintaining a straight line from head to heel. Lower the dumbbell until you feel a stretch in your right hamstring, then return to the starting position. Repeat for the desired number of repetitions, then switch sides.",images/2805-daBmy1Y.jpg,videos/2805-daBmy1Y.gif,videos/2805-daBmy1Y.gif,true,false
0410,dumbbell single leg split squat,exercisedb,0410,upper legs,upper legs,glutes,dumbbell,,"Stand with your feet shoulder-width apart, holding a dumbbell in each hand. Take a step forward with one foot and position your feet so that your front foot is flat on the ground and your back foot is elevated on a bench or step. Lower your body by bending your front knee and hip, keeping your back knee slightly bent and your back heel off the ground. Continue lowering until your front thigh is parallel to the ground, then push through your front heel to return to the starting position. Repeat for the desired number of repetitions, then switch legs and repeat.",images/0410-qx4fgX7.jpg,videos/0410-qx4fgX7.gif,videos/0410-qx4fgX7.gif,true,false
0411,dumbbell single leg squat,exercisedb,0411,upper legs,upper legs,quadriceps,dumbbell,,"Stand with your feet shoulder-width apart, holding a dumbbell in each hand. Extend one leg forward and keep it off the ground throughout the exercise. Bend your standing leg and lower your body down as if sitting back into a chair. Keep your chest up and your back straight. Pause for a moment at the bottom, then push through your heel to return to the starting position. Repeat for the desired number of repetitions, then switch legs.",images/0411-H6ybluc.jpg,videos/0411-H6ybluc.gif,videos/0411-H6ybluc.gif,true,false
0413,dumbbell squat,exercisedb,0413,upper legs,upper legs,quadriceps,dumbbell,,"Stand with your feet shoulder-width apart, holding a dumbbell in each hand at your sides. Keeping your chest up and core engaged, lower your body down by bending at the knees and hips, as if sitting back into a chair. Continue lowering until your thighs are parallel to the ground, or as low as you can comfortably go. Pause for a moment at the bottom, then push through your heels to return to the starting position. Repeat for the desired number of repetitions.",images/0413-HsvHqgf.jpg,videos/0413-HsvHqgf.gif,videos/0413-HsvHqgf.gif,true,false
3560,dumbbell standing alternate hammer curl and press,exercisedb,3560,upper arms,upper arms,forearms,dumbbell,,"Stand up straight with a dumbbell in each hand, palms facing your body. Keep your elbows close to your torso and your back straight. Exhale and curl the dumbbell in your right hand towards your shoulder, keeping your upper arm stationary. Continue to raise the dumbbell until your biceps are fully contracted and the dumbbell is at shoulder level. Inhale and slowly lower the dumbbell back to the starting position. Repeat the curl with your left hand. After completing the curl with your left hand, exhale and press the dumbbell in your right hand overhead. Extend your arm fully and hold for a moment at the top. Inhale and slowly lower the dumbbell back to the starting position. Repeat the press with your left hand. Continue alternating between curls and presses for the desired number of repetitions.",images/3560-LeaZOIz.jpg,videos/3560-LeaZOIz.gif,videos/3560-LeaZOIz.gif,true,false
0414,dumbbell standing alternate overhead press,exercisedb,0414,shoulders,shoulders,triceps,dumbbell,,"Stand with your feet shoulder-width apart, holding a dumbbell in each hand at shoulder level with your palms facing forward. Press one dumbbell overhead, fully extending your arm. Lower the dumbbell back to shoulder level. Repeat with the other arm. Continue alternating arms for the desired number of repetitions.",images/0414-bBi35y3.jpg,videos/0414-bBi35y3.gif,videos/0414-bBi35y3.gif,true,false
0415,dumbbell standing alternate raise,exercisedb,0415,shoulders,shoulders,traps,dumbbell,,"Stand with your feet shoulder-width apart, holding a dumbbell in each hand with your palms facing your body. Keep your back straight and your core engaged. Raise one dumbbell to the side, keeping your arm straight and your palm facing down. Continue lifting until your arm is parallel to the ground. Pause for a moment at the top, then slowly lower the dumbbell back to the starting position. Repeat with the other arm. Alternate between arms for the desired number of repetitions.",images/0415-SxHteRW.jpg,videos/0415-SxHteRW.gif,videos/0415-SxHteRW.gif,true,false
1739,dumbbell standing alternating tricep kickback,exercisedb,1739,upper arms,upper arms,shoulders,dumbbell,,"Stand with your feet shoulder-width apart, holding a dumbbell in each hand. Bend your knees slightly and hinge forward at the hips, keeping your back straight. Extend your arms straight back, keeping your elbows close to your body. Pause for a moment at the top, then slowly lower the dumbbells back to the starting position. Repeat with the other arm, alternating sides with each repetition.",images/1739-Gi2BXfK.jpg,videos/1739-Gi2BXfK.gif,videos/1739-Gi2BXfK.gif,true,false
2143,dumbbell standing around world,exercisedb,2143,shoulders,shoulders,triceps,dumbbell,,"Stand with your feet shoulder-width apart and hold a dumbbell in each hand. Extend your arms straight out to the sides at shoulder height, palms facing down. Keeping your arms straight, slowly rotate your arms in a circular motion, bringing the dumbbells in front of your body and then overhead. Continue the circular motion, bringing the dumbbells back down to the starting position. Repeat for the desired number of repetitions.",images/2143-RSOsp5d.jpg,videos/2143-RSOsp5d.gif,videos/2143-RSOsp5d.gif,true,false
1740,dumbbell standing bent over one arm triceps extension,exercisedb,1740,upper arms,upper arms,shoulders,dumbbell,,"Stand with your feet shoulder-width apart and hold a dumbbell in one hand. Bend forward at the waist, keeping your back straight and parallel to the ground. Extend your arm straight back, keeping your elbow close to your body. Slowly lower the dumbbell back to the starting position. Repeat for the desired number of repetitions, then switch arms.",images/1740-CJwa0vD.jpg,videos/1740-CJwa0vD.gif,videos/1740-CJwa0vD.gif,true,false
1741,dumbbell standing bent over two arm triceps extension,exercisedb,1741,upper arms,upper arms,shoulders,dumbbell,,"Stand with your feet shoulder-width apart and hold a dumbbell in each hand. Bend forward at the waist, keeping your back straight and your knees slightly bent. Extend your arms straight back, keeping your elbows close to your body. Slowly lower the dumbbells back down to the starting position. Repeat for the desired number of repetitions.",images/1741-3T12T87.jpg,videos/1741-3T12T87.gif,videos/1741-3T12T87.gif,true,false
0416,dumbbell standing biceps curl,exercisedb,0416,upper arms,upper arms,forearms,dumbbell,,"Stand up straight with a dumbbell in each hand, palms facing forward and arms fully extended. Keeping your upper arms stationary, exhale and curl the weights while contracting your biceps. Continue to raise the dumbbells until your biceps are fully contracted and the dumbbells are at shoulder level. Hold the contracted position for a brief pause as you squeeze your biceps. Inhale and slowly begin to lower the dumbbells back to the starting position. Repeat for the desired number of repetitions.",images/0416-3s4NnTh.jpg,videos/0416-3s4NnTh.gif,videos/0416-3s4NnTh.gif,true,false
0417,dumbbell standing calf raise,exercisedb,0417,lower legs,lower legs,ankles,dumbbell,,"Stand with your feet shoulder-width apart, holding a dumbbell in each hand. Raise your heels off the ground as high as possible, using your calves. Pause for a moment at the top, then slowly lower your heels back down to the starting position. Repeat for the desired number of repetitions.",images/0417-dPmaUaU.jpg,videos/0417-dPmaUaU.gif,videos/0417-dPmaUaU.gif,true,false
0418,dumbbell standing concentration curl,exercisedb,0418,upper arms,upper arms,forearms,dumbbell,,"Stand with your feet shoulder-width apart and hold a dumbbell in one hand, with your arm fully extended and palm facing inwards. Place your opposite hand on your thigh for support. Keeping your upper arm stationary, exhale and curl the dumbbell towards your shoulder by contracting your biceps. Continue to raise the dumbbell until your biceps are fully contracted and the dumbbell is at shoulder level. Hold the contracted position for a brief pause as you squeeze your biceps. Inhale and slowly lower the dumbbell back to the starting position. Repeat for the desired number of repetitions, then switch arms.",images/0418-7inpWch.jpg,videos/0418-7inpWch.gif,videos/0418-7inpWch.gif,true,false
0419,dumbbell standing front raise above head,exercisedb,0419,shoulders,shoulders,trapezius,dumbbell,,"Stand with your feet shoulder-width apart, holding a dumbbell in each hand with an overhand grip. Keep your arms straight and lift the dumbbells in front of you, raising them above your head. Pause for a moment at the top, then slowly lower the dumbbells back to the starting position. Repeat for the desired number of repetitions.",images/0419-laVRfDf.jpg,videos/0419-laVRfDf.gif,videos/0419-laVRfDf.gif,true,false
2321,dumbbell standing inner biceps curl v. 2,exercisedb,2321,upper arms,upper arms,forearms,dumbbell,,"Stand up straight with a dumbbell in each hand, palms facing your torso. Keep your elbows close to your torso and rotate the palms of your hands until they are facing forward. While holding your upper arms stationary, curl the weights while contracting your biceps. Continue to raise the weights until your biceps are fully contracted and the dumbbells are at shoulder level. Hold the contracted position for a brief pause as you squeeze your biceps. Slowly begin to bring the dumbbells back to the starting position as your breathe in. Repeat for the recommended amount of repetitions.",images/2321-vKilzz3.jpg,videos/2321-vKilzz3.gif,videos/2321-vKilzz3.gif,true,false
0420,dumbbell standing kickback,exercisedb,0420,upper arms,upper arms,shoulders,dumbbell,,"Stand with your feet shoulder-width apart and hold a dumbbell in each hand. Bend your knees slightly and hinge forward at the hips, keeping your back straight. Extend your arms straight back, squeezing your triceps at the top of the movement. Pause for a moment, then slowly lower the dumbbells back to the starting position. Repeat for the desired number of repetitions.",images/0420-UmpPAAe.jpg,videos/0420-UmpPAAe.gif,videos/0420-UmpPAAe.gif,true,false
0421,dumbbell standing one arm concentration curl,exercisedb,0421,upper arms,upper arms,forearms,dumbbell,,"Stand up straight with your feet shoulder-width apart and hold a dumbbell in one hand, palm facing up. Place your free hand on your thigh for support. Keeping your upper arm stationary, exhale and curl the dumbbell towards your shoulder by contracting your biceps. Continue to raise the dumbbell until your biceps are fully contracted and the dumbbell is at shoulder level. Hold the contracted position for a brief pause as you squeeze your biceps. Inhale and slowly lower the dumbbell back to the starting position. Repeat for the desired number of repetitions, then switch arms.",images/0421-8fgqP5a.jpg,videos/0421-8fgqP5a.gif,videos/0421-8fgqP5a.gif,true,false
0422,dumbbell standing one arm curl (over incline bench),exercisedb,0422,upper arms,upper arms,forearms,dumbbell,,"Stand with your feet shoulder-width apart, holding a dumbbell in one hand with your palm facing forward. Place your other hand on an incline bench for support. Keeping your upper arm stationary, exhale and curl the dumbbell towards your shoulder by contracting your biceps. Pause for a moment at the top, then inhale and slowly lower the dumbbell back to the starting position. Repeat for the desired number of repetitions, then switch arms.",images/0422-BIb1tGo.jpg,videos/0422-BIb1tGo.gif,videos/0422-BIb1tGo.gif,true,false
1680,dumbbell standing one arm curl over incline bench,exercisedb,1680,upper arms,upper arms,forearms,dumbbell,,"Stand with your feet shoulder-width apart, holding a dumbbell in one hand. Place your other hand on an incline bench for support. Keeping your upper arm stationary, curl the dumbbell towards your shoulder by contracting your biceps. Pause for a moment at the top, then slowly lower the dumbbell back to the starting position. Repeat for the desired number of repetitions, then switch arms.",images/1680-EmlJR2y.jpg,videos/1680-EmlJR2y.gif,videos/1680-EmlJR2y.gif,true,false
0423,dumbbell standing one arm extension,exercisedb,0423,upper arms,upper arms,shoulders,dumbbell,,"Stand with your feet shoulder-width apart, holding a dumbbell in one hand. Raise the dumbbell overhead, fully extending your arm. Keep your upper arm close to your head and perpendicular to the ground. Slowly lower the dumbbell behind your head, bending your elbow. Pause for a moment, then raise the dumbbell back to the starting position. Repeat for the desired number of repetitions.",images/0423-BCUR88E.jpg,videos/0423-BCUR88E.gif,videos/0423-BCUR88E.gif,true,false
0424,dumbbell standing one arm palm in press,exercisedb,0424,shoulders,shoulders,triceps,dumbbell,,"Stand with your feet shoulder-width apart, holding a dumbbell in one hand at shoulder height with your palm facing inwards. Engage your core and keep your back straight. Press the dumbbell upwards until your arm is fully extended. Pause for a moment at the top, then slowly lower the dumbbell back to the starting position. Repeat for the desired number of repetitions, then switch to the other arm.",images/0424-ocYc6Db.jpg,videos/0424-ocYc6Db.gif,videos/0424-ocYc6Db.gif,true,false
0425,dumbbell standing one arm reverse curl,exercisedb,0425,upper arms,upper arms,forearms,dumbbell,,"Stand up straight with your feet shoulder-width apart and hold a dumbbell in one hand with an overhand grip. Keep your arm fully extended and close to your body, with your palm facing down. Slowly curl the dumbbell up towards your shoulder, keeping your upper arm stationary. Pause for a moment at the top, then slowly lower the dumbbell back down to the starting position. Repeat for the desired number of repetitions, then switch to the other arm.",images/0425-DU5Kkj2.jpg,videos/0425-DU5Kkj2.gif,videos/0425-DU5Kkj2.gif,true,false
0426,dumbbell standing overhead press,exercisedb,0426,shoulders,shoulders,triceps,dumbbell,,"Stand with your feet shoulder-width apart, holding a dumbbell in each hand at shoulder level with your palms facing forward. Press the dumbbells upward until your arms are fully extended overhead. Pause for a moment at the top, then slowly lower the dumbbells back down to shoulder level. Repeat for the desired number of repetitions.",images/0426-A6wtbuL.jpg,videos/0426-A6wtbuL.gif,videos/0426-A6wtbuL.gif,true,false
0427,dumbbell standing palms in press,exercisedb,0427,shoulders,shoulders,triceps,dumbbell,,"Stand with your feet shoulder-width apart, holding a dumbbell in each hand at shoulder level with your palms facing inwards. Keeping your core engaged and your back straight, press the dumbbells upwards until your arms are fully extended overhead. Pause for a moment at the top, then slowly lower the dumbbells back to the starting position. Repeat for the desired number of repetitions.",images/0427-UilDHSs.jpg,videos/0427-UilDHSs.gif,videos/0427-UilDHSs.gif,true,false
0428,dumbbell standing preacher curl,exercisedb,0428,upper arms,upper arms,forearms,dumbbell,,"Stand upright with your feet shoulder-width apart and hold a dumbbell in each hand, palms facing forward. Rest the back of your upper arms against the preacher bench or an incline bench, with your elbows slightly bent. Keeping your upper arms stationary, exhale and curl the weights while contracting your biceps. Continue to raise the dumbbells until your biceps are fully contracted and the dumbbells are at shoulder level. Hold the contracted position for a brief pause as you squeeze your biceps. Inhale and slowly begin to lower the dumbbells back to the starting position. Repeat for the desired number of repetitions.",images/0428-hq2hyDH.jpg,videos/0428-hq2hyDH.gif,videos/0428-hq2hyDH.gif,true,false
0429,dumbbell standing reverse curl,exercisedb,0429,upper arms,upper arms,forearms,dumbbell,,"Stand up straight with your feet shoulder-width apart and hold a dumbbell in each hand, palms facing your body. Keeping your upper arms stationary, exhale and curl the weights while contracting your biceps. Continue to raise the weights until your biceps are fully contracted and the dumbbells are at shoulder level. Hold the contracted position for a brief pause as you squeeze your biceps. Inhale and slowly begin to lower the dumbbells back to the starting position. Repeat for the desired number of repetitions.",images/0429-0IgNjSM.jpg,videos/0429-0IgNjSM.gif,videos/0429-0IgNjSM.gif,true,false
0430,dumbbell standing triceps extension,exercisedb,0430,upper arms,upper arms,shoulders,dumbbell,,"Stand with your feet shoulder-width apart and hold a dumbbell in one hand. Raise the dumbbell overhead, keeping your arm straight. Bend your elbow and lower the dumbbell behind your head, keeping your upper arm stationary. Extend your arm back up to the starting position. Repeat for the desired number of repetitions.",images/0430-PdmaD0N.jpg,videos/0430-PdmaD0N.gif,videos/0430-PdmaD0N.gif,true,false
2293,dumbbell standing zottman preacher curl,exercisedb,2293,upper arms,upper arms,forearms,dumbbell,,"Stand up straight with a dumbbell in each hand, palms facing forward. Place your upper arms against the preacher bench and keep your elbows slightly bent. Curl the dumbbells up towards your shoulders while keeping your upper arms stationary. At the top of the movement, rotate your wrists so that your palms are facing downward. Slowly lower the dumbbells back to the starting position, rotating your wrists back to the starting position as well. Repeat for the desired number of repetitions.",images/2293-P2nRiUa.jpg,videos/2293-P2nRiUa.gif,videos/2293-P2nRiUa.gif,true,false
1684,dumbbell step up single leg balance with bicep curl,exercisedb,1684,upper arms,upper arms,quadriceps,dumbbell,,"Stand in front of a step or platform with a dumbbell in each hand, palms facing your body. Place your right foot on the step, ensuring your entire foot is in contact with the surface. Engage your core and push through your right heel to lift your body up onto the step, bringing your left knee up towards your chest. At the top of the movement, perform a bicep curl by bending your elbows and bringing the dumbbells towards your shoulders. Lower the dumbbells back down and simultaneously lower your left foot back to the ground. Repeat the movement on the opposite side, stepping up with your left foot and curling the dumbbells. Continue alternating sides for the desired number of repetitions.",images/1684-76vfTdU.jpg,videos/1684-76vfTdU.gif,videos/1684-76vfTdU.gif,true,false
0431,dumbbell step-up,exercisedb,0431,upper legs,upper legs,quadriceps,dumbbell,,"Stand in front of a bench or step with a dumbbell in each hand, palms facing your body. Place your right foot on the bench or step, ensuring your entire foot is in contact with the surface. Push through your right heel and lift your body up onto the bench or step, straightening your right leg. Bring your left foot up onto the bench or step, standing fully upright. Step back down with your left foot, followed by your right foot, returning to the starting position. Repeat for the desired number of repetitions, then switch legs.",images/0431-aXtJhlg.jpg,videos/0431-aXtJhlg.gif,videos/0431-aXtJhlg.gif,true,false
2796,dumbbell step-up lunge,exercisedb,2796,upper legs,upper legs,glutes,dumbbell,,"Stand in front of a step or platform with a dumbbell in each hand, palms facing your sides. Place your right foot on the step, ensuring your entire foot is on the surface. Push through your right heel and lift your body up onto the step, bringing your left foot up as well. Once both feet are on the step, lower your left foot back down to the starting position, keeping your right foot on the step. Repeat the movement, alternating which foot you step up with each time. Continue for the desired number of repetitions.",images/2796-gFyFj9z.jpg,videos/2796-gFyFj9z.gif,videos/2796-gFyFj9z.gif,true,false
2812,dumbbell step-up split squat,exercisedb,2812,upper legs,upper legs,glutes,dumbbell,,"Stand in front of a bench or step with a dumbbell in each hand, palms facing your body. Place your right foot on the bench or step, ensuring your entire foot is in contact with the surface. Step up onto the bench or step with your right foot, pushing through your heel to lift your body up. As you step up, simultaneously lift your left knee towards your chest. Pause at the top of the movement, then slowly lower your left foot back to the ground while keeping your right foot on the bench or step. Repeat the movement with your left foot on the bench or step. Continue alternating between your right and left foot for the desired number of repetitions.",images/2812-QjE2DcA.jpg,videos/2812-QjE2DcA.gif,videos/2812-QjE2DcA.gif,true,false
0432,dumbbell stiff leg deadlift,exercisedb,0432,upper legs,upper legs,hamstrings,dumbbell,,"Stand with your feet shoulder-width apart, holding a dumbbell in each hand with an overhand grip. Keeping your back straight and your core engaged, hinge at the hips and lower the dumbbells towards the ground, allowing a slight bend in your knees. Lower the dumbbells until you feel a stretch in your hamstrings, then squeeze your glutes and push through your heels to return to the starting position. Repeat for the desired number of repetitions.",images/0432-5eLRITT.jpg,videos/0432-5eLRITT.gif,videos/0432-5eLRITT.gif,true,false
0433,dumbbell straight arm pullover,exercisedb,0433,chest,chest,latissimus dorsi,dumbbell,,"Lie flat on a bench with your head at one end and your feet planted firmly on the ground. Hold a dumbbell with both hands and extend your arms straight above your chest. Keeping your arms straight, slowly lower the dumbbell behind your head in an arc-like motion. Pause for a moment, then raise the dumbbell back to the starting position. Repeat for the desired number of repetitions.",images/0433-i8BdLTK.jpg,videos/0433-i8BdLTK.gif,videos/0433-i8BdLTK.gif,true,false
0434,dumbbell straight leg deadlift,exercisedb,0434,upper legs,upper legs,hamstrings,dumbbell,,"Stand with your feet shoulder-width apart, holding a dumbbell in each hand with an overhand grip. Keeping your back straight and your core engaged, hinge at the hips and lower the dumbbells towards the ground, allowing your torso to lean forward. Continue lowering the dumbbells until you feel a stretch in your hamstrings, keeping your knees slightly bent. Pause for a moment at the bottom, then engage your glutes and hamstrings to lift your torso back up to the starting position. Repeat for the desired number of repetitions.",images/0434-oom75KC.jpg,videos/0434-oom75KC.gif,videos/0434-oom75KC.gif,true,false
2808,dumbbell sumo pull through,exercisedb,2808,upper legs,upper legs,hamstrings,dumbbell,,"Stand with your feet wider than shoulder-width apart, toes pointed outwards. Hold a dumbbell with both hands in front of your body, arms extended. Bend your knees and lower your hips down into a squat position, keeping your back straight. Lower the dumbbell down between your legs, keeping your arms straight. Drive through your heels and extend your hips forward, pulling the dumbbell up and in front of your body. Squeeze your glutes at the top of the movement, then lower the dumbbell back down between your legs. Repeat for the desired number of repetitions.",images/2808-BmrwWzo.jpg,videos/2808-BmrwWzo.gif,videos/2808-BmrwWzo.gif,true,false
2803,dumbbell supported squat,exercisedb,2803,upper legs,upper legs,glutes,dumbbell,,"Stand with your feet shoulder-width apart, holding a dumbbell in each hand at your sides. Keeping your chest up and core engaged, slowly lower your body down by bending your knees and pushing your hips back. Continue lowering until your thighs are parallel to the ground, or as low as you can comfortably go. Pause for a moment at the bottom, then push through your heels to return to the starting position. Repeat for the desired number of repetitions.",images/2803-r5DgrW9.jpg,videos/2803-r5DgrW9.gif,videos/2803-r5DgrW9.gif,true,false
0436,dumbbell tate press,exercisedb,0436,upper arms,upper arms,shoulders,dumbbell,,"Sit on a flat bench with a dumbbell in each hand, palms facing each other. Raise the dumbbells to shoulder height, then rotate your wrists so that your palms are facing away from you. Press the dumbbells up until your arms are fully extended, then lower them back down to shoulder height. Rotate your wrists back to the starting position and repeat for the desired number of repetitions.",images/0436-s5PdDyY.jpg,videos/0436-s5PdDyY.gif,videos/0436-s5PdDyY.gif,true,false
1742,dumbbell tricep kickback with stork stance,exercisedb,1742,upper arms,upper arms,shoulders,dumbbell,,"Stand with your feet shoulder-width apart and hold a dumbbell in your right hand. Bend your knees slightly and hinge forward at the hips, keeping your back straight. Bring your right elbow up to your side, keeping it bent at a 90-degree angle. Extend your right arm straight back, squeezing your triceps. Pause for a moment, then slowly lower the dumbbell back to the starting position. Repeat for the desired number of repetitions, then switch sides.",images/1742-wOLmCXc.jpg,videos/1742-wOLmCXc.gif,videos/1742-wOLmCXc.gif,true,false
1743,dumbbell twisting bench press,exercisedb,1743,upper arms,upper arms,chest,dumbbell,,"Lie flat on a bench with your feet flat on the ground and your back pressed against the bench. Hold a dumbbell in each hand with an overhand grip, palms facing away from you. Extend your arms straight up over your chest, keeping a slight bend in your elbows. Lower the dumbbells down towards your chest, keeping your elbows close to your body. As you lower the dumbbells, twist your wrists so that your palms face towards you at the bottom of the movement. Pause for a moment at the bottom, then reverse the movement by pressing the dumbbells back up to the starting position. As you press the dumbbells up, twist your wrists back to the starting position with palms facing away from you. Repeat for the desired number of repetitions.",images/1743-z6TAHoT.jpg,videos/1743-z6TAHoT.gif,videos/1743-z6TAHoT.gif,true,false
0437,dumbbell upright row,exercisedb,0437,shoulders,shoulders,traps,dumbbell,,"Stand with your feet shoulder-width apart, holding a dumbbell in each hand with an overhand grip. Let the dumbbells hang in front of your thighs, with your arms fully extended. Keeping your back straight and your core engaged, exhale and lift the dumbbells straight up towards your chin, leading with your elbows. Pause for a moment at the top, then inhale and slowly lower the dumbbells back down to the starting position. Repeat for the desired number of repetitions.",images/0437-ainizkb.jpg,videos/0437-ainizkb.gif,videos/0437-ainizkb.gif,true,false
1765,dumbbell upright row (back pov),exercisedb,1765,shoulders,shoulders,traps,dumbbell,,"Stand with your feet shoulder-width apart, holding a dumbbell in each hand with an overhand grip. Let the dumbbells hang in front of your thighs, with your arms fully extended and your palms facing your body. Keeping your back straight and your core engaged, exhale and lift the dumbbells straight up towards your chin, leading with your elbows. Continue lifting until the dumbbells are at shoulder height, with your elbows pointing out to the sides. Pause for a moment at the top, then inhale and slowly lower the dumbbells back down to the starting position. Repeat for the desired number of repetitions.",images/1765-Iptlv6x.jpg,videos/1765-Iptlv6x.gif,videos/1765-Iptlv6x.gif,true,false
0864,dumbbell upright shoulder external rotation,exercisedb,0864,shoulders,shoulders,rotator cuff,dumbbell,,"Stand with your feet shoulder-width apart and hold a dumbbell in each hand with your palms facing your body. Raise your arms out to the sides until they are parallel to the ground, keeping your elbows slightly bent. Rotate your arms externally, bringing the dumbbells up towards your head while keeping your elbows in the same position. Pause for a moment at the top, then slowly lower the dumbbells back to the starting position. Repeat for the desired number of repetitions.",images/0864-x306lCW.jpg,videos/0864-x306lCW.gif,videos/0864-x306lCW.gif,true,false
5201,dumbbell waiter biceps curl,exercisedb,5201,upper arms,upper arms,forearms,dumbbell,,"Stand up straight with a dumbbell in each hand, palms facing forward. Keep your upper arms close to your body and your elbows tucked in. Slowly curl the dumbbells up towards your shoulders, keeping your wrists straight. Pause for a moment at the top, then slowly lower the dumbbells back down to the starting position. Repeat for the desired number of repetitions.",images/5201-KOpzGBL.jpg,videos/5201-KOpzGBL.gif,videos/5201-KOpzGBL.gif,true,false
0438,dumbbell w-press,exercisedb,0438,shoulders,shoulders,triceps,dumbbell,,"Sit on a bench with a dumbbell in each hand, palms facing forward. Raise the dumbbells to shoulder height, elbows bent and palms facing forward. Press the dumbbells upward until your arms are fully extended overhead. Lower the dumbbells back to shoulder height. Repeat for the desired number of repetitions.",images/0438-vmwLyCg.jpg,videos/0438-vmwLyCg.gif,videos/0438-vmwLyCg.gif,true,false
0439,dumbbell zottman curl,exercisedb,0439,upper arms,upper arms,forearms,dumbbell,,"Stand up straight with a dumbbell in each hand, palms facing your body. Keep your elbows close to your torso and rotate your palms to face forward. Curl the dumbbells up to your shoulders while keeping your upper arms stationary. At the top of the movement, rotate your wrists so that your palms are facing away from your body. Slowly lower the dumbbells back to the starting position, rotating your palms back to facing your body. Repeat for the desired number of repetitions.",images/0439-kXaIn5A.jpg,videos/0439-kXaIn5A.gif,videos/0439-kXaIn5A.gif,true,false
2294,dumbbell zottman preacher curl,exercisedb,2294,upper arms,upper arms,forearms,dumbbell,,"Sit on a preacher bench with a dumbbell in each hand, palms facing up and elbows resting on the pad. Curl the dumbbells up towards your shoulders, keeping your upper arms stationary and your palms facing up. At the top of the curl, rotate your wrists so that your palms are facing down. Slowly lower the dumbbells back down to the starting position, rotating your wrists back to the starting position as you do so. Repeat for the desired number of repetitions.",images/2294-y5U5B9Y.jpg,videos/2294-y5U5B9Y.gif,videos/2294-y5U5B9Y.gif,true,false
2189,dumbbells seated triceps extension,exercisedb,2189,upper arms,upper arms,shoulders,dumbbell,,"Sit on a bench with your back straight and feet flat on the ground. Hold a dumbbell in both hands with an overhand grip, and raise it above your head. Bend your elbows and lower the dumbbell behind your head, keeping your upper arms close to your ears. Extend your arms and raise the dumbbell back to the starting position. Repeat for the desired number of repetitions.",images/2189-FQXdXzY.jpg,videos/2189-FQXdXzY.gif,videos/2189-FQXdXzY.gif,true,false
1167,dynamic chest stretch (male),exercisedb,1167,chest,chest,shoulders,body weight,,"Stand tall with your feet shoulder-width apart. Extend your arms straight out to the sides, parallel to the ground. Slowly bring your arms forward, crossing them in front of your body. Feel the stretch in your chest muscles. Hold the stretch for 10-30 seconds. Return to the starting position and repeat for the desired number of repetitions.",images/1167-3uj0Ozg.jpg,videos/1167-3uj0Ozg.gif,videos/1167-3uj0Ozg.gif,true,false
3287,elbow dips,exercisedb,3287,upper arms,upper arms,chest,body weight,,"Sit on the edge of a bench or chair with your hands gripping the edge next to your hips. Slide your hips forward off the bench and straighten your legs, keeping your heels on the ground. Bend your elbows and lower your body towards the ground, keeping your back close to the bench. Pause for a moment at the bottom, then push through your hands to straighten your arms and lift your body back up to the starting position. Repeat for the desired number of repetitions.",images/3287-LkoAWAE.jpg,videos/3287-LkoAWAE.gif,videos/3287-LkoAWAE.gif,true,false
1772,elbow lift - reverse push-up,exercisedb,1772,back,back,triceps,body weight,,"Start by lying face down on the ground with your legs extended and your hands placed directly under your shoulders. Engage your core and press through your palms to lift your upper body off the ground, keeping your elbows close to your sides. Pause at the top for a moment, squeezing your upper back muscles. Slowly lower your body back down to the starting position. Repeat for the desired number of repetitions.",images/1772-wbUYILZ.jpg,videos/1772-wbUYILZ.gif,videos/1772-wbUYILZ.gif,true,false
0443,elbow-to-knee,exercisedb,0443,waist,waist,obliques,body weight,,"Start by lying flat on your back with your knees bent and feet flat on the ground. Place your hands behind your head with your elbows pointing outwards. Engage your abs and lift your upper body off the ground, bringing your right elbow towards your left knee. At the same time, bring your left knee towards your right elbow, creating a twisting motion. Pause for a moment at the top, then slowly lower your upper body and extend your legs back to the starting position. Repeat the movement, this time bringing your left elbow towards your right knee and your right knee towards your left elbow. Continue alternating sides for the desired number of repetitions.",images/0443-jvp6DiD.jpg,videos/0443-jvp6DiD.gif,videos/0443-jvp6DiD.gif,true,false
3292,elevator,exercisedb,3292,back,back,shoulders,body weight,,"Stand with your feet shoulder-width apart and your knees slightly bent. Place your hands on your hips or cross them in front of your chest. Keeping your back straight, slowly bend forward at the waist, lowering your upper body towards the ground. Pause for a moment at the bottom, then slowly raise your upper body back up to the starting position. Repeat for the desired number of repetitions.",images/3292-zYmNaoY.jpg,videos/3292-zYmNaoY.gif,videos/3292-zYmNaoY.gif,true,false
1332,exercise ball alternating arm ups,exercisedb,1332,back,back,shoulders,stability ball,,"Sit on the stability ball with your feet flat on the ground and your back straight. Hold a dumbbell in each hand with your palms facing inwards and your arms extended down by your sides. Engage your core and slowly lift one arm up towards your shoulder, keeping your elbow slightly bent. Pause for a moment at the top, then slowly lower your arm back down to the starting position. Repeat the movement with the other arm. Continue alternating arms for the desired number of repetitions.",images/1332-EyLrNC2.jpg,videos/1332-EyLrNC2.gif,videos/1332-EyLrNC2.gif,true,false
1333,exercise ball back extension with arms extended,exercisedb,1333,back,back,glutes,stability ball,,"Place the stability ball on the ground and lie face down on top of it, with your hips resting on the ball and your feet against a wall for stability. Extend your arms straight out in front of you, with your palms facing down. Engage your core and slowly lift your upper body off the ball, keeping your back straight and your neck in line with your spine. Pause for a moment at the top, then slowly lower your upper body back down to the starting position. Repeat for the desired number of repetitions.",images/1333-PERjVm8.jpg,videos/1333-PERjVm8.gif,videos/1333-PERjVm8.gif,true,false
1334,exercise ball back extension with hands behind head,exercisedb,1334,back,back,glutes,stability ball,,"Place the stability ball on the ground and lie face down on top of it with your hips resting on the ball. Position your feet against a wall or other stable surface for support. Cross your arms behind your head, with your hands touching the back of your head. Engage your core and slowly lift your upper body off the ball, extending your back until your body forms a straight line from your head to your hips. Pause for a moment at the top of the movement, then slowly lower your upper body back down to the starting position. Repeat for the desired number of repetitions.",images/1334-o1HGDSq.jpg,videos/1334-o1HGDSq.gif,videos/1334-o1HGDSq.gif,true,false
1335,exercise ball back extension with knees off ground,exercisedb,1335,back,back,glutes,stability ball,,"Place the stability ball on the ground and lie face down on top of it, with your hips resting on the ball and your feet against a wall for stability. Position your hands behind your head or crossed over your chest. Engage your core and slowly lift your upper body off the ball, extending your back until your body forms a straight line from your head to your heels. Pause for a moment at the top, then slowly lower your upper body back down to the starting position. Repeat for the desired number of repetitions.",images/1335-WME869U.jpg,videos/1335-WME869U.gif,videos/1335-WME869U.gif,true,false
1336,exercise ball back extension with rotation,exercisedb,1336,back,back,glutes,stability ball,,"Start by lying face down on the stability ball with your hips resting on the ball and your feet firmly planted on the ground. Place your hands behind your head or cross them over your chest. Engage your core and slowly lift your upper body off the ball, extending your back until your body forms a straight line from your head to your heels. Pause for a moment at the top, then slowly rotate your torso to one side, keeping your hips and legs stable. Return to the center and repeat the rotation to the other side. Lower your upper body back down to the starting position and repeat for the desired number of repetitions.",images/1336-WVD66ff.jpg,videos/1336-WVD66ff.gif,videos/1336-WVD66ff.gif,true,false
1744,exercise ball dip,exercisedb,1744,upper arms,upper arms,chest,stability ball,,"Sit on the stability ball with your feet flat on the ground and your knees bent at a 90-degree angle. Place your hands on the ball beside your hips, fingers pointing forward. Engage your triceps and push through your hands to lift your body off the ball, straightening your arms. Lower your body back down by bending your elbows, keeping them close to your sides. Repeat for the desired number of repetitions.",images/1744-kprile3.jpg,videos/1744-kprile3.gif,videos/1744-kprile3.gif,true,false
1559,exercise ball hip flexor stretch,exercisedb,1559,upper legs,upper legs,quadriceps,stability ball,,"Place the stability ball on the ground and kneel in front of it. Place your right foot on top of the stability ball, with your knee bent at a 90-degree angle. Extend your left leg behind you, keeping it straight. Lean forward, pushing your hips towards the stability ball, until you feel a stretch in your right hip flexor. Hold the stretch for 20-30 seconds, then switch sides and repeat.",images/1559-2LQkNPW.jpg,videos/1559-2LQkNPW.gif,videos/1559-2LQkNPW.gif,true,false
1338,exercise ball hug,exercisedb,1338,back,back,shoulders,stability ball,,"Sit on the stability ball with your feet flat on the ground and your back straight. Hold the stability ball with both hands, hugging it close to your chest. Engage your core muscles and slowly lean back, keeping your back straight and your feet planted on the ground. Continue leaning back until you feel a stretch in your back muscles. Hold the position for a few seconds, then slowly return to the starting position. Repeat for the desired number of repetitions.",images/1338-d7z1Y7V.jpg,videos/1338-d7z1Y7V.gif,videos/1338-d7z1Y7V.gif,true,false
1339,exercise ball lat stretch,exercisedb,1339,back,back,shoulders,stability ball,,"Sit on a stability ball with your feet flat on the ground and your back straight. Hold a dumbbell in one hand and extend your arm straight up overhead. Slowly lean to the opposite side, feeling a stretch in your lat muscle. Hold the stretch for 20-30 seconds, then return to the starting position. Repeat on the other side.",images/1339-sM84pE4.jpg,videos/1339-sM84pE4.gif,videos/1339-sM84pE4.gif,true,false
1341,exercise ball lower back stretch (pyramid),exercisedb,1341,back,back,glutes,stability ball,,"Sit on the stability ball with your feet flat on the ground and your knees bent at a 90-degree angle. Slowly walk your feet forward, rolling the ball down your back until your lower back is resting on the ball. Place your hands behind your head or cross them over your chest. Engage your core and slowly lower your upper body towards the ground, allowing your lower back to stretch over the ball. Hold the stretch for a few seconds, then slowly return to the starting position. Repeat for the desired number of repetitions.",images/1341-yU7w7CA.jpg,videos/1341-yU7w7CA.gif,videos/1341-yU7w7CA.gif,true,false
1342,exercise ball lying side lat stretch,exercisedb,1342,back,back,shoulders,stability ball,,"Lie on your side with your legs extended and your head supported by the stability ball. Place your top arm on the ball for stability. Reach your top arm overhead and allow your torso to rotate slightly. Feel the stretch in your lat muscles on the side of your body. Hold the stretch for 20-30 seconds, then switch sides and repeat.",images/1342-rTbyBYV.jpg,videos/1342-rTbyBYV.gif,videos/1342-rTbyBYV.gif,true,false
1382,exercise ball on the wall calf raise,exercisedb,1382,lower legs,lower legs,hamstrings,dumbbell,,"Stand with your back against a wall and place an exercise ball between your lower back and the wall. Position your feet shoulder-width apart, with your toes pointing forward. Hold a dumbbell in each hand, with your arms extended by your sides. Raise your heels off the ground, lifting your body weight onto the balls of your feet. Pause for a moment at the top, then slowly lower your heels back down to the starting position. Repeat for the desired number of repetitions.",images/1382-xo6sENf.jpg,videos/1382-xo6sENf.gif,videos/1382-xo6sENf.gif,true,false
3241,exercise ball on the wall calf raise (tennis ball between ankles),exercisedb,3241,lower legs,lower legs,hamstrings,dumbbell,,"Stand facing a wall with your feet shoulder-width apart. Place an exercise ball between the wall and your lower back. Hold a dumbbell in each hand, with your arms extended by your sides. Place a tennis ball between your ankles. Raise your heels off the ground, lifting your body up onto your toes. Pause for a moment at the top, then slowly lower your heels back down to the starting position. Repeat for the desired number of repetitions.",images/3241-FY3UdNT.jpg,videos/3241-FY3UdNT.gif,videos/3241-FY3UdNT.gif,true,false
3240,exercise ball on the wall calf raise (tennis ball between knees),exercisedb,3240,lower legs,lower legs,quadriceps,dumbbell,,"Stand with your back against a wall and place an exercise ball between your lower back and the wall. Position your feet shoulder-width apart and slightly in front of you. Hold a dumbbell in each hand, with your arms extended by your sides. Place a tennis ball between your knees. Raise your heels off the ground, lifting your body up onto your toes. Pause for a moment at the top, then slowly lower your heels back down to the starting position. Repeat for the desired number of repetitions.",images/3240-j74M6Zn.jpg,videos/3240-j74M6Zn.gif,videos/3240-j74M6Zn.gif,true,false
1416,exercise ball one leg prone lower body rotation,exercisedb,1416,upper legs,upper legs,hamstrings,stability ball,,"Lie face down on the stability ball with your hips resting on the ball and your legs extended straight behind you. Place your hands on the ground in front of you for support. Engage your glutes and core muscles to stabilize your body. Slowly lift one leg off the ground, keeping it straight and parallel to the floor. Rotate your leg outward, away from your body, while keeping your hips and upper body stable. Pause for a moment at the end of the rotation, then slowly return your leg to the starting position. Repeat the rotation with the other leg. Continue alternating legs for the desired number of repetitions.",images/1416-M72BExt.jpg,videos/1416-M72BExt.gif,videos/1416-M72BExt.gif,true,false
1417,exercise ball one legged diagonal kick hamstring curl,exercisedb,1417,upper legs,upper legs,hamstrings,stability ball,,"Start by lying on your back with your legs extended and your heels resting on top of the stability ball. Place your arms by your sides for stability. Engage your glutes and core muscles to lift your hips off the ground, creating a straight line from your shoulders to your heels. Bend your right knee and bring it towards your chest, keeping your left leg extended and your foot flexed. Kick your right leg diagonally across your body, extending it fully and engaging your hamstrings. Slowly return your right leg to the starting position, maintaining control and stability. Repeat the movement with your left leg, alternating sides for the desired number of repetitions.",images/1417-GOJKFfO.jpg,videos/1417-GOJKFfO.gif,videos/1417-GOJKFfO.gif,true,false
1296,exercise ball pike push up,exercisedb,1296,chest,chest,shoulders,stability ball,,"Start in a push-up position with your hands on the floor and your shins resting on the stability ball. Engage your core and lift your hips up towards the ceiling, rolling the ball towards your hands. Keep your legs straight and your body in a pike position, forming an inverted V shape. Bend your elbows and lower your upper body towards the floor, keeping your head in line with your hands. Push through your hands and extend your arms to return to the starting position. Repeat for the desired number of repetitions.",images/1296-sVvXT5J.jpg,videos/1296-sVvXT5J.gif,videos/1296-sVvXT5J.gif,true,false
1343,exercise ball prone leg raise,exercisedb,1343,back,back,abdominals,stability ball,,"Lie face down on a mat with your legs extended and your toes resting on top of the stability ball. Place your hands on the ground, shoulder-width apart, and engage your core muscles. Keeping your legs straight, slowly lift them off the ground, using your lower back and glutes to raise them as high as possible. Pause for a moment at the top, then slowly lower your legs back down to the starting position. Repeat for the desired number of repetitions.",images/1343-lCKm4Rs.jpg,videos/1343-lCKm4Rs.gif,videos/1343-lCKm4Rs.gif,true,false
1560,exercise ball seated hamstring stretch,exercisedb,1560,upper legs,upper legs,glutes,stability ball,,"Sit on the stability ball with your feet flat on the ground and your knees bent at a 90-degree angle. Slowly roll the ball forward, walking your feet out until your upper back is resting on the ball and your legs are extended straight in front of you. Place your hands on your hips for support. Engage your core and slowly lower your upper body towards the ground, keeping your back straight and your chest lifted. Stop when you feel a stretch in your hamstrings, and hold the position for 20-30 seconds. Slowly return to the starting position by pushing through your heels and using your hamstrings to pull yourself back up. Repeat for the desired number of repetitions.",images/1560-yRYyfdA.jpg,videos/1560-yRYyfdA.gif,videos/1560-yRYyfdA.gif,true,false
1745,exercise ball seated triceps stretch,exercisedb,1745,upper arms,upper arms,shoulders,stability ball,,"Sit on a stability ball with your feet flat on the ground and your back straight. Hold a dumbbell in one hand and extend your arm straight up above your head. Bend your elbow and lower the dumbbell behind your head, keeping your upper arm close to your ear. Hold the stretch for a few seconds, then return to the starting position. Repeat with the other arm.",images/1745-7ePTw4B.jpg,videos/1745-7ePTw4B.gif,videos/1745-7ePTw4B.gif,true,false
1746,exercise ball supine triceps extension,exercisedb,1746,upper arms,upper arms,shoulders,dumbbell,,"Sit on an exercise ball with your feet flat on the ground and your knees bent at a 90-degree angle. Hold a dumbbell with both hands and extend your arms straight up towards the ceiling. Slowly lower the dumbbell behind your head, keeping your elbows close to your ears. Pause for a moment, then raise the dumbbell back up to the starting position. Repeat for the desired number of repetitions.",images/1746-Gm2Uv1z.jpg,videos/1746-Gm2Uv1z.gif,videos/1746-Gm2Uv1z.gif,true,false
1747,ez bar french press on exercise ball,exercisedb,1747,upper arms,upper arms,shoulders,ez barbell,,"Sit on an exercise ball and hold an EZ barbell with an overhand grip. Extend your arms straight up, keeping your elbows close to your head. Slowly lower the barbell behind your head by bending your elbows. Pause for a moment, then extend your arms back up to the starting position. Repeat for the desired number of repetitions.",images/1747-CFN9P8G.jpg,videos/1747-CFN9P8G.gif,videos/1747-CFN9P8G.gif,true,false
3010,ez bar lying bent arms pullover,exercisedb,3010,back,back,triceps,ez barbell,,"Lie flat on a bench with your head at one end and your feet on the floor. Hold the EZ barbell with a pronated grip (palms facing away from you) and your hands shoulder-width apart. Extend your arms straight above your chest, keeping a slight bend in your elbows. Lower the barbell in an arc motion behind your head, maintaining the slight bend in your elbows. Pause for a moment, then return the barbell to the starting position by reversing the arc motion. Repeat for the desired number of repetitions.",images/3010-nDK1HJ0.jpg,videos/3010-nDK1HJ0.gif,videos/3010-nDK1HJ0.gif,true,false
1748,ez bar lying close grip triceps extension behind head,exercisedb,1748,upper arms,upper arms,shoulders,ez barbell,,"Lie flat on a bench with your feet flat on the ground and your head at the end of the bench. Hold the ez barbell with a close grip, palms facing up, and extend your arms straight up over your chest. Keeping your upper arms stationary, slowly lower the barbell behind your head by bending your elbows. Pause for a moment, then extend your arms back up to the starting position. Repeat for the desired number of repetitions.",images/1748-6CKUx7o.jpg,videos/1748-6CKUx7o.gif,videos/1748-6CKUx7o.gif,true,false
1344,ez bar reverse grip bent over row,exercisedb,1344,back,back,biceps,ez barbell,,"Stand with your feet shoulder-width apart and knees slightly bent. Hold the ez barbell with an underhand grip, palms facing up, and hands shoulder-width apart. Bend forward at the hips, keeping your back straight and chest up, until your torso is almost parallel to the floor. Pull the ez barbell towards your lower chest, squeezing your shoulder blades together. Pause for a moment at the top, then slowly lower the ez barbell back to the starting position. Repeat for the desired number of repetitions.",images/1344-G8dXpNG.jpg,videos/1344-G8dXpNG.gif,videos/1344-G8dXpNG.gif,true,false
1682,ez bar seated close grip concentration curl,exercisedb,1682,upper arms,upper arms,forearms,ez barbell,,"Sit on a bench with your feet flat on the ground and hold an EZ barbell with an underhand grip. Rest your elbow on the inside of your thigh, just above the knee. Curl the barbell up towards your shoulder while keeping your upper arm stationary. Squeeze your biceps at the top of the movement, then slowly lower the barbell back down to the starting position. Repeat for the desired number of repetitions.",images/1682-Dsfz0Id.jpg,videos/1682-Dsfz0Id.gif,videos/1682-Dsfz0Id.gif,true,false
1749,ez bar standing french press,exercisedb,1749,upper arms,upper arms,shoulders,ez barbell,,"Stand with your feet shoulder-width apart and hold the ez barbell with an overhand grip. Raise the barbell above your head, fully extending your arms. Keeping your upper arms close to your head, slowly lower the barbell behind your head by bending your elbows. Pause for a moment, then extend your arms back to the starting position. Repeat for the desired number of repetitions.",images/1749-1cTf2Ux.jpg,videos/1749-1cTf2Ux.gif,videos/1749-1cTf2Ux.gif,true,false
0445,ez barbell anti gravity press,exercisedb,0445,shoulders,shoulders,triceps,ez barbell,,"Start by standing with your feet shoulder-width apart and holding the ez barbell with an overhand grip. Raise the barbell to shoulder height, keeping your elbows slightly bent and your palms facing forward. Press the barbell overhead, extending your arms fully. Lower the barbell back to shoulder height and repeat for the desired number of repetitions.",images/0445-fprd84i.jpg,videos/0445-fprd84i.gif,videos/0445-fprd84i.gif,true,false
1627,ez barbell close grip preacher curl,exercisedb,1627,upper arms,upper arms,forearms,ez barbell,,"Sit on a preacher curl bench and place your upper arms on the pad, gripping the ez barbell with an underhand grip. Rest your triceps on the pad and fully extend your arms, keeping your back straight. Slowly curl the barbell towards your shoulders, contracting your biceps. Pause for a moment at the top, squeezing your biceps. Lower the barbell back to the starting position, fully extending your arms. Repeat for the desired number of repetitions.",images/1627-hacCyUv.jpg,videos/1627-hacCyUv.gif,videos/1627-hacCyUv.gif,true,false
0446,ez barbell close-grip curl,exercisedb,0446,upper arms,upper arms,forearms,ez barbell,,"Stand up straight with your feet shoulder-width apart and hold the ez barbell with an underhand grip, hands shoulder-width apart. Keep your elbows close to your torso and your upper arms stationary throughout the movement. Curl the barbell up towards your shoulders, contracting your biceps. Pause for a moment at the top, then slowly lower the barbell back down to the starting position. Repeat for the desired number of repetitions.",images/0446-V4ryaZa.jpg,videos/0446-V4ryaZa.gif,videos/0446-V4ryaZa.gif,true,false
0447,ez barbell curl,exercisedb,0447,upper arms,upper arms,forearms,ez barbell,,"Stand up straight with your feet shoulder-width apart and hold the ez barbell with an underhand grip, palms facing up. Keep your elbows close to your torso and your upper arms stationary throughout the movement. Exhale as you curl the barbell up towards your shoulders, contracting your biceps. Pause for a moment at the top, then inhale as you slowly lower the barbell back down to the starting position. Repeat for the desired number of repetitions.",images/0447-6TG6x2w.jpg,videos/0447-6TG6x2w.gif,videos/0447-6TG6x2w.gif,true,false
0448,ez barbell decline close grip face press,exercisedb,0448,upper arms,upper arms,chest,ez barbell,,"Lie on a decline bench with your head lower than your feet. Grasp the ez barbell with a close grip, palms facing each other. Extend your arms straight up above your chest, keeping your elbows close to your body. Lower the barbell towards your forehead by bending your elbows. Pause for a moment, then press the barbell back up to the starting position. Repeat for the desired number of repetitions.",images/0448-DgZQ11d.jpg,videos/0448-DgZQ11d.gif,videos/0448-DgZQ11d.gif,true,false
2186,ez barbell decline triceps extension,exercisedb,2186,upper arms,upper arms,shoulders,ez barbell,,"Lie on a decline bench with your head lower than your feet and your feet secured. Hold the ez barbell with an overhand grip, hands shoulder-width apart. Extend your arms fully, keeping your elbows close to your head. Lower the barbell slowly towards your forehead, bending your elbows. Pause for a moment, then extend your arms back to the starting position. Repeat for the desired number of repetitions.",images/2186-CQHoDm0.jpg,videos/2186-CQHoDm0.gif,videos/2186-CQHoDm0.gif,true,false
0449,ez barbell incline triceps extension,exercisedb,0449,upper arms,upper arms,shoulders,ez barbell,,"Set up an incline bench at a 45-degree angle. Sit on the bench with your back against the pad and hold the ez barbell with an overhand grip. Extend your arms fully overhead, keeping your elbows close to your head. Lower the barbell behind your head by bending your elbows, keeping your upper arms stationary. Pause for a moment, then extend your arms back to the starting position. Repeat for the desired number of repetitions.",images/0449-KyLtiLT.jpg,videos/0449-KyLtiLT.gif,videos/0449-KyLtiLT.gif,true,false
0450,ez barbell jm bench press,exercisedb,0450,upper arms,upper arms,chest,ez barbell,,"Lie flat on a bench with your feet flat on the ground and your back pressed against the bench. Grasp the ez barbell with an overhand grip, slightly wider than shoulder-width apart. Lower the barbell to your chest, keeping your elbows tucked in close to your body. Push the barbell back up to the starting position, fully extending your arms. Repeat for the desired number of repetitions.",images/0450-hnOYgH3.jpg,videos/0450-hnOYgH3.gif,videos/0450-hnOYgH3.gif,true,false
0451,ez barbell reverse grip curl,exercisedb,0451,upper arms,upper arms,forearms,ez barbell,,"Stand up straight with your feet shoulder-width apart and hold the ez barbell with an underhand grip. Keep your elbows close to your torso and your upper arms stationary throughout the exercise. Curl the barbell upwards by contracting your biceps, while exhaling. Continue to raise the barbell until your biceps are fully contracted and the barbell is at shoulder level. Hold the contracted position for a brief pause as you squeeze your biceps. Slowly begin to bring the barbell back to the starting position as you inhale. Repeat for the desired number of repetitions.",images/0451-Y5X65IB.jpg,videos/0451-Y5X65IB.gif,videos/0451-Y5X65IB.gif,true,false
0452,ez barbell reverse grip preacher curl,exercisedb,0452,upper arms,upper arms,forearms,ez barbell,,"Sit on a preacher bench with your chest against the pad and your feet flat on the floor. Grasp the ez barbell with an underhand grip, hands shoulder-width apart. Rest your upper arms on the pad, allowing your forearms to hang down. Keeping your upper arms stationary, exhale and curl the barbell up towards your shoulders. Pause for a moment at the top, then inhale and slowly lower the barbell back down to the starting position. Repeat for the desired number of repetitions.",images/0452-vBNyir7.jpg,videos/0452-vBNyir7.gif,videos/0452-vBNyir7.gif,true,false
1458,ez barbell seated curls,exercisedb,1458,upper arms,upper arms,forearms,ez barbell,,"Sit on a bench with your feet flat on the ground and your back straight. Hold the ez barbell with an underhand grip, palms facing up, and your hands shoulder-width apart. Rest your upper arms on your thighs, allowing the ez barbell to hang down in front of you. Keeping your upper arms stationary, exhale and curl the ez barbell upwards towards your shoulders. Pause for a moment at the top, squeezing your biceps. Inhale and slowly lower the ez barbell back to the starting position. Repeat for the desired number of repetitions.",images/1458-jtFKbt5.jpg,videos/1458-jtFKbt5.gif,videos/1458-jtFKbt5.gif,true,false
0453,ez barbell seated triceps extension,exercisedb,0453,upper arms,upper arms,shoulders,ez barbell,,"Sit on a bench with your back straight and feet flat on the ground. Hold the ez barbell with an overhand grip, hands shoulder-width apart. Raise the barbell overhead, fully extending your arms. Keeping your upper arms stationary, lower the barbell behind your head by bending your elbows. Pause for a moment, then raise the barbell back to the starting position by extending your arms. Repeat for the desired number of repetitions.",images/0453-iaapw0g.jpg,videos/0453-iaapw0g.gif,videos/0453-iaapw0g.gif,true,false
0454,ez barbell spider curl,exercisedb,0454,upper arms,upper arms,forearms,ez barbell,,"Stand with your feet shoulder-width apart and hold the ez barbell with an underhand grip, palms facing up. Rest your upper arms on a preacher bench or stability ball, allowing your elbows to hang down. Keeping your upper arms stationary, exhale and curl the barbell up towards your shoulders. Pause for a moment at the top, squeezing your biceps. Inhale and slowly lower the barbell back to the starting position. Repeat for the desired number of repetitions.",images/0454-Ye5Qxb0.jpg,videos/0454-Ye5Qxb0.gif,videos/0454-Ye5Qxb0.gif,true,false
1628,ez barbell spider curl,exercisedb,1628,upper arms,upper arms,forearms,ez barbell,,"Stand with your feet shoulder-width apart and hold the ez barbell with an underhand grip, palms facing up. Rest your upper arms on a preacher bench or stability ball, allowing your elbows to hang down. Keeping your upper arms stationary, exhale and curl the barbell up towards your shoulders. Pause for a moment at the top, squeezing your biceps. Inhale and slowly lower the barbell back to the starting position. Repeat for the desired number of repetitions.",images/1628-2kattbR.jpg,videos/1628-2kattbR.gif,videos/1628-2kattbR.gif,true,false
2404,ez-bar biceps curl (with arm blaster),exercisedb,2404,upper arms,upper arms,forearms,ez barbell,,"Stand up straight with your feet shoulder-width apart and hold the ez barbell with an underhand grip, palms facing up. Place your upper arms against the arm blaster, keeping them stationary throughout the exercise. Keeping your elbows close to your body, exhale and curl the barbell up towards your shoulders. Pause for a moment at the top, squeezing your biceps. Inhale and slowly lower the barbell back to the starting position, fully extending your arms. Repeat for the desired number of repetitions.",images/2404-tJ5nYqo.jpg,videos/2404-tJ5nYqo.gif,videos/2404-tJ5nYqo.gif,true,false
2432,ez-bar close-grip bench press,exercisedb,2432,upper arms,upper arms,chest,ez barbell,,"Lie flat on a bench with your feet flat on the ground and your back pressed against the bench. Grasp the ez barbell with a close grip, hands shoulder-width apart, palms facing forward. Lift the barbell off the rack and hold it directly above your chest with your arms fully extended. Slowly lower the barbell towards your chest, keeping your elbows close to your body. Pause for a moment when the barbell touches your chest. Push the barbell back up to the starting position, fully extending your arms. Repeat for the desired number of repetitions.",images/2432-da4cXST.jpg,videos/2432-da4cXST.gif,videos/2432-da4cXST.gif,true,false
2741,ez-barbell standing wide grip biceps curl,exercisedb,2741,upper arms,upper arms,forearms,ez barbell,,"Stand up straight with your feet shoulder-width apart and hold the ez barbell with an underhand grip, hands wider than shoulder-width apart. Keep your elbows close to your torso and your upper arms stationary throughout the movement. Curl the barbell up towards your shoulders by contracting your biceps. Pause for a moment at the top, then slowly lower the barbell back to the starting position. Repeat for the desired number of repetitions.",images/2741-OVTZ65k.jpg,videos/2741-OVTZ65k.gif,videos/2741-OVTZ65k.gif,true,false
2133,farmers walk,exercisedb,2133,upper legs,upper legs,calves,dumbbell,,"Stand up straight with a dumbbell in each hand, palms facing your sides. Keep your back straight and your shoulders back. Take small, controlled steps forward, maintaining an upright posture. Continue walking for the desired distance or time. To finish, stop walking and carefully lower the dumbbells to your sides.",images/2133-qPEzJjA.jpg,videos/2133-qPEzJjA.gif,videos/2133-qPEzJjA.gif,true,false
0455,finger curls,exercisedb,0455,lower arms,lower arms,wrist flexors,barbell,,"Sit on a bench with your feet flat on the ground and hold a barbell with an underhand grip, palms facing up. Rest your forearms on your thighs, allowing your wrists to hang off the edge. Slowly curl your fingers towards your palms, squeezing the barbell tightly. Hold the contraction for a moment, then slowly release your fingers back to the starting position. Repeat for the desired number of repetitions.",images/0455-awG04cF.jpg,videos/0455-awG04cF.gif,videos/0455-awG04cF.gif,true,false
3303,flag,exercisedb,3303,waist,waist,obliques,body weight,,"Start by gripping a vertical pole with both hands, palms facing each other, and arms fully extended. Engage your core and lift your legs off the ground, keeping them straight. Using your core and upper body strength, raise your legs until they are parallel to the ground. Hold this position for as long as you can, maintaining a straight body line. Slowly lower your legs back down to the starting position. Repeat for the desired number of repetitions.",images/3303-pQ0Mx1Z.jpg,videos/3303-pQ0Mx1Z.gif,videos/3303-pQ0Mx1Z.gif,true,false
0456,flexion leg sit up (bent knee),exercisedb,0456,waist,waist,hip flexors,body weight,,"Lie flat on your back with your knees bent and feet flat on the ground. Place your hands behind your head with your elbows pointing outwards. Engaging your abs, slowly lift your upper body off the ground, curling forward until your torso is at a 45-degree angle. At the same time, lift your legs off the ground, bending your knees and bringing them towards your chest. Pause for a moment at the top, then slowly lower your upper body and legs back down to the starting position. Repeat for the desired number of repetitions.",images/0456-AR0ig3o.jpg,videos/0456-AR0ig3o.gif,videos/0456-AR0ig3o.gif,true,false
0457,flexion leg sit up (straight arm),exercisedb,0457,waist,waist,hip flexors,body weight,,"Lie flat on your back with your legs extended and arms straight above your head. Engaging your abs, lift your upper body off the ground while simultaneously lifting your legs towards your chest. Reach your hands towards your toes as you lift your upper body and legs. Pause for a moment at the top, then slowly lower your upper body and legs back down to the starting position. Repeat for the desired number of repetitions.",images/0457-KZn52RC.jpg,videos/0457-KZn52RC.gif,videos/0457-KZn52RC.gif,true,false
0458,floor fly (with barbell),exercisedb,0458,chest,chest,deltoids,barbell,,"Lie flat on your back on the floor with your knees bent and feet flat on the ground. Hold a barbell with an overhand grip, arms extended straight up over your chest. Slowly lower the barbell out to the sides, keeping a slight bend in your elbows. Lower the barbell until your arms are parallel to the floor, feeling a stretch in your chest. Pause for a moment, then squeeze your chest muscles to bring the barbell back to the starting position. Repeat for the desired number of repetitions.",images/0458-neonEDL.jpg,videos/0458-neonEDL.gif,videos/0458-neonEDL.gif,true,false
0459,flutter kicks,exercisedb,0459,upper legs,upper legs,hip flexors,body weight,,"Lie flat on your back with your legs extended and your hands by your sides. Engage your core and lift your legs off the ground about 6 inches. Keeping your legs straight, alternate lifting one leg slightly higher than the other. Continue this fluttering motion for the desired number of repetitions.",images/0459-UVo2Qs2.jpg,videos/0459-UVo2Qs2.gif,videos/0459-UVo2Qs2.gif,true,false
1472,forward jump,exercisedb,1472,upper legs,upper legs,calves,body weight,,"Stand with your feet shoulder-width apart. Bend your knees and lower your body into a squat position. Swing your arms back for momentum. Jump forward explosively, extending your hips, knees, and ankles. Land softly on the balls of your feet and immediately go into the next jump. Repeat for the desired number of repetitions.",images/1472-uZKq7lo.jpg,videos/1472-uZKq7lo.gif,videos/1472-uZKq7lo.gif,true,false
3470,forward lunge (male),exercisedb,3470,upper legs,upper legs,quadriceps,body weight,,"Stand with your feet hip-width apart and hands on your hips. Take a big step forward with your right foot, lowering your body into a lunge position. Bend your right knee to about 90 degrees, keeping your knee aligned with your ankle. Push off with your right foot and return to the starting position. Repeat with your left leg, alternating sides for the desired number of repetitions.",images/3470-kMzUs9Y.jpg,videos/3470-kMzUs9Y.gif,videos/3470-kMzUs9Y.gif,true,false
3194,frankenstein squat,exercisedb,3194,upper legs,upper legs,quadriceps,barbell,,"Stand with your feet shoulder-width apart and hold the barbell in front of your body with straight arms. Keeping your back straight, lower your body by bending at the knees and hips, as if sitting back into a chair. Continue lowering until your thighs are parallel to the ground, or as low as you can comfortably go. Pause for a moment, then push through your heels to return to the starting position. Repeat for the desired number of repetitions.",images/3194-bdWcbaU.jpg,videos/3194-bdWcbaU.gif,videos/3194-bdWcbaU.gif,true,false
2429,frog crunch,exercisedb,2429,waist,waist,hip flexors,body weight,,"Lie flat on your back with your knees bent and feet flat on the ground. Place your hands behind your head with your elbows pointing outwards. Engaging your abs, lift your upper body off the ground, curling forward until your torso is at a 45-degree angle. Pause for a moment at the top, then slowly lower your upper body back down to the starting position. Repeat for the desired number of repetitions.",images/2429-FFRP97T.jpg,videos/2429-FFRP97T.gif,videos/2429-FFRP97T.gif,true,false
3301,frog planche,exercisedb,3301,waist,waist,shoulders,body weight,,"Start in a push-up position with your hands shoulder-width apart and your feet together. Bend your elbows and lower your body towards the ground, keeping your back straight. As you lower your body, lift your feet off the ground and bring your knees towards your chest. Hold this position for a few seconds, then extend your legs back out and push yourself back up to the starting position. Repeat for the desired number of repetitions.",images/3301-rQhGcin.jpg,videos/3301-rQhGcin.gif,videos/3301-rQhGcin.gif,true,false
3296,front lever,exercisedb,3296,waist,waist,lats,body weight,,"Start by hanging from a pull-up bar with an overhand grip, hands shoulder-width apart. Engage your core and pull your shoulder blades down and back. Bend your knees and tuck them towards your chest. Simultaneously, lift your legs up and extend them straight out in front of you, keeping your body parallel to the ground. Hold this position for as long as you can, aiming for a full front lever position. To release, slowly lower your legs back down and return to the starting position. Repeat for the desired number of repetitions.",images/3296-PkCN2lv.jpg,videos/3296-PkCN2lv.gif,videos/3296-PkCN2lv.gif,true,false
3295,front lever reps,exercisedb,3295,back,back,core,body weight,,"Hang from a pull-up bar with an overhand grip, palms facing away from you. Engage your core and pull your shoulder blades down and back. Keeping your body straight, lift your legs up until they are parallel to the ground. Hold this position for as long as you can, aiming for 10-20 seconds. Slowly lower your legs back down to the starting position. Repeat for the desired number of repetitions.",images/3295-hbY9wqG.jpg,videos/3295-hbY9wqG.gif,videos/3295-hbY9wqG.gif,true,false
0464,front plank with twist,exercisedb,0464,waist,waist,obliques,body weight,,"Start in a high plank position with your hands directly under your shoulders and your body in a straight line from head to toe. Engage your core and glutes to maintain a stable position. Rotate your torso to the right, lifting your right arm and extending it towards the ceiling. Keep your hips and legs stable as you twist. Hold for a moment, then return to the starting position. Repeat the twist on the left side. Continue alternating sides for the desired number of repetitions.",images/0464-CosupLu.jpg,videos/0464-CosupLu.gif,videos/0464-CosupLu.gif,true,false
3315,full maltese,exercisedb,3315,waist,waist,shoulders,body weight,,"Start by standing with your feet shoulder-width apart and your arms extended straight out to the sides. Slowly lean forward, keeping your arms straight, until your upper body is parallel to the ground. Engage your core and hold this position for a few seconds. Return to the starting position by pushing through your feet and standing back up. Repeat for the desired number of repetitions.",images/3315-YRaCa5Y.jpg,videos/3315-YRaCa5Y.gif,videos/3315-YRaCa5Y.gif,true,false
3299,full planche,exercisedb,3299,waist,waist,shoulders,body weight,,"Start in a push-up position with your hands shoulder-width apart and your fingers pointing forward. Engage your core and slowly shift your weight forward, lifting your feet off the ground. Continue shifting your weight forward until your body is parallel to the ground, balancing on your hands. Hold this position for as long as you can, maintaining a straight body line. Slowly lower your feet back to the ground and return to the starting position. Repeat for the desired number of repetitions.",images/3299-YZ4961r.jpg,videos/3299-YZ4961r.gif,videos/3299-YZ4961r.gif,true,false
3327,full planche push-up,exercisedb,3327,chest,chest,shoulders,body weight,,"Start in a push-up position with your hands placed slightly wider than shoulder-width apart. Engage your core and lower your body down towards the ground, keeping your elbows close to your sides. As you lower yourself, lean your body forward and lift your feet off the ground, balancing on your hands. Continue to lower your body until your chest is just above the ground. Push through your hands and extend your arms to lift your body back up to the starting position. Maintain a straight line from your head to your heels throughout the movement. Repeat for the desired number of repetitions.",images/3327-gw9PqGk.jpg,videos/3327-gw9PqGk.gif,videos/3327-gw9PqGk.gif,true,false
0466,gironda sternum chin,exercisedb,0466,back,back,biceps,body weight,,"Stand facing a high bar with your feet shoulder-width apart. Reach up and grab the bar with an overhand grip, slightly wider than shoulder-width apart. Hang from the bar with your arms fully extended and your body straight. Engage your lats and biceps to pull your chest up towards the bar, leading with your sternum. Pause for a moment at the top, then slowly lower yourself back down to the starting position. Repeat for the desired number of repetitions.",images/0466-IL0JUxR.jpg,videos/0466-IL0JUxR.gif,videos/0466-IL0JUxR.gif,true,false
3561,glute bridge march,exercisedb,3561,upper legs,upper legs,hamstrings,body weight,,"Lie flat on your back with your knees bent and feet flat on the ground. Engage your glutes and lift your hips off the ground, forming a straight line from your knees to your shoulders. While keeping your hips lifted, lift one foot off the ground and bring your knee towards your chest. Lower your foot back to the ground and repeat the movement with the other leg. Continue alternating legs in a marching motion while maintaining the bridge position. Repeat for the desired number of repetitions.",images/3561-GibBPPg.jpg,videos/3561-GibBPPg.gif,videos/3561-GibBPPg.gif,true,false
3523,glute bridge two legs on bench (male),exercisedb,3523,upper legs,upper legs,hamstrings,body weight,,"Sit on the edge of a bench with your back against it and your feet flat on the ground. Place your hands on the bench beside your hips for support. Engage your glutes and hamstrings, then lift your hips off the bench until your body forms a straight line from your knees to your shoulders. Pause for a moment at the top, then slowly lower your hips back down to the starting position. Repeat for the desired number of repetitions.",images/3523-aWedzZX.jpg,videos/3523-aWedzZX.gif,videos/3523-aWedzZX.gif,true,false
3193,glute-ham raise,exercisedb,3193,upper legs,upper legs,glutes,body weight,,"Adjust the glute-ham raise machine to fit your body. Position yourself face down on the machine with your ankles secured. Place your hands on your chest or cross them over your chest. Engage your hamstrings and glutes to lift your upper body up towards the ceiling. Continue lifting until your body is in a straight line from your head to your heels. Pause for a moment at the top, then slowly lower your body back down to the starting position. Repeat for the desired number of repetitions.",images/3193-Vvwjz6N.jpg,videos/3193-Vvwjz6N.gif,videos/3193-Vvwjz6N.gif,true,false
0467,gorilla chin,exercisedb,0467,waist,waist,forearms,body weight,,"Stand with your feet shoulder-width apart and your knees slightly bent. Grasp a pull-up bar with an overhand grip, slightly wider than shoulder-width apart. Hang from the bar with your arms fully extended and your palms facing away from you. Engage your core and pull your body up towards the bar, bringing your chin above the bar. Pause for a moment at the top, then slowly lower your body back down to the starting position. Repeat for the desired number of repetitions.",images/0467-bmwlYvD.jpg,videos/0467-bmwlYvD.gif,videos/0467-bmwlYvD.gif,true,false
0469,groin crunch,exercisedb,0469,waist,waist,hip flexors,body weight,,"Lie flat on your back with your knees bent and feet flat on the ground. Place your hands behind your head with your elbows pointing outwards. Engaging your abs, lift your legs off the ground, bringing your knees towards your chest. Pause for a moment at the top, then slowly lower your legs back down to the starting position. Repeat for the desired number of repetitions.",images/0469-mWppALS.jpg,videos/0469-mWppALS.gif,videos/0469-mWppALS.gif,true,false
1383,hack calf raise,exercisedb,1383,lower legs,lower legs,hamstrings,sled machine,,"Adjust the sled machine to a comfortable weight. Stand on the sled machine with your toes on the platform and your heels hanging off. Hold onto the handles for stability. Raise your heels as high as possible by pushing through the balls of your feet. Pause for a moment at the top, then slowly lower your heels back down to the starting position. Repeat for the desired number of repetitions.",images/1383-2ORFMoR.jpg,videos/1383-2ORFMoR.gif,videos/1383-2ORFMoR.gif,true,false
1384,hack one leg calf raise,exercisedb,1384,lower legs,lower legs,hamstrings,sled machine,,"Adjust the sled machine to an appropriate weight. Stand on the sled machine with one foot, keeping the other foot off the ground. Hold onto the handles for stability. Raise your heel as high as possible, lifting your body up on the ball of your foot. Pause for a moment at the top, then slowly lower your heel back down to the starting position. Repeat for the desired number of repetitions. Switch legs and repeat the exercise.",images/1384-AxFoqAD.jpg,videos/1384-AxFoqAD.gif,videos/1384-AxFoqAD.gif,true,false
3221,half knee bends (male),exercisedb,3221,cardio,cardio,quadriceps,body weight,,"Stand with your feet shoulder-width apart. Bend your knees and lower your body down as if you were sitting back into a chair. Keep your chest up and your weight in your heels. Pause for a moment at the bottom, then push through your heels to return to the starting position. Repeat for the desired number of repetitions.",images/3221-ia6kIIl.jpg,videos/3221-ia6kIIl.gif,videos/3221-ia6kIIl.gif,true,false
3202,half sit-up (male),exercisedb,3202,waist,waist,hip flexors,body weight,,"Lie flat on your back with your knees bent and feet flat on the ground. Place your hands behind your head with your elbows pointing outwards. Engaging your abs, slowly lift your upper body off the ground, curling forward until your torso is at a 45-degree angle. Pause for a moment at the top, then slowly lower your upper body back down to the starting position. Repeat for the desired number of repetitions.",images/3202-iQ241UP.jpg,videos/3202-iQ241UP.gif,videos/3202-iQ241UP.gif,true,false
1511,hamstring stretch,exercisedb,1511,upper legs,upper legs,glutes,body weight,,"Stand with your feet shoulder-width apart. Step forward with your right foot and shift your weight onto your right leg. Keeping your back straight, slowly bend forward at the hips, reaching towards your right foot with both hands. Hold the stretch for 20-30 seconds, then return to the starting position. Repeat on the other side.",images/1511-99rWm7w.jpg,videos/1511-99rWm7w.gif,videos/1511-99rWm7w.gif,true,false
2139,hands bike,exercisedb,2139,chest,chest,triceps,upper body ergometer,,"Adjust the seat height and handlebar position to a comfortable level. Sit on the ergometer with your back straight and feet on the pedals. Grasp the handles with your hands and position your arms at a 90-degree angle. Start pedaling with your hands, pushing and pulling the handles in a controlled motion. Continue pedaling for the desired duration or number of repetitions.",images/2139-pAIWRGu.jpg,videos/2139-pAIWRGu.gif,videos/2139-pAIWRGu.gif,true,false
3218,hands clasped circular toe touch (male),exercisedb,3218,upper legs,upper legs,hamstrings,body weight,,"Stand with your feet shoulder-width apart and your hands clasped together in front of your chest. Bend your knees slightly and hinge forward at the hips, keeping your back straight. Lower your hands towards your toes in a circular motion, reaching as far as you can without straining. Pause for a moment at the bottom, then slowly return to the starting position. Repeat for the desired number of repetitions.",images/3218-B5xca8s.jpg,videos/3218-B5xca8s.gif,videos/3218-B5xca8s.gif,true,false
3215,hands reversed clasped circular toe touch (male),exercisedb,3215,upper legs,upper legs,hamstrings,body weight,,"Stand with your feet shoulder-width apart and your arms extended to the sides. Bend forward at the waist, keeping your back straight and your knees slightly bent. Reach down with your hands and clasp them together behind your legs. Slowly raise your hands up and over your head in a circular motion, keeping your legs straight. Continue the circular motion until your hands touch your toes. Reverse the motion and bring your hands back down to the starting position. Repeat for the desired number of repetitions.",images/3215-yq3GAJX.jpg,videos/3215-yq3GAJX.gif,videos/3215-yq3GAJX.gif,true,false
3302,handstand,exercisedb,3302,upper arms,upper arms,shoulders,body weight,,"Find an open space with enough room to perform a handstand. Place your hands on the ground shoulder-width apart, fingers pointing forward. Kick your legs up towards the wall, using your core and shoulders to maintain balance. Once in a handstand position, engage your triceps to support your body weight. Hold the handstand for as long as you can maintain balance. To come down, slowly lower your legs back to the ground. Repeat for the desired number of repetitions.",images/3302-XooAdhl.jpg,videos/3302-XooAdhl.gif,videos/3302-XooAdhl.gif,true,false
0471,handstand push-up,exercisedb,0471,upper arms,upper arms,shoulders,body weight,,"Find a wall and face away from it, standing a few feet away. Place your hands on the ground shoulder-width apart and kick your feet up against the wall, coming into a handstand position. Bend your elbows and lower your head towards the ground, keeping your body in a straight line. Push through your hands and extend your arms to return to the starting position. Repeat for the desired number of repetitions.",images/0471-rQxwMxO.jpg,videos/0471-rQxwMxO.gif,videos/0471-rQxwMxO.gif,true,false
1764,hanging leg hip raise,exercisedb,1764,waist,waist,hip flexors,body weight,,"Hang from a pull-up bar with your arms fully extended and your palms facing away from you. Engage your core and lift your legs up by flexing your hips and knees until your thighs are parallel to the ground. Pause for a moment at the top, then slowly lower your legs back down to the starting position. Repeat for the desired number of repetitions.",images/1764-VEcJRo2.jpg,videos/1764-VEcJRo2.gif,videos/1764-VEcJRo2.gif,true,false
0472,hanging leg raise,exercisedb,0472,waist,waist,hip flexors,body weight,,"Hang from a pull-up bar with your arms fully extended and your palms facing away from you. Engage your core and lift your legs up in front of you, keeping them straight. Continue lifting until your legs are parallel to the ground or as high as you can comfortably go. Pause for a moment at the top, then slowly lower your legs back down to the starting position. Repeat for the desired number of repetitions.",images/0472-I3tsCnC.jpg,videos/0472-I3tsCnC.gif,videos/0472-I3tsCnC.gif,true,false
1761,hanging oblique knee raise,exercisedb,1761,waist,waist,obliques,body weight,,"Hang from a pull-up bar with your arms fully extended and your palms facing away from you. Engage your core and lift your knees towards your chest, twisting your torso to the side as you do so. Pause for a moment at the top, then slowly lower your legs back down to the starting position. Repeat on the other side, twisting your torso in the opposite direction. Continue alternating sides for the desired number of repetitions.",images/1761-BaE7O6U.jpg,videos/1761-BaE7O6U.gif,videos/1761-BaE7O6U.gif,true,false
0473,hanging pike,exercisedb,0473,waist,waist,hip flexors,body weight,,"Hang from a pull-up bar with your arms fully extended and your palms facing away from you. Engage your core and lift your legs up towards the bar, keeping them straight. Continue lifting until your body forms a 'V' shape, with your legs parallel to the ground. Hold the position for a moment, then slowly lower your legs back down to the starting position. Repeat for the desired number of repetitions.",images/0473-nuBF9MO.jpg,videos/0473-nuBF9MO.gif,videos/0473-nuBF9MO.gif,true,false
0474,hanging straight leg hip raise,exercisedb,0474,waist,waist,hip flexors,body weight,,"Hang from a pull-up bar with your arms fully extended and your palms facing away from you. Engage your core and lift your legs up in front of you until they are parallel to the ground. Pause for a moment at the top, then slowly lower your legs back down to the starting position. Repeat for the desired number of repetitions.",images/0474-pj0X0tF.jpg,videos/0474-pj0X0tF.gif,videos/0474-pj0X0tF.gif,true,false
0475,hanging straight leg raise,exercisedb,0475,waist,waist,hip flexors,body weight,,"Hang from a pull-up bar with your arms fully extended and your palms facing away from you. Engage your core and lift your legs up in front of you, keeping them straight. Continue lifting until your legs are parallel to the ground or as high as you can comfortably go. Pause for a moment at the top, then slowly lower your legs back down to the starting position. Repeat for the desired number of repetitions.",images/0475-4Ml7QFO.jpg,videos/0475-4Ml7QFO.gif,videos/0475-4Ml7QFO.gif,true,false
0476,hanging straight twisting leg hip raise,exercisedb,0476,waist,waist,obliques,body weight,,"Hang from a pull-up bar with your arms fully extended and your legs straight. Engage your core and lift your legs up towards your chest, keeping them straight. Once your legs are parallel to the ground, twist your hips to one side, bringing your legs towards that side. Pause for a moment, then return to the starting position. Repeat the movement, but this time twist your hips to the opposite side. Continue alternating sides for the desired number of repetitions.",images/0476-Q6bvyen.jpg,videos/0476-Q6bvyen.gif,videos/0476-Q6bvyen.gif,true,false
3636,high knee against wall,exercisedb,3636,cardio,cardio,quadriceps,body weight,,"Stand facing a wall with your feet hip-width apart. Place your hands on the wall for support. Engage your core and lift your right knee up towards your chest, while keeping your left foot on the ground. Quickly switch legs, bringing your left knee up towards your chest and lowering your right foot back down. Continue alternating legs in a running motion, bringing your knees up as high as possible. Maintain a fast pace and keep your upper body stable throughout the exercise. Repeat for the desired duration or number of repetitions.",images/3636-ealLwvX.jpg,videos/3636-ealLwvX.gif,videos/3636-ealLwvX.gif,true,false
0484,hip raise (bent knee),exercisedb,0484,waist,waist,glutes,body weight,,"Lie flat on your back with your knees bent and feet flat on the ground. Place your hands by your sides, palms facing down. Engage your core and glutes, then lift your hips off the ground until your body forms a straight line from your knees to your shoulders. Pause for a moment at the top, then slowly lower your hips back down to the starting position. Repeat for the desired number of repetitions.",images/0484-196HJGw.jpg,videos/0484-196HJGw.gif,videos/0484-196HJGw.gif,true,false
1418,hug keens to chest,exercisedb,1418,upper legs,upper legs,hamstrings,body weight,,"Start by standing with your feet shoulder-width apart. Bend your knees and lower your body down into a squat position. As you squat down, bring your knees up towards your chest and hug them with your arms. Hold this position for a moment, then slowly return to the starting position. Repeat for the desired number of repetitions.",images/1418-znP9SIh.jpg,videos/1418-znP9SIh.gif,videos/1418-znP9SIh.gif,true,false
3234,hyght dumbbell fly,exercisedb,3234,chest,chest,shoulders,dumbbell,,"Lie flat on a bench with a dumbbell in each hand, palms facing each other. Extend your arms straight up over your chest, with a slight bend in your elbows. Keeping a slight bend in your elbows, lower the dumbbells out to the sides in a wide arc until you feel a stretch in your chest. Pause for a moment, then reverse the movement and bring the dumbbells back to the starting position. Repeat for the desired number of repetitions.",images/3234-P9ZRyLT.jpg,videos/3234-P9ZRyLT.gif,videos/3234-P9ZRyLT.gif,true,false
0489,hyperextension,exercisedb,0489,back,back,glutes,body weight,,"Adjust the hyperextension bench so that your upper thighs are resting on the pad and your feet are secured. Cross your arms over your chest or place your hands behind your head. Lower your upper body towards the ground while keeping your back straight. Pause for a moment at the bottom, then raise your upper body back up until it is in line with your legs. Repeat for the desired number of repetitions.",images/0489-zhMwOwE.jpg,videos/0489-zhMwOwE.gif,videos/0489-zhMwOwE.gif,true,false
0488,hyperextension (on bench),exercisedb,0488,back,back,glutes,body weight,,"Adjust the hyperextension bench so that your hips are resting comfortably on the pad and your feet are secured. Cross your arms over your chest or place your hands behind your head. Slowly lower your upper body towards the ground while keeping your back straight. Pause for a moment at the bottom, then raise your upper body back up until it is in line with your legs. Repeat for the desired number of repetitions.",images/0488-zkgRrbK.jpg,videos/0488-zkgRrbK.gif,videos/0488-zkgRrbK.gif,true,false
3289,impossible dips,exercisedb,3289,upper arms,upper arms,chest,body weight,,"Position yourself between two parallel bars with your arms fully extended and your body suspended in the air. Bend your knees and cross your ankles. Lower your body by bending your elbows until your upper arms are parallel to the ground. Pause for a moment, then push yourself back up to the starting position by straightening your arms. Repeat for the desired number of repetitions.",images/3289-05Cf2v8.jpg,videos/3289-05Cf2v8.gif,videos/3289-05Cf2v8.gif,true,false
1471,inchworm,exercisedb,1471,waist,waist,shoulders,body weight,,"Start in a standing position with your feet hip-width apart. Bend forward at the waist and place your hands on the ground in front of you. Walk your hands forward until you are in a high plank position, with your body in a straight line from head to toe. Pause for a moment, then walk your hands back towards your feet, keeping your legs as straight as possible. Once your hands reach your feet, stand back up to the starting position. Repeat for the desired number of repetitions.",images/1471-ZgsNQ6d.jpg,videos/1471-ZgsNQ6d.gif,videos/1471-ZgsNQ6d.gif,true,false
3698,inchworm v. 2,exercisedb,3698,waist,waist,shoulders,body weight,,"Start in a standing position with your feet hip-width apart. Bend forward at the waist and place your hands on the ground in front of you. Walk your hands forward until you are in a high plank position, with your body in a straight line from head to toe. Keeping your legs straight, walk your feet towards your hands, bringing your hips up towards the ceiling. Continue walking your hands forward, repeating the movement for the desired number of repetitions.",images/3698-TV87DNB.jpg,videos/3698-TV87DNB.gif,videos/3698-TV87DNB.gif,true,false
0490,incline close-grip push-up,exercisedb,0490,upper arms,upper arms,chest,body weight,,"Place your hands on an elevated surface, such as a bench or step, slightly wider than shoulder-width apart. Extend your legs behind you, resting on the balls of your feet, with your body forming a straight line from head to heels. Lower your chest towards the elevated surface by bending your elbows, keeping them close to your sides. Pause for a moment at the bottom, then push yourself back up to the starting position by straightening your arms. Repeat for the desired number of repetitions.",images/0490-1YB40kg.jpg,videos/0490-1YB40kg.gif,videos/0490-1YB40kg.gif,true,false
0491,incline leg hip raise (leg straight),exercisedb,0491,waist,waist,hip flexors,body weight,,"Lie on an incline bench with your back flat against the bench and your legs extended straight out in front of you. Place your hands on the sides of the bench for support. Engaging your abs, lift your legs off the bench, raising them as high as you can while keeping them straight. Pause for a moment at the top, then slowly lower your legs back down to the starting position. Repeat for the desired number of repetitions.",images/0491-eVxAzgz.jpg,videos/0491-eVxAzgz.gif,videos/0491-eVxAzgz.gif,true,false
0492,incline push up depth jump,exercisedb,0492,chest,chest,triceps,body weight,,"Find an elevated surface, such as a bench or step, and place your hands shoulder-width apart on the edge. Step your feet back, keeping your body in a straight line from head to heels. Lower your chest towards the edge of the surface, bending your elbows and keeping your body aligned. Push through your palms to extend your arms and return to the starting position. Jump off the edge of the surface, landing softly with your knees slightly bent. Repeat the push-up and depth jump for the desired number of repetitions.",images/0492-CB8WET1.jpg,videos/0492-CB8WET1.gif,videos/0492-CB8WET1.gif,true,false
0493,incline push-up,exercisedb,0493,chest,chest,triceps,body weight,,"Place your hands on an elevated surface, such as a bench or step, slightly wider than shoulder-width apart. Extend your legs behind you, resting on the balls of your feet, creating a straight line from your head to your heels. Lower your chest towards the elevated surface by bending your elbows, keeping your body in a straight line. Pause for a moment at the bottom, then push yourself back up to the starting position by straightening your arms. Repeat for the desired number of repetitions.",images/0493-B1EVP9F.jpg,videos/0493-B1EVP9F.gif,videos/0493-B1EVP9F.gif,true,false
3785,incline push-up (on box),exercisedb,3785,chest,chest,triceps,body weight,,"Place your hands on the edge of a box or elevated surface, slightly wider than shoulder-width apart. Extend your legs behind you, resting on the balls of your feet, creating a straight line from your head to your heels. Lower your chest towards the box by bending your elbows, keeping your body in a straight line. Pause for a moment at the bottom, then push yourself back up to the starting position by straightening your arms. Repeat for the desired number of repetitions.",images/3785-F7vjXqT.jpg,videos/3785-F7vjXqT.gif,videos/3785-F7vjXqT.gif,true,false
0494,incline reverse grip push-up,exercisedb,0494,chest,chest,triceps,body weight,,"Place your hands on the edge of a bench or elevated surface, slightly wider than shoulder-width apart. Extend your legs behind you, resting on the balls of your feet, creating a straight line from your head to your heels. Lower your chest towards the bench by bending your elbows, keeping them close to your sides. Pause for a moment at the bottom, then push yourself back up to the starting position by extending your arms. Repeat for the desired number of repetitions.",images/0494-XaaRnRn.jpg,videos/0494-XaaRnRn.gif,videos/0494-XaaRnRn.gif,true,false
3011,incline scapula push up,exercisedb,3011,chest,chest,triceps,body weight,,"Set up an incline bench at a 45-degree angle. Place your hands on the bench slightly wider than shoulder-width apart. Position your feet on the ground, hip-width apart. Lower your chest towards the bench, keeping your elbows tucked in. As you lower, retract your shoulder blades, squeezing your scapulae together. Push through your palms to extend your arms and return to the starting position. Repeat for the desired number of repetitions.",images/3011-GdMa1ET.jpg,videos/3011-GdMa1ET.gif,videos/3011-GdMa1ET.gif,true,false
0495,incline twisting sit-up,exercisedb,0495,waist,waist,obliques,body weight,,"Set up an incline bench at a 45-degree angle. Lie down on the bench with your feet secured under the foot pads. Place your hands behind your head or across your chest. Engage your abs and lift your upper body off the bench, curling forward. As you curl up, twist your torso to one side, bringing your elbow towards the opposite knee. Pause for a moment at the top, then slowly lower your upper body back down to the starting position. Repeat the movement, this time twisting your torso to the other side. Continue alternating sides for the desired number of repetitions.",images/0495-9ZGZuOD.jpg,videos/0495-9ZGZuOD.gif,videos/0495-9ZGZuOD.gif,true,false
1564,intermediate hip flexor and quad stretch,exercisedb,1564,upper legs,upper legs,hamstrings,rope,,"Stand upright with your feet shoulder-width apart. Hold onto a stable object for support. Bend your right knee and bring your right foot towards your glutes, grabbing the rope with your right hand. Slowly pull your right foot towards your glutes, feeling a stretch in your right quad. Hold the stretch for 20-30 seconds. Release the stretch and repeat on the left side.",images/1564-tFGKm99.jpg,videos/1564-tFGKm99.gif,videos/1564-tFGKm99.gif,true,false
0496,inverse leg curl (bench support),exercisedb,0496,upper legs,upper legs,glutes,body weight,,"Lie face down on a bench with your hips at the edge and your legs extended straight behind you. Hold onto the bench for support. Keeping your upper body still, bend your knees and curl your legs towards your glutes. Pause for a moment at the top, then slowly extend your legs back to the starting position. Repeat for the desired number of repetitions.",images/0496-ms7tjSG.jpg,videos/0496-ms7tjSG.gif,videos/0496-ms7tjSG.gif,true,false
2400,inverse leg curl (on pull-up cable machine),exercisedb,2400,upper legs,upper legs,glutes,body weight,,"Adjust the cable machine so that the ankle straps are at the lowest setting. Lie face down on the bench with your legs extended and the ankle straps attached to your feet. Hold onto the handles of the bench for stability. Bend your knees and curl your legs towards your glutes, squeezing your hamstrings. Pause for a moment at the top of the movement, then slowly lower your legs back to the starting position. Repeat for the desired number of repetitions.",images/2400-0rHfvy9.jpg,videos/2400-0rHfvy9.gif,videos/2400-0rHfvy9.gif,true,false
0499,inverted row,exercisedb,0499,back,back,biceps,body weight,,"Set up a bar at waist height or use a suspension trainer. Stand facing the bar or suspension trainer, with your feet shoulder-width apart. Grab the bar or handles with an overhand grip, slightly wider than shoulder-width apart. Lean back, keeping your body straight and your heels on the ground. Pull your chest towards the bar or handles, squeezing your shoulder blades together. Pause for a moment at the top, then slowly lower yourself back to the starting position. Repeat for the desired number of repetitions.",images/0499-bZGHsAZ.jpg,videos/0499-bZGHsAZ.gif,videos/0499-bZGHsAZ.gif,true,false
2300,inverted row bent knees,exercisedb,2300,back,back,biceps,body weight,,"Set up a bar at waist height and lie underneath it. Grab the bar with an overhand grip, slightly wider than shoulder-width apart. Position your body so that your heels are on the ground and your body is straight. Pull your chest up towards the bar by squeezing your shoulder blades together. Pause for a moment at the top, then slowly lower your body back down to the starting position. Repeat for the desired number of repetitions.",images/2300-VPPtusI.jpg,videos/2300-VPPtusI.gif,videos/2300-VPPtusI.gif,true,false
2298,inverted row on bench,exercisedb,2298,back,back,biceps,body weight,,"Set up a bench at a height that allows your body to hang freely underneath it. Lie face up on the ground with your head towards the bench. Reach up and grab the bench with an overhand grip, slightly wider than shoulder-width apart. Position your body so that your heels are on the ground and your arms are fully extended. Engage your core and squeeze your shoulder blades together as you pull your chest up towards the bench. Pause for a moment at the top of the movement, then slowly lower your body back down to the starting position. Repeat for the desired number of repetitions.",images/2298-Mxa7Cr8.jpg,videos/2298-Mxa7Cr8.gif,videos/2298-Mxa7Cr8.gif,true,false
0497,inverted row v. 2,exercisedb,0497,back,back,biceps,body weight,,"Set up a bar at waist height on a Smith machine or use a suspension trainer. Stand facing the bar or suspension trainer and grab it with an overhand grip, hands shoulder-width apart. Walk your feet forward, leaning back until your body is at a slight angle. Keep your body straight and pull your chest up towards the bar or handles, squeezing your shoulder blades together. Pause for a moment at the top, then slowly lower yourself back down to the starting position. Repeat for the desired number of repetitions.",images/0497-uX3sUBz.jpg,videos/0497-uX3sUBz.gif,videos/0497-uX3sUBz.gif,true,false
0498,inverted row with straps,exercisedb,0498,back,back,biceps,body weight,,"Set up a suspension trainer or straps at chest height. Stand facing the anchor point and grab the handles with an overhand grip. Walk your feet forward, leaning back until your body is at an angle. Keep your body straight and engage your core. Pull your chest towards the handles, squeezing your shoulder blades together. Pause for a moment at the top, then slowly lower yourself back to the starting position. Repeat for the desired number of repetitions.",images/0498-jdiExfW.jpg,videos/0498-jdiExfW.gif,videos/0498-jdiExfW.gif,true,false
1419,iron cross stretch,exercisedb,1419,upper legs,upper legs,hamstrings,body weight,,"Lie flat on your back with your arms extended out to the sides. Raise your legs up towards the ceiling, keeping them straight. Slowly lower your legs to one side, aiming to touch the floor with your feet. Hold the stretch for a few seconds, then return your legs to the starting position. Repeat the stretch on the other side. Continue alternating sides for the desired number of repetitions.",images/1419-pZwUsKB.jpg,videos/1419-pZwUsKB.gif,videos/1419-pZwUsKB.gif,true,false
1297,isometric chest squeeze,exercisedb,1297,chest,chest,triceps,body weight,,"Stand with your feet shoulder-width apart and your knees slightly bent. Extend your arms straight out in front of you, parallel to the ground, with your palms facing each other. Squeeze your chest muscles together as hard as you can, while keeping your arms straight. Hold this position for a few seconds, focusing on contracting your chest muscles. Release the squeeze and relax your chest muscles. Repeat for the desired number of repetitions.",images/1297-HbSG1Pw.jpg,videos/1297-HbSG1Pw.gif,videos/1297-HbSG1Pw.gif,true,false
0500,isometric wipers,exercisedb,0500,chest,chest,shoulders,body weight,,"Start by lying flat on your back on a mat or bench. Extend your arms straight out to the sides, perpendicular to your body. Engage your core and lift both legs off the ground, keeping them together and straight. Slowly lower your legs to one side, aiming to touch the ground with your feet while maintaining control. Pause for a moment, then use your core to lift your legs back to the starting position. Repeat the movement, this time lowering your legs to the opposite side. Continue alternating sides for the desired number of repetitions.",images/0500-11wrviz.jpg,videos/0500-11wrviz.gif,videos/0500-11wrviz.gif,true,false
0501,jack burpee,exercisedb,0501,cardio,cardio,quadriceps,body weight,,"Start in a standing position with your feet shoulder-width apart. Lower your body into a squat position, placing your hands on the ground in front of you. Kick your feet back, landing in a push-up position. Perform a push-up, lowering your chest to the ground and then pushing back up. Jump your feet forward, landing in a squat position. Jump up explosively, reaching your arms overhead. Land softly and immediately lower back into the squat position to begin the next repetition.",images/0501-mr7pkqP.jpg,videos/0501-mr7pkqP.gif,videos/0501-mr7pkqP.gif,true,false
3224,jack jump (male),exercisedb,3224,cardio,cardio,quadriceps,body weight,,"Stand with your feet together and your arms by your sides. Jump up, spreading your feet apart and raising your arms above your head. As you land, quickly jump back to the starting position. Repeat for the desired number of repetitions.",images/3224-1g5bPpA.jpg,videos/3224-1g5bPpA.gif,videos/3224-1g5bPpA.gif,true,false
0507,jackknife sit-up,exercisedb,0507,waist,waist,hip flexors,body weight,,"Lie flat on your back with your legs extended and your arms overhead. Engage your core and lift your legs and upper body simultaneously, reaching your hands towards your toes. Pause for a moment at the top, then slowly lower your legs and upper body back down to the starting position. Repeat for the desired number of repetitions.",images/0507-mbkgB44.jpg,videos/0507-mbkgB44.gif,videos/0507-mbkgB44.gif,true,false
0508,janda sit-up,exercisedb,0508,waist,waist,hip flexors,body weight,,"Lie flat on your back with your knees bent and feet flat on the ground. Place your hands behind your head with your elbows pointing outwards. Engaging your abs, slowly lift your upper body off the ground, curling forward until your torso is at a 45-degree angle. Pause for a moment at the top, then slowly lower your upper body back down to the starting position. Repeat for the desired number of repetitions.",images/0508-1GPHRyK.jpg,videos/0508-1GPHRyK.gif,videos/0508-1GPHRyK.gif,true,false
2612,jump rope,exercisedb,2612,cardio,cardio,calves,rope,,"Hold the handles of the jump rope with your hands, palms facing inward. Stand with your feet shoulder-width apart and knees slightly bent. Swing the rope over your head and jump over it as it comes towards your feet. Land softly on the balls of your feet and repeat the jump as the rope comes around again. Continue jumping for the desired duration or number of repetitions.",images/2612-e1e76I2.jpg,videos/2612-e1e76I2.gif,videos/2612-e1e76I2.gif,true,false
0514,jump squat,exercisedb,0514,upper legs,upper legs,quadriceps,body weight,,"Stand with your feet shoulder-width apart. Lower your body into a squat position by bending your knees and pushing your hips back. Jump explosively off the ground, extending your hips, knees, and ankles. While in mid-air, quickly bring your arms forward for balance. Land softly on the balls of your feet and immediately go into the next repetition. Repeat for the desired number of repetitions.",images/0514-LIlE5Tn.jpg,videos/0514-LIlE5Tn.gif,videos/0514-LIlE5Tn.gif,true,false
0513,jump squat v. 2,exercisedb,0513,upper legs,upper legs,quadriceps,body weight,,"Stand with your feet shoulder-width apart. Lower your body into a squat position by bending your knees and pushing your hips back. Jump explosively, extending your hips and knees fully. Land softly on the balls of your feet and immediately lower your body back into a squat position. Repeat for the desired number of repetitions.",images/0513-TDYiji6.jpg,videos/0513-TDYiji6.gif,videos/0513-TDYiji6.gif,true,false
0517,kettlebell advanced windmill,exercisedb,0517,waist,waist,obliques,kettlebell,,"Stand with your feet wider than shoulder-width apart, toes pointing slightly outward. Hold a kettlebell in your right hand, with your arm extended overhead and your palm facing forward. Rotate your left foot slightly to the right, and shift your weight onto your left leg. Bend your left knee and hinge at the hip, lowering your torso towards the left side. Keep your right arm extended overhead and your eyes on the kettlebell. As you lower your torso, allow your right leg to straighten and your right foot to pivot slightly. Lower your torso until you feel a stretch in your left hamstring and your right arm is pointing towards the ground. Pause for a moment, then engage your core and push through your left heel to return to the starting position. Repeat for the desired number of repetitions, then switch sides.",images/0517-Kal9cQQ.jpg,videos/0517-Kal9cQQ.gif,videos/0517-Kal9cQQ.gif,true,false
0518,kettlebell alternating hang clean,exercisedb,0518,lower arms,lower arms,shoulders,kettlebell,,"Stand with your feet shoulder-width apart, holding a kettlebell in each hand with an overhand grip. Bend your knees slightly and hinge forward at the hips, keeping your back straight and chest up. Allow the kettlebells to hang in front of your body with your arms fully extended. In one fluid motion, explosively extend your hips, shrug your shoulders, and pull the kettlebells up towards your shoulders. As the kettlebells reach shoulder height, rotate your wrists and catch the kettlebells in the rack position, with your palms facing inward and the kettlebells resting on the outside of your forearms. Lower the kettlebells back down to the starting position and repeat the movement with the opposite arm. Continue alternating arms for the desired number of repetitions.",images/0518-I4tibZG.jpg,videos/0518-I4tibZG.gif,videos/0518-I4tibZG.gif,true,false
0520,kettlebell alternating press,exercisedb,0520,shoulders,shoulders,triceps,kettlebell,,"Stand with your feet shoulder-width apart, holding a kettlebell in each hand at shoulder height. Press one kettlebell overhead, fully extending your arm. Lower the kettlebell back to shoulder height. Repeat with the other arm. Continue alternating arms for the desired number of repetitions.",images/0520-5KLbZWx.jpg,videos/0520-5KLbZWx.gif,videos/0520-5KLbZWx.gif,true,false
0519,kettlebell alternating press on floor,exercisedb,0519,chest,chest,shoulders,kettlebell,,"Start by lying on your back on the floor with your knees bent and feet flat on the ground. Hold a kettlebell in each hand, with your palms facing towards your feet and your arms extended straight up towards the ceiling. Lower one kettlebell down towards your shoulder while keeping the other kettlebell extended straight up. Press the lowered kettlebell back up to the starting position while simultaneously lowering the other kettlebell down towards your shoulder. Continue alternating the press motion with each kettlebell for the desired number of repetitions.",images/0519-7w6i0vE.jpg,videos/0519-7w6i0vE.gif,videos/0519-7w6i0vE.gif,true,false
0521,kettlebell alternating renegade row,exercisedb,0521,back,back,core,kettlebell,,"Start in a high plank position with your hands gripping the kettlebells and your feet hip-width apart. Engage your core and keep your body in a straight line from head to heels. Pull one kettlebell up towards your chest, keeping your elbow close to your body. Lower the kettlebell back down to the starting position and repeat with the other arm. Continue alternating arms for the desired number of repetitions.",images/0521-b9kqlBy.jpg,videos/0521-b9kqlBy.gif,videos/0521-b9kqlBy.gif,true,false
0522,kettlebell alternating row,exercisedb,0522,back,back,biceps,kettlebell,,"Stand with your feet shoulder-width apart, knees slightly bent, and hold a kettlebell in each hand with your palms facing your body. Bend forward at the hips, keeping your back straight and your core engaged. Pull one kettlebell up towards your chest, keeping your elbow close to your body and squeezing your shoulder blades together. Lower the kettlebell back down to the starting position and repeat with the other arm. Continue alternating arms for the desired number of repetitions.",images/0522-Ca76jUE.jpg,videos/0522-Ca76jUE.gif,videos/0522-Ca76jUE.gif,true,false
0523,kettlebell arnold press,exercisedb,0523,shoulders,shoulders,triceps,kettlebell,,"Stand with your feet shoulder-width apart, holding a kettlebell in each hand at shoulder height with your palms facing towards you. Engage your core and press the kettlebells overhead, rotating your palms to face forward as you extend your arms. Pause at the top of the movement, then slowly lower the kettlebells back to the starting position. Repeat for the desired number of repetitions.",images/0523-UM8mgyG.jpg,videos/0523-UM8mgyG.gif,videos/0523-UM8mgyG.gif,true,false
0524,kettlebell bent press,exercisedb,0524,waist,waist,shoulders,kettlebell,,"Stand with your feet shoulder-width apart, holding a kettlebell in your right hand. Bend your knees slightly and press the kettlebell overhead with your right arm, keeping your elbow locked. Rotate your torso to the left, shifting your weight onto your left foot. Bend your left knee and lower your torso towards the ground, keeping your right arm extended overhead. As you lower, keep your eyes on the kettlebell and your chest lifted. Once your left hand touches the ground, push through your left foot and straighten your left leg, driving your hips forward. As you drive your hips forward, use your core and right arm to press the kettlebell back up to the starting position. Repeat for the desired number of repetitions, then switch sides.",images/0524-kjE55n5.jpg,videos/0524-kjE55n5.gif,videos/0524-kjE55n5.gif,true,false
0525,kettlebell bottoms up clean from the hang position,exercisedb,0525,upper arms,upper arms,forearms,kettlebell,,"Stand with your feet shoulder-width apart, holding a kettlebell in one hand with an overhand grip. Bend your knees slightly and hinge forward at the hips, keeping your back straight and chest up. Allow the kettlebell to hang down between your legs, with your arm fully extended. In one fluid motion, explosively extend your hips and knees while pulling the kettlebell up towards your shoulder. As the kettlebell reaches shoulder height, rotate your wrist so that the bottom of the kettlebell is facing up. Catch the kettlebell at shoulder height with your elbow bent and your palm facing up. Lower the kettlebell back down to the starting position by reversing the movement. Repeat for the desired number of repetitions, then switch sides.",images/0525-4KJEpzb.jpg,videos/0525-4KJEpzb.gif,videos/0525-4KJEpzb.gif,true,false
0526,kettlebell double alternating hang clean,exercisedb,0526,upper arms,upper arms,forearms,kettlebell,,"Stand with your feet shoulder-width apart, holding a kettlebell in each hand with an overhand grip. Bend your knees slightly and hinge forward at the hips, keeping your back straight and chest up. Allow the kettlebells to hang straight down in front of your body. In one fluid motion, explosively extend your hips and knees while shrugging your shoulders. As the kettlebells rise, pull them up towards your shoulders, keeping your elbows high and out to the sides. Catch the kettlebells at shoulder height, with your palms facing inward and your elbows pointing forward. Lower the kettlebells back down to the starting position and repeat for the desired number of repetitions.",images/0526-a4F9Oyc.jpg,videos/0526-a4F9Oyc.gif,videos/0526-a4F9Oyc.gif,true,false
0527,kettlebell double jerk,exercisedb,0527,shoulders,shoulders,triceps,kettlebell,,"Stand with your feet shoulder-width apart, holding a kettlebell in each hand at shoulder height. Bend your knees slightly and engage your core. Press the kettlebells overhead, fully extending your arms. Bend your knees and quickly drop into a partial squat. Explosively extend your hips and knees, driving the kettlebells overhead. Lock out your arms and catch the kettlebells overhead with your knees slightly bent. Stand up straight and return to the starting position. Repeat for the desired number of repetitions.",images/0527-tznL2Ad.jpg,videos/0527-tznL2Ad.gif,videos/0527-tznL2Ad.gif,true,false
0528,kettlebell double push press,exercisedb,0528,shoulders,shoulders,triceps,kettlebell,,"Start by standing with your feet shoulder-width apart, holding a kettlebell in each hand at shoulder height. Bend your knees slightly and engage your core. Initiate the movement by explosively extending your hips, knees, and ankles, driving the kettlebells overhead. As the kettlebells reach the top, press them fully overhead, locking out your arms. Lower the kettlebells back to the starting position by bending your elbows and bringing them back down to shoulder height. Repeat for the desired number of repetitions.",images/0528-I4KkPdl.jpg,videos/0528-I4KkPdl.gif,videos/0528-I4KkPdl.gif,true,false
0529,kettlebell double snatch,exercisedb,0529,shoulders,shoulders,trapezius,kettlebell,,"Stand with your feet shoulder-width apart, holding a kettlebell in each hand at arm's length in front of your thighs. Bend your knees slightly and hinge forward at the hips, keeping your back flat and chest up. In one explosive motion, extend your hips, knees, and ankles, and simultaneously pull the kettlebells up towards your shoulders. As the kettlebells reach shoulder level, rotate your wrists and punch the kettlebells overhead, fully extending your arms. Lower the kettlebells back down to the starting position and repeat for the desired number of repetitions.",images/0529-M74kdvm.jpg,videos/0529-M74kdvm.gif,videos/0529-M74kdvm.gif,true,false
0530,kettlebell double windmill,exercisedb,0530,waist,waist,shoulders,kettlebell,,"Stand with your feet shoulder-width apart, holding a kettlebell in your right hand. Extend your right arm overhead, keeping your eyes on the kettlebell. Rotate your left foot 45 degrees to the left and your right foot 90 degrees to the right. Bend at the waist to the left, keeping your right arm extended overhead. Lower the kettlebell towards the ground, reaching towards your left foot. Pause for a moment, then engage your core and push through your right foot to return to the starting position. Repeat for the desired number of repetitions, then switch sides.",images/0530-OaE7CpD.jpg,videos/0530-OaE7CpD.gif,videos/0530-OaE7CpD.gif,true,false
0531,kettlebell extended range one arm press on floor,exercisedb,0531,chest,chest,triceps,kettlebell,,"Start by lying on your back on the floor with your knees bent and feet flat on the ground. Hold a kettlebell in one hand, with your palm facing towards your feet. Extend your arm straight up towards the ceiling, keeping your elbow locked and your wrist straight. Slowly lower the kettlebell back down to the starting position, maintaining control throughout the movement. Repeat for the desired number of repetitions, then switch to the other arm.",images/0531-rseLfH3.jpg,videos/0531-rseLfH3.gif,videos/0531-rseLfH3.gif,true,false
0532,kettlebell figure 8,exercisedb,0532,waist,waist,shoulders,kettlebell,,"Stand with your feet shoulder-width apart, holding a kettlebell in one hand. Bend your knees slightly and hinge forward at the hips, keeping your back straight. Pass the kettlebell between your legs, switching hands as it reaches the back of your legs. As the kettlebell comes forward, pass it to the other hand between your legs. Continue passing the kettlebell between your legs in a figure 8 motion. Maintain a steady pace and engage your core throughout the exercise. Repeat for the desired number of repetitions.",images/0532-L4ay0PW.jpg,videos/0532-L4ay0PW.gif,videos/0532-L4ay0PW.gif,true,false
0533,kettlebell front squat,exercisedb,0533,upper legs,upper legs,quadriceps,kettlebell,,"Stand with your feet shoulder-width apart, toes slightly turned out. Hold the kettlebell with both hands in front of your chest, close to your body. Engage your core and keep your chest up as you lower your hips down and back, as if sitting into a chair. Lower until your thighs are parallel to the ground, or as low as you can comfortably go. Drive through your heels to stand back up, squeezing your glutes at the top. Repeat for the desired number of repetitions.",images/0533-DB0n8AG.jpg,videos/0533-DB0n8AG.gif,videos/0533-DB0n8AG.gif,true,false
0534,kettlebell goblet squat,exercisedb,0534,upper legs,upper legs,quadriceps,kettlebell,,"Stand with your feet shoulder-width apart, holding a kettlebell close to your chest with both hands. Keeping your chest up and core engaged, lower your body down into a squat position by bending at the knees and hips. Continue lowering until your thighs are parallel to the ground, or as low as you can comfortably go. Pause for a moment at the bottom, then push through your heels to return to the starting position. Repeat for the desired number of repetitions.",images/0534-ZA8b5hc.jpg,videos/0534-ZA8b5hc.gif,videos/0534-ZA8b5hc.gif,true,false
0535,kettlebell hang clean,exercisedb,0535,upper legs,upper legs,glutes,kettlebell,,"Stand with your feet shoulder-width apart, holding a kettlebell in front of your thighs. Bend your knees slightly and hinge forward at the hips, keeping your back straight. Lower the kettlebell towards the ground, allowing it to swing between your legs. Quickly extend your hips and knees, using the momentum to swing the kettlebell up to shoulder height. As the kettlebell reaches shoulder height, rotate your wrists and catch the kettlebell in the rack position, with your elbow tucked in and the kettlebell resting on your forearm. Lower the kettlebell back down to the starting position between your legs, and repeat for the desired number of repetitions.",images/0535-LHWF7us.jpg,videos/0535-LHWF7us.gif,videos/0535-LHWF7us.gif,true,false
0536,kettlebell lunge pass through,exercisedb,0536,upper legs,upper legs,quadriceps,kettlebell,,"Stand with your feet shoulder-width apart, holding a kettlebell in front of your chest with both hands. Take a step forward with your right foot, lowering your body into a lunge position. As you lunge forward, pass the kettlebell under your right thigh and transfer it to your left hand. Push off with your right foot to return to the starting position, while simultaneously passing the kettlebell back to your right hand. Repeat the lunge on the opposite side, passing the kettlebell under your left thigh. Continue alternating lunges and passing the kettlebell between hands for the desired number of repetitions.",images/0536-WKMQzCD.jpg,videos/0536-WKMQzCD.gif,videos/0536-WKMQzCD.gif,true,false
0537,kettlebell one arm clean and jerk,exercisedb,0537,shoulders,shoulders,triceps,kettlebell,,"Stand with your feet shoulder-width apart, holding a kettlebell in one hand with an overhand grip. Bend your knees slightly and hinge at the hips, lowering the kettlebell between your legs. Explosively extend your hips, knees, and ankles, using the momentum to swing the kettlebell up to shoulder height. As the kettlebell reaches shoulder height, rotate your wrist and punch your hand straight up, locking out your arm overhead. Lower the kettlebell back down to the starting position and repeat for the desired number of repetitions.",images/0537-vzAxBtt.jpg,videos/0537-vzAxBtt.gif,videos/0537-vzAxBtt.gif,true,false
1298,kettlebell one arm floor press,exercisedb,1298,chest,chest,triceps,kettlebell,,"Lie flat on your back on the floor with your knees bent and feet flat on the ground. Hold the kettlebell in one hand with your palm facing towards your feet and your arm extended straight up towards the ceiling. Slowly lower the kettlebell towards your chest by bending your elbow, keeping your upper arm close to your body. Pause for a moment when the kettlebell is just above your chest, then push it back up to the starting position by extending your elbow. Repeat for the desired number of repetitions, then switch to the other arm.",images/1298-rg59QCH.jpg,videos/1298-rg59QCH.gif,videos/1298-rg59QCH.gif,true,false
0538,kettlebell one arm jerk,exercisedb,0538,shoulders,shoulders,triceps,kettlebell,,"Stand with your feet shoulder-width apart, holding a kettlebell in one hand at shoulder height. Bend your knees slightly and engage your core. Press the kettlebell overhead in a straight line, fully extending your arm. As you press the kettlebell overhead, simultaneously dip your knees and quickly straighten them to generate momentum. As the kettlebell reaches its highest point, quickly drop underneath it by bending your knees and hips. Catch the kettlebell with a slight bend in your knees and hips, and your arm fully extended overhead. Stand up straight, fully extending your knees and hips, and stabilize the kettlebell overhead. Lower the kettlebell back to the starting position by bending your knees and hips, and repeat for the desired number of repetitions.",images/0538-S37C94C.jpg,videos/0538-S37C94C.gif,videos/0538-S37C94C.gif,true,false
0539,kettlebell one arm military press to the side,exercisedb,0539,shoulders,shoulders,triceps,kettlebell,,"Stand with your feet shoulder-width apart, holding a kettlebell in one hand at shoulder height. Engage your core and keep your back straight. Press the kettlebell overhead, extending your arm fully. Pause for a moment at the top, then slowly lower the kettlebell back to the starting position. Repeat for the desired number of repetitions, then switch sides.",images/0539-yCvYdi7.jpg,videos/0539-yCvYdi7.gif,videos/0539-yCvYdi7.gif,true,false
0540,kettlebell one arm push press,exercisedb,0540,shoulders,shoulders,triceps,kettlebell,,"Stand with your feet shoulder-width apart, holding a kettlebell in one hand at shoulder level. Bend your knees slightly and engage your core. Press the kettlebell overhead by extending your arm and fully extending your legs. Lower the kettlebell back to the starting position by bending your knees and bringing the kettlebell back to your shoulder. Repeat for the desired number of repetitions, then switch sides.",images/0540-osdXT3K.jpg,videos/0540-osdXT3K.gif,videos/0540-osdXT3K.gif,true,false
0541,kettlebell one arm row,exercisedb,0541,back,back,biceps,kettlebell,,"Stand with your feet shoulder-width apart, holding a kettlebell in one hand with an overhand grip. Bend your knees slightly and hinge forward at the hips, keeping your back straight and your core engaged. Pull the kettlebell up towards your chest, keeping your elbow close to your body and squeezing your shoulder blades together. Pause for a moment at the top, then slowly lower the kettlebell back down to the starting position. Repeat for the desired number of repetitions, then switch sides and repeat with the other arm.",images/0541-g9AsZ8P.jpg,videos/0541-g9AsZ8P.gif,videos/0541-g9AsZ8P.gif,true,false
0542,kettlebell one arm snatch,exercisedb,0542,shoulders,shoulders,trapezius,kettlebell,,"Stand with your feet shoulder-width apart, holding a kettlebell in one hand between your legs. Bend your knees slightly and hinge at the hips, lowering the kettlebell towards the ground. Explosively extend your hips and knees, using the momentum to swing the kettlebell up towards your shoulder. As the kettlebell reaches shoulder height, rotate your hand and punch it straight up overhead, fully extending your arm. Lower the kettlebell back down between your legs and repeat for the desired number of repetitions.",images/0542-aXcUyKb.jpg,videos/0542-aXcUyKb.gif,videos/0542-aXcUyKb.gif,true,false
0543,kettlebell pirate supper legs,exercisedb,0543,shoulders,shoulders,triceps,kettlebell,,"Stand with your feet shoulder-width apart, holding a kettlebell in one hand. Bend your knees slightly and hinge forward at the hips, keeping your back straight. Raise the kettlebell up to shoulder height, keeping your elbow close to your body. Extend your arm fully overhead, straightening your elbow. Lower the kettlebell back down to shoulder height, then return to the starting position. Repeat for the desired number of repetitions, then switch sides.",images/0543-kuXhl0o.jpg,videos/0543-kuXhl0o.gif,videos/0543-kuXhl0o.gif,true,false
0544,kettlebell pistol squat,exercisedb,0544,upper legs,upper legs,quadriceps,kettlebell,,"Stand with your feet shoulder-width apart, holding a kettlebell in front of your chest with both hands. Lift your left foot off the ground and extend it forward, keeping it parallel to the ground. Slowly lower your body down into a squat position, keeping your right foot flat on the ground and your left leg extended. Pause for a moment at the bottom of the squat, then push through your right heel to return to the starting position. Repeat for the desired number of repetitions, then switch legs.",images/0544-5bpPTHv.jpg,videos/0544-5bpPTHv.gif,videos/0544-5bpPTHv.gif,true,false
0545,kettlebell plyo push-up,exercisedb,0545,chest,chest,triceps,kettlebell,,"Start in a high plank position with your hands on the kettlebells, shoulder-width apart. Lower your chest towards the ground, keeping your elbows close to your body. Push through your hands explosively, lifting your hands off the kettlebells and extending your arms fully. Land softly back on the kettlebells and immediately lower your chest back down for the next repetition. Repeat for the desired number of repetitions.",images/0545-ktf3nvW.jpg,videos/0545-ktf3nvW.gif,videos/0545-ktf3nvW.gif,true,false
0546,kettlebell seated press,exercisedb,0546,shoulders,shoulders,triceps,kettlebell,,"Sit on a bench with your back straight and feet flat on the ground. Hold a kettlebell in each hand at shoulder height, palms facing forward. Press the kettlebells overhead, fully extending your arms. Lower the kettlebells back to shoulder height. Repeat for the desired number of repetitions.",images/0546-BkxB8LW.jpg,videos/0546-BkxB8LW.gif,videos/0546-BkxB8LW.gif,true,false
1438,kettlebell seated two arm military press,exercisedb,1438,shoulders,shoulders,triceps,kettlebell,,"Sit on a bench with your back straight and feet flat on the ground. Hold a kettlebell in each hand at shoulder level with your palms facing forward. Press the kettlebells overhead by extending your arms fully. Pause for a moment at the top, then slowly lower the kettlebells back to shoulder level. Repeat for the desired number of repetitions.",images/1438-ZEkjZDi.jpg,videos/1438-ZEkjZDi.gif,videos/1438-ZEkjZDi.gif,true,false
0547,kettlebell seesaw press,exercisedb,0547,shoulders,shoulders,triceps,kettlebell,,"Stand with your feet shoulder-width apart, holding a kettlebell in each hand at shoulder height. Press one kettlebell overhead while keeping the other kettlebell at shoulder height. Lower the pressed kettlebell back to shoulder height while simultaneously pressing the other kettlebell overhead. Continue alternating the pressing motion, creating a seesaw-like movement. Repeat for the desired number of repetitions.",images/0547-UDm6cGl.jpg,videos/0547-UDm6cGl.gif,videos/0547-UDm6cGl.gif,true,false
0548,kettlebell sumo high pull,exercisedb,0548,back,back,shoulders,kettlebell,,"Stand with your feet wider than shoulder-width apart, toes pointing outwards. Hold a kettlebell with both hands in front of your body, arms extended downwards. Bend your knees and lower your hips into a squat position, keeping your back straight. Drive through your heels and explosively extend your hips and knees, pulling the kettlebell up towards your chin. As you pull the kettlebell up, keep your elbows high and wide, and squeeze your shoulder blades together. Lower the kettlebell back down to the starting position and repeat for the desired number of repetitions.",images/0548-8ARQ9Hw.jpg,videos/0548-8ARQ9Hw.gif,videos/0548-8ARQ9Hw.gif,true,false
0549,kettlebell swing,exercisedb,0549,upper legs,upper legs,hamstrings,kettlebell,,"Stand with your feet shoulder-width apart, toes pointed slightly outward. Hold the kettlebell with both hands in front of your body, arms extended. Bend your knees slightly and hinge at the hips, pushing your butt back. Swing the kettlebell back between your legs, keeping your arms straight and maintaining a flat back. Drive your hips forward and swing the kettlebell up to shoulder height, using the momentum generated by your hips. Allow the kettlebell to swing back down between your legs and repeat the movement for the desired number of repetitions.",images/0549-UHJlbu3.jpg,videos/0549-UHJlbu3.gif,videos/0549-UHJlbu3.gif,true,false
0550,kettlebell thruster,exercisedb,0550,shoulders,shoulders,quadriceps,kettlebell,,"Start by standing with your feet shoulder-width apart, holding a kettlebell in front of your chest with both hands, palms facing each other. Lower into a squat position by bending your knees and pushing your hips back, keeping your chest up and your back straight. As you reach the bottom of the squat, explosively drive through your heels to stand up, simultaneously pressing the kettlebell overhead. Lock out your arms at the top of the movement, fully extending your elbows. Lower the kettlebell back to the starting position by reversing the movement, bending your elbows and lowering the weight back to your chest. Repeat for the desired number of repetitions.",images/0550-yWxMvB5.jpg,videos/0550-yWxMvB5.gif,videos/0550-yWxMvB5.gif,true,false
0551,kettlebell turkish get up (squat style),exercisedb,0551,upper legs,upper legs,quadriceps,kettlebell,,"Start by lying on your back with your legs extended and the kettlebell held in your right hand, arm fully extended above your shoulder. Bend your right knee and place your right foot flat on the ground, keeping your left leg extended. Pressing through your right foot, lift your hips off the ground, coming into a bridge position. Slide your left leg underneath your body, bending your left knee and placing your left foot flat on the ground. Rotate your torso to the left, bringing your left hand to the ground for support. Pressing through your right foot and left hand, lift your torso off the ground, coming into a kneeling position. From the kneeling position, stand up, keeping the kettlebell extended overhead. Reverse the movement to return to the starting position. Repeat the exercise on the other side, starting with the kettlebell in your left hand.",images/0551-Ha7SZ3y.jpg,videos/0551-Ha7SZ3y.gif,videos/0551-Ha7SZ3y.gif,true,false
0552,kettlebell two arm clean,exercisedb,0552,shoulders,shoulders,traps,kettlebell,,"Stand with your feet shoulder-width apart, holding a kettlebell in front of your thighs with both hands, palms facing towards you. Bend your knees slightly and hinge at the hips, lowering the kettlebell towards the ground. Explosively extend your hips and knees, using the momentum to pull the kettlebell up towards your shoulders. As the kettlebell reaches shoulder height, rotate your wrists and catch the kettlebell in the rack position, with your elbows tucked in and the kettlebell resting on the back of your forearm. Lower the kettlebell back down to the starting position and repeat for the desired number of repetitions.",images/0552-7Ba7bQ2.jpg,videos/0552-7Ba7bQ2.gif,videos/0552-7Ba7bQ2.gif,true,false
0553,kettlebell two arm military press,exercisedb,0553,shoulders,shoulders,triceps,kettlebell,,"Stand with your feet shoulder-width apart, holding a kettlebell in each hand at shoulder level with your palms facing forward. Engage your core and press the kettlebells overhead, fully extending your arms. Pause for a moment at the top, then slowly lower the kettlebells back to the starting position. Repeat for the desired number of repetitions.",images/0553-blBXysN.jpg,videos/0553-blBXysN.gif,videos/0553-blBXysN.gif,true,false
1345,kettlebell two arm row,exercisedb,1345,back,back,biceps,kettlebell,,"Stand with your feet shoulder-width apart, knees slightly bent, and hold a kettlebell in each hand with your palms facing your body. Bend forward at the hips, keeping your back straight and your core engaged. Pull the kettlebells up towards your chest, squeezing your shoulder blades together. Pause for a moment at the top, then slowly lower the kettlebells back down to the starting position. Repeat for the desired number of repetitions.",images/1345-wf24o8S.jpg,videos/1345-wf24o8S.gif,videos/1345-wf24o8S.gif,true,false
0554,kettlebell windmill,exercisedb,0554,waist,waist,obliques,kettlebell,,"Stand with your feet shoulder-width apart, holding a kettlebell in your right hand overhead. Rotate your left foot outwards about 45 degrees and keep your right foot pointing forward. Bend your torso to the left side, keeping your right arm extended overhead and your eyes on the kettlebell. Lower your torso as far as you can while keeping your right arm straight and your left arm extended to the side. Pause for a moment, then return to the starting position by pushing through your right foot and engaging your obliques. Repeat for the desired number of repetitions, then switch sides.",images/0554-9Tkqa9O.jpg,videos/0554-9Tkqa9O.gif,videos/0554-9Tkqa9O.gif,true,false
0555,kick out sit,exercisedb,0555,upper legs,upper legs,quadriceps,body weight,,"Sit on the edge of a bench or chair with your feet flat on the ground and your knees bent at a 90-degree angle. Lean back slightly and place your hands on the edge of the bench or chair for support. Engaging your hamstrings, lift your feet off the ground and extend your legs straight out in front of you. Pause for a moment at the top, then slowly bend your knees and bring your feet back towards your body. Repeat for the desired number of repetitions.",images/0555-v7p5bYl.jpg,videos/0555-v7p5bYl.gif,videos/0555-v7p5bYl.gif,true,false
0558,kipping muscle up,exercisedb,0558,back,back,biceps,body weight,,"Start by hanging from a pull-up bar with an overhand grip, hands slightly wider than shoulder-width apart. Engage your core and use a swinging motion to generate momentum. As you swing forward, pull your chest towards the bar, using your lats and biceps to initiate the movement. Continue the upward motion until your chest reaches the bar, then transition into a dip position by pushing down on the bar and extending your arms. Lower yourself back down to the starting position by bending your arms and controlling the descent. Repeat for the desired number of repetitions.",images/0558-pM07UxU.jpg,videos/0558-pM07UxU.gif,videos/0558-pM07UxU.gif,true,false
3640,knee touch crunch,exercisedb,3640,waist,waist,hip flexors,body weight,,"Lie flat on your back with your knees bent and feet flat on the ground. Place your hands behind your head with your elbows pointing outwards. Engaging your abs, lift your shoulder blades off the ground and reach your right hand towards your left knee. Return to the starting position and repeat, this time reaching your left hand towards your right knee. Continue alternating sides for the desired number of repetitions.",images/3640-dTg95eZ.jpg,videos/3640-dTg95eZ.gif,videos/3640-dTg95eZ.gif,true,false
1420,kneeling jump squat,exercisedb,1420,upper legs,upper legs,quadriceps,barbell,,"Start by kneeling on the ground with your feet hip-width apart and your toes pointing forward. Hold a barbell across your upper back, resting it on your shoulders. Engage your core and glutes, then explosively jump up into the air, extending your hips and knees. As you jump, push through your toes and fully extend your ankles, knees, and hips. Land softly back on the ground, bending your knees to absorb the impact. Immediately go into the next repetition, repeating the jump squat motion.",images/1420-UgDm3oy.jpg,videos/1420-UgDm3oy.gif,videos/1420-UgDm3oy.gif,true,false
1346,kneeling lat stretch,exercisedb,1346,back,back,shoulders,body weight,,"Kneel on the ground with your knees hip-width apart and your toes pointing back. Extend your arms overhead and interlace your fingers. Keeping your back straight, slowly lean to the right side, feeling a stretch in your left lat muscle. Hold the stretch for 20-30 seconds, then return to the starting position. Repeat the stretch on the left side, leaning to the left and feeling a stretch in your right lat muscle. Continue alternating sides for the desired number of repetitions.",images/1346-f38OEuO.jpg,videos/1346-f38OEuO.gif,videos/1346-f38OEuO.gif,true,false
3239,kneeling plank tap shoulder (male),exercisedb,3239,waist,waist,shoulders,body weight,,"Start in a kneeling position with your hands on the ground, shoulder-width apart. Extend your legs behind you, resting on your toes, and lift your body into a plank position. Keeping your core engaged and your hips stable, lift one hand off the ground and tap the opposite shoulder. Return the hand to the ground and repeat with the other hand. Continue alternating sides for the desired number of repetitions.",images/3239-h1ezqSu.jpg,videos/3239-h1ezqSu.gif,videos/3239-h1ezqSu.gif,true,false
3211,kneeling push-up (male),exercisedb,3211,chest,chest,triceps,body weight,,"Start by kneeling on the ground with your hands shoulder-width apart, fingers pointing forward. Extend your legs behind you, resting on the balls of your feet, so that your body forms a straight line from head to heels. Engage your core and lower your body towards the ground by bending your elbows, keeping them close to your sides. Continue lowering until your chest is just above the ground, then push back up to the starting position by straightening your arms. Repeat for the desired number of repetitions.",images/3211-ZOuKWir.jpg,videos/3211-ZOuKWir.gif,videos/3211-ZOuKWir.gif,true,false
3288,korean dips,exercisedb,3288,chest,chest,triceps,body weight,,"Position yourself between two parallel bars with your arms extended and supporting your body weight. Lower your body by bending your elbows until your upper arms are parallel to the ground. Pause for a moment, then push yourself back up to the starting position by straightening your arms. Repeat for the desired number of repetitions.",images/3288-rWoBmi5.jpg,videos/3288-rWoBmi5.gif,videos/3288-rWoBmi5.gif,true,false
3418,l-pull-up,exercisedb,3418,back,back,biceps,body weight,,"Grab the pull-up bar with an overhand grip, slightly wider than shoulder-width apart. Hang with your arms fully extended and your body straight. Engage your lats and biceps to pull your body up towards the bar, keeping your elbows close to your body. Continue pulling until your chin is above the bar. Pause for a moment at the top, then slowly lower your body back down to the starting position. Repeat for the desired number of repetitions.",images/3418-d1GgzTU.jpg,videos/3418-d1GgzTU.gif,videos/3418-d1GgzTU.gif,true,false
3419,l-sit on floor,exercisedb,3419,waist,waist,hip flexors,body weight,,"Sit on the floor with your legs extended in front of you. Place your hands on the floor beside your hips, fingers pointing forward. Engage your core and lift your legs off the ground, keeping them straight. Try to bring your legs parallel to the floor, forming an 'L' shape with your body. Hold this position for as long as you can. Slowly lower your legs back down to the starting position. Repeat for the desired number of repetitions.",images/3419-UpWmA5E.jpg,videos/3419-UpWmA5E.gif,videos/3419-UpWmA5E.gif,true,false
0562,landmine 180,exercisedb,0562,waist,waist,obliques,barbell,,"Stand with your feet shoulder-width apart and hold the barbell with both hands in front of your chest. Bend your knees slightly and rotate your torso to the right, swinging the barbell down towards your right hip. As you reach the bottom of the movement, quickly reverse the motion and rotate your torso to the left, swinging the barbell up and across your body towards your left shoulder. Continue this twisting motion, alternating sides, for the desired number of repetitions.",images/0562-QYysSLV.jpg,videos/0562-QYysSLV.gif,videos/0562-QYysSLV.gif,true,false
3237,landmine lateral raise,exercisedb,3237,shoulders,shoulders,traps,barbell,,"Stand with your feet shoulder-width apart and knees slightly bent. Hold the barbell with an overhand grip, resting it on the front of your shoulders. Keeping your core engaged and back straight, lift the barbell up and away from your body, raising it to shoulder height. Pause for a moment at the top, then slowly lower the barbell back down to the starting position. Repeat for the desired number of repetitions.",images/3237-eXMFHww.jpg,videos/3237-eXMFHww.gif,videos/3237-eXMFHww.gif,true,false
3300,lean planche,exercisedb,3300,waist,waist,shoulders,body weight,,"Start in a push-up position with your hands shoulder-width apart and your body straight. Engage your core and slowly shift your weight forward, bringing your shoulders past your hands. Keep your elbows slightly bent and your body straight as you lean forward. Hold this position for a few seconds, then slowly return to the starting position. Repeat for the desired number of repetitions.",images/3300-LYJodFS.jpg,videos/3300-LYJodFS.gif,videos/3300-LYJodFS.gif,true,false
2271,left hook. boxing,exercisedb,2271,shoulders,shoulders,biceps,body weight,,Stand with your feet shoulder-width apart and your knees slightly bent. Keep your left hand up to protect your face and your right hand by your chin. Rotate your hips and pivot on your left foot as you extend your left arm forward in a punching motion. Twist your torso and engage your core muscles to generate power in the punch. Snap your arm back to the starting position and repeat for the desired number of repetitions.,images/2271-hoXt6wv.jpg,videos/2271-hoXt6wv.gif,videos/2271-hoXt6wv.gif,true,false
0570,leg pull in flat bench,exercisedb,0570,waist,waist,hip flexors,body weight,,"Sit on a flat bench with your legs extended straight out in front of you. Place your hands on the bench beside your hips for support. Engage your abs and lift your legs off the ground, bringing your knees towards your chest. Pause for a moment at the top, then slowly lower your legs back down to the starting position. Repeat for the desired number of repetitions.",images/0570-OyoZ3Pu.jpg,videos/0570-OyoZ3Pu.gif,videos/0570-OyoZ3Pu.gif,true,false
1576,leg up hamstring stretch,exercisedb,1576,upper legs,upper legs,glutes,body weight,,"Lie flat on your back with your legs extended. Bend one knee and bring it towards your chest, holding onto your thigh or shin. Straighten your leg as much as possible while keeping it elevated. Hold the stretch for 20-30 seconds. Repeat with the other leg.",images/1576-sU5BrfP.jpg,videos/1576-sU5BrfP.gif,videos/1576-sU5BrfP.gif,true,false
2287,lever alternate leg press,exercisedb,2287,upper legs,upper legs,hamstrings,leverage machine,,"Adjust the seat and foot platform of the leverage machine to your desired position. Sit on the machine with your back against the backrest and your feet on the foot platform. Place your hands on the handles or sides of the machine for stability. Push one foot against the foot platform, extending your leg until it is almost fully straight. Pause for a moment, then slowly bend your leg and return to the starting position. Repeat with the other leg. Continue alternating legs for the desired number of repetitions.",images/2287-V07qpXy.jpg,videos/2287-V07qpXy.gif,videos/2287-V07qpXy.gif,true,false
0571,lever alternating narrow grip seated row,exercisedb,0571,back,back,biceps,leverage machine,,"Adjust the seat height and footplate position to ensure proper alignment. Sit on the machine with your back straight and feet flat on the footplate. Grasp the handles with a narrow grip, palms facing each other. Keep your chest up and shoulders back throughout the exercise. Pull one handle towards your torso while keeping the other handle stationary. Squeeze your shoulder blades together at the end of the movement. Slowly return the handle to the starting position and repeat with the other side. Continue alternating sides for the desired number of repetitions.",images/0571-w2oRpuH.jpg,videos/0571-w2oRpuH.gif,videos/0571-w2oRpuH.gif,true,false
0572,lever assisted chin-up,exercisedb,0572,back,back,biceps,leverage machine,,"Adjust the leverage machine to your desired resistance level. Stand on the foot platform and grip the handles with an overhand grip, slightly wider than shoulder-width apart. Hang with your arms fully extended, keeping your body straight. Engage your back muscles and pull your body up towards the handles, leading with your chest. Continue pulling until your chin is above the handles. Pause for a moment at the top, then slowly lower your body back down to the starting position. Repeat for the desired number of repetitions.",images/0572-MaMuGH6.jpg,videos/0572-MaMuGH6.gif,videos/0572-MaMuGH6.gif,true,false
0573,lever back extension,exercisedb,0573,back,back,glutes,leverage machine,,"Adjust the machine to fit your body size and range of motion. Sit on the machine with your back against the pad and your feet secured. Place your hands on the handles or grip bars. Engage your core and slowly lean forward, allowing your back to round slightly. Pause for a moment at the bottom position, feeling a stretch in your lower back. Using your back muscles, slowly raise your torso back to the starting position. Repeat for the desired number of repetitions.",images/0573-rUXfn3R.jpg,videos/0573-rUXfn3R.gif,videos/0573-rUXfn3R.gif,true,false
0574,lever bent over row,exercisedb,0574,back,back,biceps,barbell,,"Stand with your feet shoulder-width apart and knees slightly bent. Hold the barbell with an overhand grip, hands slightly wider than shoulder-width apart. Bend forward at the hips, keeping your back straight and chest up. Pull the barbell towards your lower chest, squeezing your shoulder blades together. Pause for a moment at the top, then slowly lower the barbell back to the starting position. Repeat for the desired number of repetitions.",images/0574-X3cqyXz.jpg,videos/0574-X3cqyXz.gif,videos/0574-X3cqyXz.gif,true,false
3200,lever bent-over row with v-bar,exercisedb,3200,back,back,biceps,leverage machine,,"Adjust the seat height and position yourself facing the machine. Grasp the v-bar with an overhand grip, keeping your back straight and your knees slightly bent. Pull the v-bar towards your abdomen, squeezing your shoulder blades together. Pause for a moment at the top of the movement, then slowly release the weight back to the starting position. Repeat for the desired number of repetitions.",images/3200-LuBEORI.jpg,videos/3200-LuBEORI.gif,videos/3200-LuBEORI.gif,true,false
0575,lever bicep curl,exercisedb,0575,upper arms,upper arms,forearms,leverage machine,,"Adjust the seat height and position yourself on the machine with your back against the pad. Grasp the handles with an underhand grip, palms facing up, and keep your elbows close to your sides. Exhale and curl the handles upward, contracting your biceps. Pause for a moment at the top of the movement, squeezing your biceps. Inhale and slowly lower the handles back to the starting position, fully extending your arms. Repeat for the desired number of repetitions.",images/0575-q6y3OhV.jpg,videos/0575-q6y3OhV.gif,videos/0575-q6y3OhV.gif,true,false
2289,lever calf press,exercisedb,2289,lower legs,lower legs,hamstrings,leverage machine,,"Adjust the seat of the leverage machine so that your shoulders are aligned with the lever pad. Place your toes on the lever pad, with your heels hanging off the edge. Grasp the handles or side supports for stability. Push the lever pad down by extending your ankles, contracting your calf muscles. Pause for a moment at the bottom of the movement. Slowly return to the starting position by allowing your heels to rise back up. Repeat for the desired number of repetitions.",images/2289-7B4F5nZ.jpg,videos/2289-7B4F5nZ.gif,videos/2289-7B4F5nZ.gif,true,false
0577,lever chest press,exercisedb,0577,chest,chest,triceps,leverage machine,,"Adjust the seat height and position yourself on the machine with your back flat against the pad. Grasp the handles with an overhand grip and position your elbows at a 90-degree angle. Push the handles forward until your arms are fully extended, exhaling during the movement. Pause briefly at the end of the movement, then slowly return to the starting position, inhaling as you do so. Repeat for the desired number of repetitions.",images/0577-T0yTjgW.jpg,videos/0577-T0yTjgW.gif,videos/0577-T0yTjgW.gif,true,false
0576,lever chest press,exercisedb,0576,chest,chest,triceps,leverage machine,,"Adjust the seat height and position yourself on the machine with your back flat against the pad. Grasp the handles with an overhand grip and position your elbows at a 90-degree angle. Push the handles forward until your arms are fully extended, exhaling during the movement. Pause briefly at the end of the movement, then slowly return to the starting position, inhaling as you do so. Repeat for the desired number of repetitions.",images/0576-DOoWcnA.jpg,videos/0576-DOoWcnA.gif,videos/0576-DOoWcnA.gif,true,false
0578,lever deadlift,exercisedb,0578,upper legs,upper legs,hamstrings,leverage machine,,"Adjust the seat height and foot platform to your desired position. Sit on the machine with your back against the pad and your feet flat on the foot platform. Grasp the handles or the sides of the seat for stability. Engage your glutes and hamstrings, and push through your heels to lift the weight up. Keep your back straight and avoid rounding your shoulders. Extend your hips fully at the top of the movement, squeezing your glutes. Lower the weight back down in a controlled manner, keeping tension on your glutes and hamstrings. Repeat for the desired number of repetitions.",images/0578-GUT8I22.jpg,videos/0578-GUT8I22.gif,videos/0578-GUT8I22.gif,true,false
1300,lever decline chest press,exercisedb,1300,chest,chest,triceps,leverage machine,,"Adjust the seat height and backrest of the leverage machine to a comfortable position. Sit on the machine with your back against the backrest and your feet flat on the floor. Grasp the handles with an overhand grip and position your hands slightly wider than shoulder-width apart. Push the handles forward and away from your body until your arms are fully extended. Slowly lower the handles back towards your chest, keeping your elbows slightly bent. Pause for a moment at the bottom, then push the handles back to the starting position. Repeat for the desired number of repetitions.",images/1300-vsVoPHt.jpg,videos/1300-vsVoPHt.gif,videos/1300-vsVoPHt.gif,true,false
1253,lever donkey calf raise,exercisedb,1253,lower legs,lower legs,hamstrings,leverage machine,,"Adjust the leverage machine to the appropriate height for your body. Position yourself facing the machine, with your toes on the foot platform and your heels hanging off the edge. Place your hands on the handles or the support bars for stability. Engage your calves and lift your heels as high as possible, using the balls of your feet. Pause for a moment at the top, then slowly lower your heels back down to the starting position. Repeat for the desired number of repetitions.",images/1253-C9LuR4A.jpg,videos/1253-C9LuR4A.gif,videos/1253-C9LuR4A.gif,true,false
0579,lever front pulldown,exercisedb,0579,back,back,biceps,leverage machine,,"Adjust the seat height and position yourself on the machine with your knees under the pads and your feet flat on the ground. Grasp the handles with an overhand grip, slightly wider than shoulder-width apart. Sit upright with your chest lifted and your shoulders back, maintaining a slight arch in your lower back. Engage your lats and pull the handles down towards your chest, squeezing your shoulder blades together. Pause for a moment at the bottom of the movement, then slowly release the handles back to the starting position. Repeat for the desired number of repetitions.",images/0579-7F1DVzn.jpg,videos/0579-7F1DVzn.gif,videos/0579-7F1DVzn.gif,true,false
0580,lever gripless shrug,exercisedb,0580,back,back,shoulders,leverage machine,,"Adjust the seat height and position yourself on the leverage machine. Grasp the handles with your palms facing inwards and your arms fully extended. Keeping your back straight, exhale and elevate your shoulders as high as possible. Hold the contraction for a brief moment, then inhale and slowly lower your shoulders back down to the starting position. Repeat for the desired number of repetitions.",images/0580-f91FwXG.jpg,videos/0580-f91FwXG.gif,videos/0580-f91FwXG.gif,true,false
1439,lever gripless shrug v. 2,exercisedb,1439,back,back,shoulders,leverage machine,,"Adjust the seat height and position yourself on the machine with your back against the pad. Grasp the handles or bars with an overhand grip, keeping your arms straight. Keeping your back straight, lift your shoulders up towards your ears as high as possible. Hold the contraction for a moment, then slowly lower your shoulders back down to the starting position. Repeat for the desired number of repetitions.",images/1439-cbuFJrn.jpg,videos/1439-cbuFJrn.gif,videos/1439-cbuFJrn.gif,true,false
2288,lever gripper hands,exercisedb,2288,lower arms,lower arms,biceps,leverage machine,,"Adjust the seat height and grip the handles of the leverage machine. Keep your back straight and your feet flat on the ground. Exhale and squeeze the handles, contracting your forearms. Hold the contraction for a second, then slowly release and return to the starting position. Repeat for the desired number of repetitions.",images/2288-mKwcrHn.jpg,videos/2288-mKwcrHn.gif,videos/2288-mKwcrHn.gif,true,false
1615,lever hammer grip preacher curl,exercisedb,1615,upper arms,upper arms,forearms,leverage machine,,"Adjust the seat height and position yourself on the leverage machine. Place your upper arms on the preacher pad, ensuring your chest is pressed against it. Grasp the handles with a hammer grip (palms facing each other). Keeping your upper arms stationary, exhale and curl the handles towards your shoulders. Pause for a moment at the top, squeezing your biceps. Inhale and slowly lower the handles back to the starting position. Repeat for the desired number of repetitions.",images/1615-OAguZoG.jpg,videos/1615-OAguZoG.gif,videos/1615-OAguZoG.gif,true,false
0581,lever high row,exercisedb,0581,back,back,biceps,leverage machine,,"Adjust the seat height and foot platform to a comfortable position. Sit on the machine with your chest against the pad and your feet flat on the foot platform. Grasp the handles with an overhand grip, slightly wider than shoulder-width apart. Keep your back straight and engage your core. Pull the handles towards your body, squeezing your shoulder blades together. Pause for a moment at the peak of the movement, then slowly release the handles back to the starting position. Repeat for the desired number of repetitions.",images/0581-nZZZy9m.jpg,videos/0581-nZZZy9m.gif,videos/0581-nZZZy9m.gif,true,false
2286,lever hip extension v. 2,exercisedb,2286,upper legs,upper legs,hamstrings,leverage machine,,"Adjust the machine to fit your body and sit on it with your back against the backrest. Place your feet on the footrests and grip the handles for stability. Engage your glutes and hamstrings, then push against the footrests to extend your hips and raise your legs backward. Pause for a moment at the top, then slowly lower your legs back to the starting position. Repeat for the desired number of repetitions.",images/2286-OPqShYN.jpg,videos/2286-OPqShYN.gif,videos/2286-OPqShYN.gif,true,false
2611,lever horizontal one leg press,exercisedb,2611,upper legs,upper legs,quadriceps,leverage machine,,"Adjust the seat of the machine so that your knees are at a 90-degree angle when your feet are on the footplate. Sit on the machine with your back against the backrest and your feet shoulder-width apart on the footplate. Place your hands on the handles or sides of the machine for stability. Push the footplate away from your body by extending your leg, keeping your back against the backrest. Pause for a moment at the fully extended position, then slowly bend your leg to return to the starting position. Repeat for the desired number of repetitions, then switch legs.",images/2611-9KU9TYF.jpg,videos/2611-9KU9TYF.gif,videos/2611-9KU9TYF.gif,true,false
1299,lever incline chest press,exercisedb,1299,chest,chest,shoulders,leverage machine,,"Adjust the seat and backrest of the leverage machine to a comfortable position. Sit on the machine with your back against the backrest and your feet flat on the floor. Grasp the handles with an overhand grip and position your hands slightly wider than shoulder-width apart. Push the handles forward and away from your body until your arms are fully extended. Pause for a moment, then slowly bend your elbows and lower the handles back towards your chest. Repeat for the desired number of repetitions.",images/1299-jHAnWmT.jpg,videos/1299-jHAnWmT.gif,videos/1299-jHAnWmT.gif,true,false
1479,lever incline chest press v. 2,exercisedb,1479,chest,chest,triceps,leverage machine,,"Adjust the seat height and backrest angle on the leverage machine to a comfortable position. Sit on the machine with your back against the backrest and your feet flat on the floor. Grasp the handles with an overhand grip and position your hands slightly wider than shoulder-width apart. Push the handles forward and away from your body until your arms are fully extended, but without locking your elbows. Pause for a moment at the fully extended position, then slowly bend your elbows and lower the handles back towards your chest. Repeat for the desired number of repetitions.",images/1479-o17Jfkt.jpg,videos/1479-o17Jfkt.gif,videos/1479-o17Jfkt.gif,true,false
0582,lever kneeling leg curl,exercisedb,0582,upper legs,upper legs,glutes,leverage machine,,"Adjust the machine to fit your body and select the desired weight. Kneel on the machine facing downwards, with your knees resting on the pad and your feet secured under the footpads. Grasp the handles or the sides of the machine for stability. Keeping your upper body stationary, exhale and curl your legs up towards your glutes by flexing your knees. Pause for a moment at the top of the movement, squeezing your hamstrings. Inhale and slowly lower your legs back to the starting position, fully extending your knees. Repeat for the desired number of repetitions.",images/0582-nnmCTLN.jpg,videos/0582-nnmCTLN.gif,videos/0582-nnmCTLN.gif,true,false
0583,lever kneeling twist,exercisedb,0583,waist,waist,obliques,leverage machine,,"Adjust the seat height and position yourself on the machine with your knees resting on the pads and your upper body facing forward. Grasp the handles or the sides of the machine for stability. Keeping your core engaged, twist your torso to one side as far as comfortably possible. Pause for a moment, then slowly return to the starting position. Repeat the twist to the opposite side. Continue alternating sides for the desired number of repetitions.",images/0583-sZOR9EV.jpg,videos/0583-sZOR9EV.gif,videos/0583-sZOR9EV.gif,true,false
0584,lever lateral raise,exercisedb,0584,shoulders,shoulders,traps,leverage machine,,"Adjust the seat height and position yourself on the machine with your back against the pad. Grasp the handles with an overhand grip and keep your arms straight. Exhale and raise your arms out to the sides until they are parallel to the floor. Pause for a moment at the top, then inhale and slowly lower your arms back to the starting position. Repeat for the desired number of repetitions.",images/0584-dRTfGZT.jpg,videos/0584-dRTfGZT.gif,videos/0584-dRTfGZT.gif,true,false
0585,lever leg extension,exercisedb,0585,upper legs,upper legs,hamstrings,leverage machine,,"Adjust the seat height and backrest of the machine to fit your body. Sit on the machine with your back against the backrest and your feet on the footpad. Grasp the handles or sidebars for stability. Extend your legs forward by straightening your knees, lifting the weight. Pause for a moment at the top, then slowly lower the weight back to the starting position. Repeat for the desired number of repetitions.",images/0585-my33uHU.jpg,videos/0585-my33uHU.gif,videos/0585-my33uHU.gif,true,false
0586,lever lying leg curl,exercisedb,0586,upper legs,upper legs,calves,leverage machine,,"Adjust the machine to fit your body and select the desired weight. Lie face down on the machine with your legs straight and your heels against the padded lever. Grasp the handles or the sides of the machine for stability. Keeping your upper body stationary, exhale and curl your legs up as far as possible without lifting your hips off the pad. Hold the contracted position for a brief pause as you squeeze your hamstrings. Inhale and slowly lower the lever back to the starting position. Repeat for the desired number of repetitions.",images/0586-17lJ1kr.jpg,videos/0586-17lJ1kr.gif,videos/0586-17lJ1kr.gif,true,false
3195,lever lying two-one leg curl,exercisedb,3195,upper legs,upper legs,glutes,leverage machine,,"Adjust the machine to fit your body and sit on it with your back against the backrest. Place your legs on the lever pad, just above your ankles. Grasp the handles on the sides of the machine for support. Keeping your upper body still, exhale and curl your legs up towards your glutes. Pause for a moment at the top, then inhale and slowly lower your legs back to the starting position. Repeat for the desired number of repetitions.",images/3195-UXpKJoq.jpg,videos/3195-UXpKJoq.gif,videos/3195-UXpKJoq.gif,true,false
0587,lever military press,exercisedb,0587,shoulders,shoulders,triceps,leverage machine,,"Adjust the seat height and position yourself on the machine with your back against the backrest. Grasp the handles with an overhand grip and position your hands slightly wider than shoulder-width apart. Push the handles upward until your arms are fully extended, but do not lock your elbows. Pause for a moment at the top, then slowly lower the handles back down to the starting position. Repeat for the desired number of repetitions.",images/0587-CggQhII.jpg,videos/0587-CggQhII.gif,videos/0587-CggQhII.gif,true,false
0588,lever narrow grip seated row,exercisedb,0588,back,back,biceps,leverage machine,,"Adjust the seat height and footrests to ensure proper form. Sit on the machine with your feet flat on the footrests and your knees slightly bent. Grasp the handles with a narrow grip, palms facing each other. Keep your back straight and lean slightly forward. Pull the handles towards your torso, squeezing your shoulder blades together. Pause for a moment at the peak of the movement. Slowly release the handles and return to the starting position. Repeat for the desired number of repetitions.",images/0588-IGjKj1v.jpg,videos/0588-IGjKj1v.gif,videos/0588-IGjKj1v.gif,true,false
0589,lever one arm bent over row,exercisedb,0589,back,back,biceps,barbell,,"Stand with your feet shoulder-width apart, knees slightly bent, and hold a barbell with an overhand grip. Bend forward at the hips, keeping your back straight and your head up. Let the barbell hang in front of you with your arms fully extended. Pull the barbell up towards your chest, keeping your elbows close to your body. Squeeze your shoulder blades together at the top of the movement. Lower the barbell back down to the starting position. Repeat for the desired number of repetitions.",images/0589-Fhdtwf3.jpg,videos/0589-Fhdtwf3.gif,videos/0589-Fhdtwf3.gif,true,false
1356,lever one arm lateral high row,exercisedb,1356,back,back,biceps,leverage machine,,"Adjust the seat height and position yourself facing the machine. Grasp the handle with one hand and keep your back straight. Pull the handle towards your body, keeping your elbow close to your side. Squeeze your back muscles at the top of the movement. Slowly release the handle back to the starting position. Repeat for the desired number of repetitions.",images/1356-OIFMAp1.jpg,videos/1356-OIFMAp1.gif,videos/1356-OIFMAp1.gif,true,false
1347,lever one arm lateral wide pulldown,exercisedb,1347,back,back,biceps,leverage machine,,"Adjust the seat height and position yourself on the machine with your chest against the pad and your feet flat on the floor. Grasp the handle with an overhand grip and fully extend your arm, keeping a slight bend in your elbow. Pull the handle down and across your body towards your opposite hip, squeezing your lat muscle at the bottom of the movement. Slowly return the handle to the starting position, fully extending your arm. Repeat for the desired number of repetitions, then switch sides.",images/1347-tTuZSDT.jpg,videos/1347-tTuZSDT.gif,videos/1347-tTuZSDT.gif,true,false
0590,lever one arm shoulder press,exercisedb,0590,shoulders,shoulders,triceps,leverage machine,,"Adjust the seat height and position yourself on the machine with your back against the pad. Grasp the lever handle with one hand and position your elbow at a 90-degree angle. Press the lever upward until your arm is fully extended overhead. Pause for a moment at the top, then slowly lower the lever back down to the starting position. Repeat for the desired number of repetitions, then switch to the other arm.",images/0590-2KGnL6M.jpg,videos/0590-2KGnL6M.gif,videos/0590-2KGnL6M.gif,true,false
0591,lever overhand triceps dip,exercisedb,0591,upper arms,upper arms,chest,leverage machine,,"Adjust the machine to the appropriate height and secure your body in position. Grasp the handles with an overhand grip and position your body so that your arms are fully extended. Lower your body by bending your elbows, keeping your upper arms close to your sides. Continue lowering until your upper arms are parallel to the floor. Pause for a moment, then push yourself back up to the starting position by extending your elbows. Repeat for the desired number of repetitions.",images/0591-D5yqP2p.jpg,videos/0591-D5yqP2p.gif,videos/0591-D5yqP2p.gif,true,false
0592,lever preacher curl,exercisedb,0592,upper arms,upper arms,forearms,leverage machine,,"Adjust the seat height and position yourself on the leverage machine. Place your upper arms on the pad and grip the handles with an underhand grip. Keep your back straight and your elbows positioned on the pad. Exhale and curl your forearms towards your upper arms, contracting your biceps. Pause for a moment at the top of the movement, squeezing your biceps. Inhale and slowly lower the handles back to the starting position. Repeat for the desired number of repetitions.",images/0592-b6hQYMb.jpg,videos/0592-b6hQYMb.gif,videos/0592-b6hQYMb.gif,true,false
1614,lever preacher curl v. 2,exercisedb,1614,upper arms,upper arms,forearms,leverage machine,,"Adjust the seat height and position yourself on the machine with your upper arms resting on the pad and your chest against the support. Grasp the handles with an underhand grip, slightly wider than shoulder-width apart. Keep your upper arms stationary and exhale as you curl the handles towards your shoulders, contracting your biceps. Pause for a moment at the top of the movement, squeezing your biceps. Inhale as you slowly lower the handles back to the starting position, fully extending your arms. Repeat for the desired number of repetitions.",images/1614-ye84CTU.jpg,videos/1614-ye84CTU.gif,videos/1614-ye84CTU.gif,true,false
2285,lever pullover,exercisedb,2285,back,back,triceps,leverage machine,,"Adjust the seat and handles of the leverage machine to a comfortable position. Sit on the machine with your back against the pad and grasp the handles with an overhand grip. Keep your arms slightly bent and your core engaged. Slowly pull the handles towards your chest, squeezing your lats. Pause for a moment at the peak contraction, then slowly return to the starting position. Repeat for the desired number of repetitions.",images/2285-4U7iLb5.jpg,videos/2285-4U7iLb5.gif,videos/2285-4U7iLb5.gif,true,false
2736,lever reverse grip lateral pulldown,exercisedb,2736,back,back,biceps,leverage machine,,"Adjust the seat height and position yourself on the machine with your knees under the pads and your feet flat on the ground. Grasp the handles with an overhand grip, slightly wider than shoulder-width apart. Sit upright with your chest out and shoulders back, maintaining a slight arch in your lower back. Pull the handles down towards your chest, leading with your elbows and squeezing your shoulder blades together. Pause for a moment at the bottom of the movement, then slowly release the handles back to the starting position. Repeat for the desired number of repetitions.",images/2736-ky8FLU8.jpg,videos/2736-ky8FLU8.gif,videos/2736-ky8FLU8.gif,true,false
1616,lever reverse grip preacher curl,exercisedb,1616,upper arms,upper arms,forearms,leverage machine,,"Adjust the seat height and position yourself on the leverage machine. Grasp the handles with an underhand grip, palms facing up. Rest your upper arms on the preacher pad, ensuring your elbows are fully extended. Keeping your upper arms stationary, exhale and curl the handles towards your shoulders. Pause for a moment at the top of the movement, squeezing your biceps. Inhale and slowly lower the handles back to the starting position, fully extending your elbows. Repeat for the desired number of repetitions.",images/1616-kj3hy6W.jpg,videos/1616-kj3hy6W.gif,videos/1616-kj3hy6W.gif,true,false
1348,lever reverse grip vertical row,exercisedb,1348,back,back,biceps,leverage machine,,"Adjust the seat height and footplate position to ensure proper alignment. Sit on the machine with your chest against the pad and your feet flat on the footplate. Grasp the handles with an underhand grip, palms facing up. Keep your back straight and engage your core. Pull the handles towards your chest, squeezing your shoulder blades together. Pause for a moment at the top of the movement, then slowly release and extend your arms back to the starting position. Repeat for the desired number of repetitions.",images/1348-ZqNOWQ6.jpg,videos/1348-ZqNOWQ6.gif,videos/1348-ZqNOWQ6.gif,true,false
0593,lever reverse hyperextension,exercisedb,0593,upper legs,upper legs,hamstrings,leverage machine,,"Adjust the leverage machine to fit your body and secure your feet in the foot pads. Lie face down on the machine with your upper body hanging off the edge and your hips resting on the pad. Cross your arms over your chest or place them behind your head. Engage your glutes and hamstrings to lift your legs upward until they are parallel to the ground. Pause for a moment at the top, then slowly lower your legs back down to the starting position. Repeat for the desired number of repetitions.",images/0593-Krmb3cB.jpg,videos/0593-Krmb3cB.gif,videos/0593-Krmb3cB.gif,true,false
1349,lever reverse t-bar row,exercisedb,1349,back,back,biceps,leverage machine,,"Adjust the seat height and footplate position on the leverage machine. Sit on the machine with your chest against the pad and your feet flat on the footplate. Grasp the handles with an overhand grip, slightly wider than shoulder-width apart. Keep your back straight and engage your core. Pull the handles towards your chest, squeezing your shoulder blades together. Pause for a moment at the top of the movement, then slowly release and extend your arms back to the starting position. Repeat for the desired number of repetitions.",images/1349-BgljGjd.jpg,videos/1349-BgljGjd.gif,videos/1349-BgljGjd.gif,true,false
2315,lever rotary calf,exercisedb,2315,lower legs,lower legs,soleus,leverage machine,,"Adjust the seat height so that your knees are slightly bent and your feet are flat on the footplate. Place your toes on the footplate, with your heels hanging off the edge. Grasp the handles or the sides of the machine for stability. Push through the balls of your feet, raising your heels as high as possible. Pause for a moment at the top, then slowly lower your heels back down to the starting position. Repeat for the desired number of repetitions.",images/2315-MrgP9L6.jpg,videos/2315-MrgP9L6.gif,videos/2315-MrgP9L6.gif,true,false
2335,lever seated calf press,exercisedb,2335,lower legs,lower legs,soleus,leverage machine,,"Adjust the seat of the machine so that your shoulders are aligned with the lever pad. Place your toes on the lower portion of the platform and position your knees under the lever pad. Grasp the handles on the sides of the seat for stability. Press the lever pad down by extending your ankles, lifting your heels as high as possible. Pause for a moment at the top of the movement, then slowly lower your heels back down to the starting position. Repeat for the desired number of repetitions.",images/2335-Ie9UGty.jpg,videos/2335-Ie9UGty.gif,videos/2335-Ie9UGty.gif,true,false
0594,lever seated calf raise,exercisedb,0594,lower legs,lower legs,soleus,leverage machine,,"Adjust the seat height so that your knees are slightly bent and your feet are flat on the footplate. Place your toes on the footplate with your heels hanging off the edge. Grasp the handles or the sides of the seat for stability. Push through the balls of your feet to raise your heels as high as possible. Pause for a moment at the top, then slowly lower your heels back down to the starting position. Repeat for the desired number of repetitions.",images/0594-bOOdeyc.jpg,videos/0594-bOOdeyc.gif,videos/0594-bOOdeyc.gif,true,false
1452,lever seated crunch,exercisedb,1452,waist,waist,obliques,leverage machine,,"Sit on the leverage machine with your back against the pad and your feet flat on the floor. Grasp the handles or place your hands on the side pads for support. Engage your abs and slowly lean back, allowing the pad to move with you. Once your upper body is at a 45-degree angle, contract your abs and crunch forward, bringing your chest towards your knees. Pause for a moment at the top, then slowly release and return to the starting position. Repeat for the desired number of repetitions.",images/1452-Wgaz7pm.jpg,videos/1452-Wgaz7pm.gif,videos/1452-Wgaz7pm.gif,true,false
0595,lever seated crunch (chest pad),exercisedb,0595,waist,waist,obliques,leverage machine,,"Adjust the seat height and chest pad position according to your comfort. Sit on the machine with your back against the chest pad and your feet flat on the floor. Grasp the handles or side bars for stability. Engage your abs and slowly lean back, allowing the chest pad to move with you. Pause for a moment at the maximum contraction, feeling the tension in your abs. Slowly return to the starting position by contracting your abs and pulling yourself back up. Repeat for the desired number of repetitions.",images/0595-ZnJHhMk.jpg,videos/0595-ZnJHhMk.gif,videos/0595-ZnJHhMk.gif,true,false
3760,lever seated crunch v. 2,exercisedb,3760,waist,waist,obliques,leverage machine,,"Sit on the leverage machine with your back against the pad and your feet secured under the footpads. Place your hands on the handles or the sides of the seat for support. Engage your abs and slowly crunch forward, bringing your chest towards your knees. Pause for a moment at the top of the movement, squeezing your abs. Slowly return to the starting position, allowing your back to round slightly. Repeat for the desired number of repetitions.",images/3760-eXFXCY0.jpg,videos/3760-eXFXCY0.gif,videos/3760-eXFXCY0.gif,true,false
1451,lever seated dip,exercisedb,1451,upper arms,upper arms,chest,leverage machine,,"Adjust the seat height so that your feet are flat on the ground and your knees are at a 90-degree angle. Grasp the handles of the leverage machine with your palms facing down and your arms fully extended. Slowly lower your body by bending your elbows until your upper arms are parallel to the ground. Pause for a moment, then push yourself back up to the starting position by straightening your arms. Repeat for the desired number of repetitions.",images/1451-BRImeP8.jpg,videos/1451-BRImeP8.gif,videos/1451-BRImeP8.gif,true,false
0596,lever seated fly,exercisedb,0596,chest,chest,deltoids,leverage machine,,"Adjust the seat height and position yourself on the machine with your back against the pad. Grasp the handles with a pronated grip and keep your elbows slightly bent. Exhale and push the handles forward, bringing them together in front of your chest. Pause for a moment, squeezing your chest muscles. Inhale and slowly return to the starting position, allowing your chest muscles to stretch. Repeat for the desired number of repetitions.",images/0596-v3xmPAR.jpg,videos/0596-v3xmPAR.gif,videos/0596-v3xmPAR.gif,true,false
3759,lever seated good morning,exercisedb,3759,upper legs,upper legs,hamstrings,leverage machine,,"Adjust the seat height so that your hips are slightly higher than your knees. Sit on the machine with your back against the pad and your feet flat on the footrests. Grasp the handles or the sides of the seat for stability. Keeping your back straight, slowly lean forward from your hips until your upper body is parallel to the ground. Pause for a moment, then slowly return to the starting position by pushing through your glutes and hamstrings. Repeat for the desired number of repetitions.",images/3759-XsCcxCC.jpg,videos/3759-XsCcxCC.gif,videos/3759-XsCcxCC.gif,true,false
0597,lever seated hip abduction,exercisedb,0597,upper legs,upper legs,glutes,leverage machine,,"Adjust the seat height so that your knees are at a 90-degree angle. Sit on the machine with your back against the backrest and your feet on the footrests. Place your hands on the side handles for stability. Engage your abductors and slowly push your legs apart, away from the midline of your body. Pause for a moment at the end of the movement, then slowly bring your legs back together to the starting position. Repeat for the desired number of repetitions.",images/0597-CHpahtl.jpg,videos/0597-CHpahtl.gif,videos/0597-CHpahtl.gif,true,false
0598,lever seated hip adduction,exercisedb,0598,upper legs,upper legs,hamstrings,leverage machine,,"Adjust the seat height and position yourself on the machine with your back against the backrest. Place your feet on the footrests and grasp the handles for stability. Engage your adductor muscles and slowly bring your legs together, squeezing your inner thighs. Pause for a moment at the peak contraction, then slowly return to the starting position. Repeat for the desired number of repetitions.",images/0598-oHsrypV.jpg,videos/0598-oHsrypV.gif,videos/0598-oHsrypV.gif,true,false
0599,lever seated leg curl,exercisedb,0599,upper legs,upper legs,calves,leverage machine,,"Adjust the machine to fit your body and sit on it with your back against the backrest. Place your lower legs under the padded lever, just above your ankles. Grasp the handles on the sides of the machine for support. Keeping your upper legs stationary, exhale and curl your legs up as far as possible. Hold the contracted position for a brief pause as you squeeze your hamstrings. Inhale and slowly lower the lever back to the starting position. Repeat for the desired number of repetitions.",images/0599-Zg3XY7P.jpg,videos/0599-Zg3XY7P.gif,videos/0599-Zg3XY7P.gif,true,false
0600,lever seated leg raise crunch,exercisedb,0600,waist,waist,hip flexors,leverage machine,,"Sit on the leverage machine with your back against the backrest and your feet on the footrests. Grasp the handles or sidebars for stability. Engage your abs and slowly raise your legs up towards your chest, curling your torso forward at the same time. Pause for a moment at the top, then slowly lower your legs and torso back to the starting position. Repeat for the desired number of repetitions.",images/0600-PQ2AtC3.jpg,videos/0600-PQ2AtC3.gif,videos/0600-PQ2AtC3.gif,true,false
0602,lever seated reverse fly,exercisedb,0602,shoulders,shoulders,trapezius,leverage machine,,"Adjust the seat height and position yourself on the machine with your chest against the pad and your feet flat on the floor. Grasp the handles with an overhand grip and keep your arms slightly bent. Exhale and squeeze your shoulder blades together as you pull the handles back and outward, away from your body. Pause for a moment at the peak contraction, then inhale and slowly return to the starting position. Repeat for the desired number of repetitions.",images/0602-myfUsKf.jpg,videos/0602-myfUsKf.gif,videos/0602-myfUsKf.gif,true,false
0601,lever seated reverse fly (parallel grip),exercisedb,0601,shoulders,shoulders,trapezius,leverage machine,,"Adjust the seat height and position yourself on the machine with your chest against the pad and your feet flat on the floor. Grasp the handles with a parallel grip, palms facing each other, and keep your arms slightly bent. Exhale and squeeze your shoulder blades together as you pull the handles back and outward, away from your body. Pause for a moment at the peak contraction, then inhale and slowly return to the starting position. Repeat for the desired number of repetitions.",images/0601-xiHiJcA.jpg,videos/0601-xiHiJcA.gif,videos/0601-xiHiJcA.gif,true,false
1350,lever seated row,exercisedb,1350,back,back,biceps,leverage machine,,"Adjust the seat height and footrests to a comfortable position. Sit on the machine with your chest against the pad and your feet on the footrests. Grasp the handles with an overhand grip, shoulder-width apart. Keep your back straight and your core engaged. Pull the handles towards your body, squeezing your shoulder blades together. Pause for a moment at the peak of the movement. Slowly release the handles and return to the starting position. Repeat for the desired number of repetitions.",images/1350-7I6LNUG.jpg,videos/1350-7I6LNUG.gif,videos/1350-7I6LNUG.gif,true,false
1385,lever seated squat calf raise on leg press machine,exercisedb,1385,lower legs,lower legs,quadriceps,leverage machine,,"Adjust the seat of the leg press machine so that your knees are slightly bent when your feet are on the footplate. Sit on the machine with your back against the backrest and your feet flat on the footplate, shoulder-width apart. Place your toes and the balls of your feet on the footplate, keeping your heels off the edge. Release the safety handles and push the footplate away from you by extending your knees. Once your knees are fully extended, slowly lower your heels by flexing your calves. Pause for a moment at the bottom, then push the footplate back up by extending your calves. Repeat for the desired number of repetitions.",images/1385-IeDEXTe.jpg,videos/1385-IeDEXTe.gif,videos/1385-IeDEXTe.gif,true,false
0603,lever shoulder press,exercisedb,0603,shoulders,shoulders,triceps,leverage machine,,"Adjust the seat height and position yourself on the machine with your back against the backrest. Grasp the handles with an overhand grip and position your hands at shoulder level. Push the handles upward until your arms are fully extended, but do not lock your elbows. Pause for a moment at the top, then slowly lower the handles back down to the starting position. Repeat for the desired number of repetitions.",images/0603-67n3r98.jpg,videos/0603-67n3r98.gif,videos/0603-67n3r98.gif,true,false
0869,lever shoulder press v. 2,exercisedb,0869,shoulders,shoulders,triceps,leverage machine,,"Adjust the seat height and backrest of the leverage machine to a comfortable position. Sit on the machine with your back against the backrest and your feet flat on the floor. Grasp the handles of the machine with an overhand grip, slightly wider than shoulder-width apart. Push the handles upward and forward until your arms are fully extended, but not locked. Pause for a moment at the top, then slowly lower the handles back down to the starting position. Repeat for the desired number of repetitions.",images/0869-vqsbmL0.jpg,videos/0869-vqsbmL0.gif,videos/0869-vqsbmL0.gif,true,false
2318,lever shoulder press v. 3,exercisedb,2318,shoulders,shoulders,triceps,leverage machine,,"Adjust the seat height and backrest of the leverage machine to a comfortable position. Sit on the machine with your back against the backrest and your feet flat on the floor. Grasp the handles of the machine with an overhand grip, slightly wider than shoulder-width apart. Push the handles upward and forward until your arms are fully extended, but not locked. Pause for a moment at the top, then slowly lower the handles back down to the starting position. Repeat for the desired number of repetitions.",images/2318-dNFYIU1.jpg,videos/2318-dNFYIU1.gif,videos/2318-dNFYIU1.gif,true,false
0604,lever shrug,exercisedb,0604,back,back,shoulders,leverage machine,,"Adjust the seat height and position yourself on the leverage machine with your back against the pad. Grasp the handles with an overhand grip and keep your arms straight. Keeping your back straight, lift your shoulders up towards your ears as high as possible. Hold the contraction for a moment, then slowly lower your shoulders back down to the starting position. Repeat for the desired number of repetitions.",images/0604-ZZKbeMw.jpg,videos/0604-ZZKbeMw.gif,videos/0604-ZZKbeMw.gif,true,false
0605,lever standing calf raise,exercisedb,0605,lower legs,lower legs,soleus,leverage machine,,"Adjust the machine to your height and stand with your feet shoulder-width apart. Place your shoulders under the pads and hold onto the handles for stability. Raise your heels as high as possible by extending your ankles. Pause for a moment at the top, then slowly lower your heels back down to the starting position. Repeat for the desired number of repetitions.",images/0605-ykUOVze.jpg,videos/0605-ykUOVze.gif,videos/0605-ykUOVze.gif,true,false
3758,lever standing chest press,exercisedb,3758,chest,chest,shoulders,leverage machine,,"Adjust the seat height and position yourself on the machine with your feet flat on the ground. Grasp the handles with an overhand grip and position your hands at chest level. Push the handles forward until your arms are fully extended, keeping your elbows slightly bent. Pause for a moment, then slowly bring the handles back towards your chest, maintaining control throughout the movement. Repeat for the desired number of repetitions.",images/3758-WbNq5Xu.jpg,videos/3758-WbNq5Xu.gif,videos/3758-WbNq5Xu.gif,true,false
0606,lever t bar row,exercisedb,0606,back,back,biceps,leverage machine,,"Adjust the seat height and footplate position to ensure proper alignment. Sit on the machine with your chest against the pad and your feet flat on the footplate. Grasp the handles with an overhand grip, slightly wider than shoulder-width apart. Keep your back straight and engage your core. Pull the handles towards your torso, squeezing your shoulder blades together. Pause for a moment at the peak contraction, then slowly release the handles back to the starting position. Repeat for the desired number of repetitions.",images/0606-aaXr7ld.jpg,videos/0606-aaXr7ld.gif,videos/0606-aaXr7ld.gif,true,false
1351,lever t-bar reverse grip row,exercisedb,1351,back,back,biceps,leverage machine,,"Adjust the seat height and position yourself on the machine with your chest against the pad and your feet flat on the floor. Grasp the handles with an overhand grip, slightly wider than shoulder-width apart. Keep your back straight and engage your core. Pull the handles towards your chest, squeezing your shoulder blades together. Pause for a moment at the top of the movement, then slowly release and extend your arms back to the starting position. Repeat for the desired number of repetitions.",images/1351-FVM1AUZ.jpg,videos/1351-FVM1AUZ.gif,videos/1351-FVM1AUZ.gif,true,false
0607,lever triceps extension,exercisedb,0607,upper arms,upper arms,shoulders,leverage machine,,"Adjust the seat height and position yourself on the machine with your back against the pad. Grasp the handles with an overhand grip and fully extend your arms in front of you. Keeping your upper arms stationary, slowly lower the handles towards your forehead by bending your elbows. Pause for a moment at the bottom, then push the handles back up to the starting position by extending your arms. Repeat for the desired number of repetitions.",images/0607-Ser9eQp.jpg,videos/0607-Ser9eQp.gif,videos/0607-Ser9eQp.gif,true,false
1313,lever unilateral row,exercisedb,1313,back,back,biceps,leverage machine,,"Adjust the seat height and position yourself facing the machine. Grasp the handles with an overhand grip and keep your back straight. Pull the handles towards your body, squeezing your shoulder blades together. Pause for a moment at the peak of the movement, then slowly release and extend your arms back to the starting position. Repeat for the desired number of repetitions.",images/1313-oROuvrX.jpg,videos/1313-oROuvrX.gif,videos/1313-oROuvrX.gif,true,false
0609,london bridge,exercisedb,0609,back,back,shoulders,rope,,"Attach the rope to a high anchor point. Stand facing away from the anchor point with your feet shoulder-width apart. Grasp the rope with an overhand grip, palms facing down. Lean forward slightly, keeping your back straight and core engaged. Pull the rope towards your body, squeezing your shoulder blades together. Pause for a moment at the peak of the movement, then slowly release the tension and return to the starting position. Repeat for the desired number of repetitions.",images/0609-bLyQokI.jpg,videos/0609-bLyQokI.gif,videos/0609-bLyQokI.gif,true,false
3013,low glute bridge on floor,exercisedb,3013,upper legs,upper legs,hamstrings,body weight,,"Lie flat on your back with your knees bent and feet flat on the ground. Place your arms by your sides, palms facing down. Engage your glutes and core, then lift your hips off the ground until your body forms a straight line from your knees to your shoulders. Pause for a moment at the top, squeezing your glutes. Slowly lower your hips back down to the starting position. Repeat for the desired number of repetitions.",images/3013-u0cNiij.jpg,videos/3013-u0cNiij.gif,videos/3013-u0cNiij.gif,true,false
1352,lower back curl,exercisedb,1352,back,back,glutes,body weight,,"Lie flat on your stomach with your legs extended and your arms by your sides. Engage your glutes and hamstrings, and slowly lift your upper body off the ground, curling your back upwards. Pause for a moment at the top, then slowly lower your upper body back down to the starting position. Repeat for the desired number of repetitions.",images/1352-ANbbry2.jpg,videos/1352-ANbbry2.gif,videos/1352-ANbbry2.gif,true,false
3582,lunge with jump,exercisedb,3582,upper legs,upper legs,quadriceps,body weight,,"Start by standing with your feet shoulder-width apart. Take a step forward with your right foot, lowering your body into a lunge position. Push off with your right foot and jump into the air, switching the position of your feet mid-air. Land softly with your left foot forward and immediately lower your body into a lunge position. Continue alternating between lunges and jumps for the desired number of repetitions.",images/3582-PM1PZjg.jpg,videos/3582-PM1PZjg.gif,videos/3582-PM1PZjg.gif,true,false
1688,lunge with twist,exercisedb,1688,waist,waist,quadriceps,body weight,,"Start by standing with your feet shoulder-width apart. Take a step forward with your right foot, lowering your body into a lunge position. As you lunge, twist your torso to the right, bringing your left elbow towards your right knee. Pause for a moment, then return to the starting position. Repeat on the other side, stepping forward with your left foot and twisting your torso to the left. Continue alternating sides for the desired number of repetitions.",images/1688-K9VL0Jq.jpg,videos/1688-K9VL0Jq.gif,videos/1688-K9VL0Jq.gif,true,false
0613,lying (side) quads stretch,exercisedb,0613,upper legs,upper legs,hamstrings,body weight,,Lie on your side with your legs straight. Bend your top leg and grab your ankle or foot with your hand. Gently pull your ankle or foot towards your glutes until you feel a stretch in your quads. Hold the stretch for 20-30 seconds. Release the stretch and repeat on the other side.,images/0613-BWnJR72.jpg,videos/0613-BWnJR72.gif,videos/0613-BWnJR72.gif,true,false
2312,lying elbow to knee,exercisedb,2312,waist,waist,hip flexors,body weight,,"Lie flat on your back with your knees bent and feet flat on the ground. Place your hands behind your head with your elbows pointing outwards. Engage your abs and lift your upper body off the ground, bringing your right elbow towards your left knee. At the same time, extend your right leg straight out and lift it off the ground. Pause for a moment, then return to the starting position. Repeat the movement, this time bringing your left elbow towards your right knee and extending your left leg. Continue alternating sides for the desired number of repetitions.",images/2312-AQIhRjM.jpg,videos/2312-AQIhRjM.gif,videos/2312-AQIhRjM.gif,true,false
0620,lying leg raise flat bench,exercisedb,0620,waist,waist,hip flexors,body weight,,"Lie flat on a flat bench with your back pressed against it. Place your hands under your glutes for support. Keep your legs straight and together, and lift them up towards the ceiling. Pause for a moment at the top, then slowly lower your legs back down to the starting position. Repeat for the desired number of repetitions.",images/0620-WhuFnR7.jpg,videos/0620-WhuFnR7.gif,videos/0620-WhuFnR7.gif,true,false
0865,lying leg-hip raise,exercisedb,0865,waist,waist,hip flexors,body weight,,"Lie flat on your back with your legs extended and your arms by your sides. Place your hands under your glutes for support. Engage your core and lift your legs off the ground, raising them towards the ceiling. Pause for a moment at the top, then slowly lower your legs back down to the starting position. Repeat for the desired number of repetitions.",images/0865-9IxJdtC.jpg,videos/0865-9IxJdtC.gif,videos/0865-9IxJdtC.gif,true,false
1301,machine inner chest press,exercisedb,1301,chest,chest,triceps,leverage machine,,"Adjust the seat height and position yourself on the machine with your back flat against the pad. Grasp the handles with an overhand grip and position your elbows at a 90-degree angle. Push the handles forward until your arms are fully extended, exhaling during the movement. Pause for a moment at the end of the movement, then slowly return to the starting position, inhaling as you do so. Repeat for the desired number of repetitions.",images/1301-wDN97Ca.jpg,videos/1301-wDN97Ca.gif,videos/1301-wDN97Ca.gif,true,false
0624,march sit (wall),exercisedb,0624,upper legs,upper legs,quadriceps,body weight,,"Stand with your back against a wall and your feet hip-width apart. Slowly slide your back down the wall until your knees are bent at a 90-degree angle. Lift your right foot off the ground and bring your knee towards your chest. Lower your right foot back down and lift your left foot off the ground, bringing your knee towards your chest. Continue alternating between lifting your right and left foot for the desired number of repetitions.",images/0624-sVQCCeG.jpg,videos/0624-sVQCCeG.gif,videos/0624-sVQCCeG.gif,true,false
1353,medicine ball catch and overhead throw,exercisedb,1353,back,back,shoulders,medicine ball,,"Stand with your feet shoulder-width apart, holding a medicine ball in both hands at chest level. Bend your knees slightly and engage your core. Lower your body into a squat position, keeping your back straight and chest up. Explosively extend your hips and legs, while simultaneously throwing the medicine ball overhead. Release the ball at the top of the movement and catch it on the way down. Lower your body back into the squat position and repeat for the desired number of repetitions.",images/1353-PsVS1QP.jpg,videos/1353-PsVS1QP.gif,videos/1353-PsVS1QP.gif,true,false
1302,medicine ball chest pass,exercisedb,1302,chest,chest,shoulders,medicine ball,,"Stand with your feet shoulder-width apart, holding the medicine ball at chest level. Extend your arms forward, pushing the medicine ball away from your chest with force. As you release the ball, follow through with your arms and torso, transferring your weight from your back foot to your front foot. Catch the ball as it rebounds off the wall or partner, and immediately repeat the movement. Continue for the desired number of repetitions.",images/1302-aDoFKrE.jpg,videos/1302-aDoFKrE.gif,videos/1302-aDoFKrE.gif,true,false
1303,medicine ball chest push from 3 point stance,exercisedb,1303,chest,chest,shoulders,medicine ball,,"Start in a 3 point stance with one hand on the medicine ball and the other hand on the ground. Extend your legs and position your body in a straight line. Lower your chest towards the ground while keeping your back straight. Push the medicine ball away from your body, extending your arm fully. Return to the starting position and repeat for the desired number of repetitions.",images/1303-dCJnuVq.jpg,videos/1303-dCJnuVq.gif,videos/1303-dCJnuVq.gif,true,false
1304,medicine ball chest push multiple response,exercisedb,1304,chest,chest,triceps,medicine ball,,"Stand with your feet shoulder-width apart, holding a medicine ball at chest level. Extend your arms forward, pushing the medicine ball away from your chest. Pause for a moment, then slowly bring the medicine ball back to your chest. Repeat for the desired number of repetitions.",images/1304-7aolH9D.jpg,videos/1304-7aolH9D.gif,videos/1304-7aolH9D.gif,true,false
1305,medicine ball chest push single response,exercisedb,1305,chest,chest,triceps,medicine ball,,"Stand with your feet shoulder-width apart, holding the medicine ball at chest level. Extend your arms forward, pushing the medicine ball away from your chest. Pause for a moment, then slowly bring the medicine ball back to your chest. Repeat for the desired number of repetitions.",images/1305-jeHtrlO.jpg,videos/1305-jeHtrlO.gif,videos/1305-jeHtrlO.gif,true,false
1312,medicine ball chest push with run release,exercisedb,1312,chest,chest,triceps,medicine ball,,"Stand with your feet shoulder-width apart, holding a medicine ball at chest level. Step forward with your right foot and simultaneously push the medicine ball forward, extending your arms fully. As you push the ball forward, release it and let it roll forward. Quickly run forward and catch the ball before it hits the ground. Once you catch the ball, bring it back to your chest and repeat the movement with your left foot forward. Continue alternating legs and repeating the exercise for the desired number of repetitions.",images/1312-pX9Elbe.jpg,videos/1312-pX9Elbe.gif,videos/1312-pX9Elbe.gif,true,false
1701,medicine ball close grip push up,exercisedb,1701,upper arms,upper arms,chest,medicine ball,,"Start in a high plank position with your hands on the medicine ball, shoulder-width apart. Lower your body towards the ground by bending your elbows, keeping them close to your sides. Push back up to the starting position, fully extending your arms. Repeat for the desired number of repetitions.",images/1701-8K7m2SS.jpg,videos/1701-8K7m2SS.gif,videos/1701-8K7m2SS.gif,true,false
1354,medicine ball overhead slam,exercisedb,1354,back,back,shoulders,medicine ball,,"Stand with your feet shoulder-width apart, holding a medicine ball with both hands above your head. Engage your core and keep your back straight. Bend your knees slightly and forcefully slam the medicine ball down to the ground in front of you. As you slam the ball down, use your entire body to generate power, including your shoulders and core. Catch the ball on the bounce and repeat for the desired number of repetitions.",images/1354-oHg8eop.jpg,videos/1354-oHg8eop.gif,videos/1354-oHg8eop.gif,true,false
1750,medicine ball supine chest throw,exercisedb,1750,upper arms,upper arms,chest,medicine ball,,"Lie flat on your back on a bench with your knees bent and feet flat on the ground. Hold the medicine ball with both hands, extending your arms straight up above your chest. Lower the medicine ball towards your chest, keeping your elbows close to your body. Explosively push the medicine ball upwards, extending your arms fully and throwing the ball as high as possible. Catch the medicine ball and repeat for the desired number of repetitions.",images/1750-Al3tP0D.jpg,videos/1750-Al3tP0D.gif,videos/1750-Al3tP0D.gif,true,false
0627,mixed grip chin-up,exercisedb,0627,back,back,biceps,body weight,,"Grab the pull-up bar with an underhand grip (palms facing towards you) and your hands slightly wider than shoulder-width apart. Hang from the bar with your arms fully extended and your feet off the ground. Engage your back muscles and pull your body up towards the bar, leading with your chest. Continue pulling until your chin is above the bar. Pause for a moment at the top, then slowly lower your body back down to the starting position with control. Repeat for the desired number of repetitions.",images/0627-T8UpLkb.jpg,videos/0627-T8UpLkb.gif,videos/0627-T8UpLkb.gif,true,false
3217,modified hindu push-up (male),exercisedb,3217,chest,chest,triceps,body weight,,"Start in a push-up position with your hands slightly wider than shoulder-width apart and your feet hip-width apart. Lower your body towards the ground, bending your elbows and keeping your core engaged. As you lower your body, shift your weight back and lift your hips up towards the ceiling, creating an inverted V shape with your body. Continue to lower your body until your chest is just above the ground, then reverse the movement, pushing your hips back down and extending your arms to return to the starting position. Repeat for the desired number of repetitions.",images/3217-epOSYUZ.jpg,videos/3217-epOSYUZ.gif,videos/3217-epOSYUZ.gif,true,false
1421,modified push up to lower arms,exercisedb,1421,lower arms,lower arms,triceps,body weight,,"Start in a push-up position with your hands directly under your shoulders and your body in a straight line. Lower your body down towards the ground by bending your elbows, keeping them close to your sides. Once your elbows are at a 90-degree angle, lower your forearms to the ground, keeping your elbows directly under your shoulders. Pause for a moment, then push through your palms to lift your forearms back up to the starting position. Repeat for the desired number of repetitions.",images/1421-arvaszz.jpg,videos/1421-arvaszz.gif,videos/1421-arvaszz.gif,true,false
0628,monster walk,exercisedb,0628,upper legs,upper legs,hamstrings,body weight,,"Place a resistance band around your ankles. Stand with your feet shoulder-width apart and slightly bend your knees. Take a step to the side with your right foot, maintaining tension on the resistance band. Follow with your left foot, stepping to the side to return to the starting position. Repeat for the desired number of repetitions, then switch sides.",images/0628-O95afRA.jpg,videos/0628-O95afRA.gif,videos/0628-O95afRA.gif,true,false
0630,mountain climber,exercisedb,0630,cardio,cardio,core,body weight,,"Start in a high plank position with your hands directly under your shoulders and your body in a straight line. Engage your core and bring your right knee towards your chest, then quickly switch and bring your left knee towards your chest. Continue alternating legs in a running motion, keeping your hips low and your core engaged. Maintain a steady pace and breathe evenly throughout the exercise. Repeat for the desired number of repetitions.",images/0630-RJgzwny.jpg,videos/0630-RJgzwny.gif,videos/0630-RJgzwny.gif,true,false
0631,muscle up,exercisedb,0631,back,back,biceps,body weight,,"Start by hanging from a pull-up bar with your palms facing away from you and your arms fully extended. Engage your core and pull your body up towards the bar, leading with your chest. As you reach the top of the movement, transition your grip so that your palms are facing towards you. Continue pulling yourself up until your chest is above the bar and your arms are fully flexed. Reverse the movement by slowly lowering yourself back down to the starting position. Repeat for the desired number of repetitions.",images/0631-yJUHKTn.jpg,videos/0631-yJUHKTn.gif,videos/0631-yJUHKTn.gif,true,false
1401,muscle-up (on vertical bar),exercisedb,1401,back,back,biceps,body weight,,"Start by hanging from a vertical bar with your palms facing away from you and your arms fully extended. Engage your core and pull your body up towards the bar, leading with your chest. As you pull yourself up, lean back slightly and bring your elbows towards your sides. Continue pulling until your chest reaches the bar and your elbows are fully bent. Pause for a moment at the top, then slowly lower yourself back down to the starting position. Repeat for the desired number of repetitions.",images/1401-Af0EW2I.jpg,videos/1401-Af0EW2I.gif,videos/1401-Af0EW2I.gif,true,false
2328,narrow push-up on exercise ball,exercisedb,2328,upper arms,upper arms,chest,stability ball,,"Place the stability ball on the ground and position yourself in a push-up position with your hands on the ball, slightly narrower than shoulder-width apart. Engage your core and keep your body in a straight line from head to toe. Lower your chest towards the ball by bending your elbows, keeping them close to your body. Pause for a moment at the bottom, then push yourself back up to the starting position by straightening your arms. Repeat for the desired number of repetitions.",images/2328-4cWjYEN.jpg,videos/2328-4cWjYEN.gif,videos/2328-4cWjYEN.gif,true,false
1403,neck side stretch,exercisedb,1403,neck,neck,trapezius,body weight,,"Stand or sit up straight with your shoulders relaxed. Tilt your head to one side, bringing your ear towards your shoulder. Hold the stretch for 15-30 seconds. Repeat on the other side. Perform 2-4 sets on each side.",images/1403-x2chWLO.jpg,videos/1403-x2chWLO.gif,videos/1403-x2chWLO.gif,true,false
0634,negative crunch,exercisedb,0634,waist,waist,hip flexors,body weight,,"Lie flat on your back with your knees bent and feet flat on the ground. Place your hands behind your head with your elbows pointing outwards. Engaging your abs, slowly lift your upper body off the ground, curling forward until your torso is at a 45-degree angle. Pause for a moment at the top, then slowly lower your upper body back down to the starting position. Repeat for the desired number of repetitions.",images/0634-szIn2UK.jpg,videos/0634-szIn2UK.gif,videos/0634-szIn2UK.gif,true,false
1495,oblique crunch v. 2,exercisedb,1495,waist,waist,obliques,body weight,,"Lie on your back with your knees bent and feet flat on the ground. Place your hands behind your head or cross them over your chest. Engage your abs and lift your shoulder blades off the ground, rotating your torso to one side. Pause for a moment, then lower your shoulder blades back down to the starting position. Repeat on the other side. Continue alternating sides for the desired number of repetitions.",images/1495-cJgSTmh.jpg,videos/1495-cJgSTmh.gif,videos/1495-cJgSTmh.gif,true,false
0635,oblique crunches floor,exercisedb,0635,waist,waist,obliques,body weight,,"Lie on your back with your knees bent and feet flat on the floor. Place your hands behind your head or cross them over your chest. Engage your abs and lift your shoulder blades off the floor, rotating your torso to one side. Pause for a moment, then lower your shoulder blades back down to the floor. Repeat on the other side, alternating sides with each repetition.",images/0635-QUDd8WS.jpg,videos/0635-QUDd8WS.gif,videos/0635-QUDd8WS.gif,true,false
0636,olympic barbell hammer curl,exercisedb,0636,upper arms,upper arms,forearms,olympic barbell,,"Stand up straight with your feet shoulder-width apart and hold an Olympic barbell with an overhand grip. Let the barbell hang at arm's length in front of your thighs, with your palms facing your body. Keeping your upper arms stationary, exhale and curl the weights while contracting your biceps. Continue to raise the barbell until your biceps are fully contracted and the barbell is at shoulder level. Hold the contracted position for a brief pause as you squeeze your biceps. Inhale and slowly begin to lower the barbell back to the starting position. Repeat for the desired number of repetitions.",images/0636-o1ntciW.jpg,videos/0636-o1ntciW.gif,videos/0636-o1ntciW.gif,true,false
0637,olympic barbell triceps extension,exercisedb,0637,upper arms,upper arms,shoulders,olympic barbell,,"Start by standing with your feet shoulder-width apart and holding the barbell with an overhand grip. Raise the barbell above your head, fully extending your arms. Keeping your upper arms close to your head, slowly lower the barbell behind your head by bending your elbows. Pause for a moment, then extend your arms back to the starting position. Repeat for the desired number of repetitions.",images/0637-wu5LXwz.jpg,videos/0637-wu5LXwz.gif,videos/0637-wu5LXwz.gif,true,false
1355,one arm against wall,exercisedb,1355,back,back,shoulders,body weight,,"Stand facing a wall with your feet shoulder-width apart. Extend one arm straight out in front of you and place your palm against the wall. Engage your core and lean your body forward, keeping your arm straight and your back flat. Slowly push against the wall with your palm, activating your lat muscles. Hold the position for a few seconds, then release and repeat with the other arm.",images/1355-ZZTGMKh.jpg,videos/1355-ZZTGMKh.gif,videos/1355-ZZTGMKh.gif,true,false
0638,one arm chin-up,exercisedb,0638,back,back,biceps,body weight,,"Stand facing a pull-up bar with your feet shoulder-width apart. Reach up and grab the bar with an underhand grip, with one hand gripping the bar and the other hand holding your wrist for support. Hang from the bar with your arm fully extended, keeping your body straight and your core engaged. Pull yourself up towards the bar by bending your elbow and squeezing your back muscles. Continue pulling until your chin is above the bar, then slowly lower yourself back down to the starting position. Repeat for the desired number of repetitions, then switch arms and repeat.",images/0638-HjdqmZa.jpg,videos/0638-HjdqmZa.gif,videos/0638-HjdqmZa.gif,true,false
0639,one arm dip,exercisedb,0639,upper arms,upper arms,chest,body weight,,"Stand facing away from a bench or chair, with your feet shoulder-width apart. Place one hand on the bench or chair behind you, fingers pointing towards your body. Extend your legs out in front of you, keeping your heels on the ground. Bend your elbows and lower your body towards the ground, keeping your back close to the bench or chair. Pause for a moment at the bottom, then push through your palms to straighten your arms and return to the starting position. Repeat for the desired number of repetitions, then switch sides and repeat with the other arm.",images/0639-FAoIFMw.jpg,videos/0639-FAoIFMw.gif,videos/0639-FAoIFMw.gif,true,false
0640,one arm slam (with medicine ball),exercisedb,0640,waist,waist,shoulders,medicine ball,,"Stand with your feet shoulder-width apart, holding the medicine ball with one hand in front of your waist. Bend your knees slightly and engage your core. Raise the medicine ball above your head, fully extending your arm. Forcefully slam the medicine ball down to the ground, using your core and shoulders to generate power. Catch the medicine ball on the bounce and repeat for the desired number of repetitions.",images/0640-jCrtE9b.jpg,videos/0640-jCrtE9b.gif,videos/0640-jCrtE9b.gif,true,false
1773,one arm towel row,exercisedb,1773,back,back,biceps,body weight,,"Stand with your feet shoulder-width apart, knees slightly bent, and hold a towel with one hand. Bend forward at the waist, keeping your back straight and your core engaged. Extend your arm fully, allowing the towel to hang in front of you. Pull the towel towards your chest, squeezing your shoulder blades together. Pause for a moment at the top, then slowly lower the towel back to the starting position. Repeat for the desired number of repetitions, then switch arms.",images/1773-bKWbrTA.jpg,videos/1773-bKWbrTA.gif,videos/1773-bKWbrTA.gif,true,false
1386,one leg donkey calf raise,exercisedb,1386,lower legs,lower legs,hamstrings,body weight,,"Stand with your feet shoulder-width apart, toes pointing forward. Place your hands on a stable surface for support, such as a wall or a bar. Lift one leg off the ground, keeping your knee slightly bent. Raise your heel as high as possible, using your calf muscles. Pause for a moment at the top, then slowly lower your heel back down. Repeat for the desired number of repetitions, then switch legs.",images/1386-A2upspL.jpg,videos/1386-A2upspL.gif,videos/1386-A2upspL.gif,true,false
1387,one leg floor calf raise,exercisedb,1387,lower legs,lower legs,ankles,body weight,,"Stand with your feet hip-width apart and place your hands on a wall or sturdy object for balance. Lift one foot off the ground and balance on the other foot. Slowly raise your heel off the ground, lifting your body up onto the ball of your foot. Pause for a moment at the top, then slowly lower your heel back down to the starting position. Repeat for the desired number of repetitions, then switch legs and repeat.",images/1387-0jp9Rlz.jpg,videos/1387-0jp9Rlz.gif,videos/1387-0jp9Rlz.gif,true,false
1476,one leg squat,exercisedb,1476,upper legs,upper legs,quadriceps,body weight,,"Stand with your feet shoulder-width apart. Extend one leg forward, keeping it off the ground. Bend your standing leg and lower your body down as if sitting back into a chair. Keep your chest up and your back straight. Push through your heel to return to the starting position. Repeat with the other leg.",images/1476-C31LMnP.jpg,videos/1476-C31LMnP.gif,videos/1476-C31LMnP.gif,true,false
0641,otis up,exercisedb,0641,waist,waist,hip flexors,weighted,,"Lie flat on your back with your knees bent and feet flat on the ground. Place your hands behind your head with your elbows pointing outwards. Engaging your abs, slowly lift your upper body off the ground, curling forward until your torso is at a 45-degree angle. Pause for a moment at the top, then slowly lower your upper body back down to the starting position. Repeat for the desired number of repetitions.",images/0641-UVL20oz.jpg,videos/0641-UVL20oz.gif,videos/0641-UVL20oz.gif,true,false
0642,outside leg kick push-up,exercisedb,0642,upper legs,upper legs,quadriceps,body weight,,"Start in a push-up position with your hands slightly wider than shoulder-width apart and your feet together. Lower your body towards the ground by bending your elbows, keeping your back straight and core engaged. As you push back up, kick one leg out to the side, extending it fully and engaging your glutes. Return your leg to the starting position and repeat the push-up, alternating legs with each repetition. Continue alternating leg kicks and push-ups for the desired number of repetitions.",images/0642-jNU1gFQ.jpg,videos/0642-jNU1gFQ.gif,videos/0642-jNU1gFQ.gif,true,false
0643,overhead triceps stretch,exercisedb,0643,upper arms,upper arms,shoulders,body weight,,"Stand or sit upright with your feet shoulder-width apart. Extend one arm overhead, bending at the elbow so that your hand reaches towards the opposite shoulder blade. With your other hand, gently pull the elbow of the extended arm towards the opposite side of your head, feeling a stretch in your triceps. Hold the stretch for 15-30 seconds, then release. Repeat on the other side.",images/0643-Z5YStHW.jpg,videos/0643-Z5YStHW.gif,videos/0643-Z5YStHW.gif,true,false
3147,pelvic tilt,exercisedb,3147,waist,waist,lower back,body weight,,"Lie flat on your back with your knees bent and feet flat on the ground. Place your hands by your sides. Engage your abs and tilt your pelvis upward, pressing your lower back into the ground. Hold this position for a few seconds, focusing on contracting your abs. Release the tilt and return to the starting position. Repeat for the desired number of repetitions.",images/3147-NKJ8o6x.jpg,videos/3147-NKJ8o6x.gif,videos/3147-NKJ8o6x.gif,true,false
1422,pelvic tilt into bridge,exercisedb,1422,upper legs,upper legs,hamstrings,body weight,,"Lie on your back with your knees bent and feet flat on the ground. Place your arms by your sides with your palms facing down. Engage your glutes and core muscles. Tilt your pelvis upward, lifting your hips off the ground. Hold the bridge position for a few seconds. Slowly lower your hips back down to the starting position. Repeat for the desired number of repetitions.",images/1422-D9qe7CM.jpg,videos/1422-D9qe7CM.gif,videos/1422-D9qe7CM.gif,true,false
1388,peroneals stretch,exercisedb,1388,lower legs,lower legs,ankles,rope,,"Sit on the ground with your legs extended in front of you. Loop the rope around the ball of your foot and hold the ends of the rope with your hands. Gently pull the rope towards you, flexing your foot and stretching your calf muscles. Hold the stretch for 15-30 seconds. Release the tension on the rope and repeat the stretch on the other leg. Repeat for the desired number of repetitions.",images/1388-XhfS1DZ.jpg,videos/1388-XhfS1DZ.gif,videos/1388-XhfS1DZ.gif,true,false
3662,pike-to-cobra push-up,exercisedb,3662,upper legs,upper legs,core,body weight,,"Start in a push-up position with your hands slightly wider than shoulder-width apart and your feet together. Engage your core and lift your hips up towards the ceiling, forming an inverted V shape with your body. Lower your upper body towards the ground by bending your elbows, keeping them close to your body. As you lower down, shift your weight forward and transition into a cobra pose by straightening your arms and lifting your chest up. Reverse the movement by bending your elbows and lowering your chest back down towards the ground. Push through your hands to return to the inverted V position. Continue the movement by lowering your hips back down towards the ground, returning to the starting push-up position. Repeat for the desired number of repetitions.",images/3662-XPUDTt7.jpg,videos/3662-XPUDTt7.gif,videos/3662-XPUDTt7.gif,true,false
1306,plyo push up,exercisedb,1306,chest,chest,triceps,body weight,,"Start in a high plank position with your hands slightly wider than shoulder-width apart. Lower your chest towards the ground by bending your elbows, keeping your body in a straight line. Push explosively off the ground, using your chest muscles to propel your upper body off the ground. Land softly with your hands back in the starting position. Repeat for the desired number of repetitions.",images/1306-Snj1wSv.jpg,videos/1306-Snj1wSv.gif,videos/1306-Snj1wSv.gif,true,false
1687,posterior step to overhead reach,exercisedb,1687,waist,waist,glutes,body weight,,"Stand with your feet hip-width apart and your arms by your sides. Take a step back with your right foot, landing on the ball of your foot. Bend your left knee and lower your body into a lunge position. As you lower into the lunge, simultaneously reach your arms overhead. Pause for a moment at the bottom of the lunge, then return to the starting position by pushing through your left heel and bringing your right foot forward. Repeat the movement on the other side, stepping back with your left foot and bending your right knee. Continue alternating sides for the desired number of repetitions.",images/1687-ErqK3UL.jpg,videos/1687-ErqK3UL.gif,videos/1687-ErqK3UL.gif,true,false
1389,posterior tibialis stretch,exercisedb,1389,lower legs,lower legs,hamstrings,rope,,"Sit on the ground with your legs extended in front of you. Loop the rope around the ball of your foot and hold the ends of the rope with your hands. Gently pull the rope towards you, flexing your foot and stretching your calf muscles. Hold the stretch for 20-30 seconds. Release the tension on the rope and relax your foot. Repeat the stretch on the other leg.",images/1389-DEEqoI2.jpg,videos/1389-DEEqoI2.gif,videos/1389-DEEqoI2.gif,true,false
3119,potty squat,exercisedb,3119,waist,waist,quadriceps,body weight,,"Stand with your feet shoulder-width apart, toes pointing slightly outward. Lower your body down by bending your knees and pushing your hips back as if you were sitting on a chair. Keep your chest up and your back straight throughout the movement. Lower yourself until your thighs are parallel to the ground or as low as you can comfortably go. Pause for a moment at the bottom, then push through your heels to return to the starting position. Repeat for the desired number of repetitions.",images/3119-75Bgtjy.jpg,videos/3119-75Bgtjy.gif,videos/3119-75Bgtjy.gif,true,false
3132,potty squat with support,exercisedb,3132,upper legs,upper legs,quadriceps,body weight,,"Stand with your feet shoulder-width apart, toes pointing slightly outward. Hold onto a stable support, such as a chair or wall, for balance. Lower your body down into a squat position by bending your knees and pushing your hips back. Keep your chest up and your back straight throughout the movement. Pause for a moment at the bottom, then push through your heels to return to the starting position. Repeat for the desired number of repetitions.",images/3132-b63ZzGe.jpg,videos/3132-b63ZzGe.gif,videos/3132-b63ZzGe.gif,true,false
0648,power clean,exercisedb,0648,upper legs,upper legs,glutes,barbell,,"Start with the barbell on the ground in front of you, with your feet shoulder-width apart. Bend down and grip the barbell with an overhand grip, slightly wider than shoulder-width apart. Keep your back straight and chest up as you lift the barbell off the ground, extending your hips and knees. As the barbell reaches your mid-thigh, explosively pull it upwards, shrugging your shoulders and pulling your elbows high and to the sides. As the barbell reaches its highest point, quickly drop underneath it, rotating your elbows around and catching the barbell on your shoulders in a front squat position. Stand up with the barbell, fully extending your hips and knees. Lower the barbell back down to the starting position, keeping control of the weight throughout the movement. Repeat for the desired number of repetitions.",images/0648-SiWCcTN.jpg,videos/0648-SiWCcTN.gif,videos/0648-SiWCcTN.gif,true,false
3665,power point plank,exercisedb,3665,waist,waist,shoulders,body weight,,"Start in a high plank position with your hands directly under your shoulders and your body in a straight line from head to toe. Engage your core and squeeze your glutes to maintain a stable position. Lower your body down onto your forearms, one arm at a time, maintaining a straight line from head to toe. Hold this position for the desired amount of time, keeping your core and glutes engaged. To return to the starting position, push through your forearms and lift your body back up into a high plank position. Repeat for the desired number of repetitions.",images/3665-hCjGsRQ.jpg,videos/3665-hCjGsRQ.gif,videos/3665-hCjGsRQ.gif,true,false
3203,prisoner half sit-up (male),exercisedb,3203,waist,waist,hip flexors,body weight,,"Lie flat on your back with your knees bent and feet flat on the ground. Place your hands behind your head with your elbows pointing outwards. Engaging your abs, slowly lift your upper body off the ground, curling forward until your torso is at a 45-degree angle. Pause for a moment at the top, then slowly lower your upper body back down to the starting position. Repeat for the desired number of repetitions.",images/3203-mgejmGP.jpg,videos/3203-mgejmGP.gif,videos/3203-mgejmGP.gif,true,false
1707,prone twist on stability ball,exercisedb,1707,waist,waist,obliques,stability ball,,"Start by lying face down on a stability ball with your feet shoulder-width apart and your toes touching the ground. Place your hands behind your head or cross them over your chest. Engage your core muscles and slowly lift your upper body off the ball, keeping your back straight. Rotate your torso to one side, bringing your shoulder towards your hip. Keep your hips and legs stable throughout the movement. Pause for a moment, then return to the starting position. Repeat the rotation to the other side. Continue alternating sides for the desired number of repetitions.",images/1707-1IG6gVF.jpg,videos/1707-1IG6gVF.gif,videos/1707-1IG6gVF.gif,true,false
0651,pull up (neutral grip),exercisedb,0651,back,back,biceps,body weight,,"Hang from a pull-up bar with a neutral grip (palms facing each other) and your arms fully extended. Engage your core and squeeze your shoulder blades together. Pull your body up towards the bar by bending your elbows and driving your elbows down towards your hips. Continue pulling until your chin is above the bar. Pause for a moment at the top, then slowly lower your body back down to the starting position with control. Repeat for the desired number of repetitions.",images/0651-0V2YQjW.jpg,videos/0651-0V2YQjW.gif,videos/0651-0V2YQjW.gif,true,false
0650,pull-in (on stability ball),exercisedb,0650,waist,waist,hip flexors,stability ball,,"Start by sitting on the stability ball with your feet flat on the ground and your knees bent at a 90-degree angle. Place your hands on the sides of the stability ball for support. Engage your abs and slowly roll your hips forward, bringing your knees towards your chest. Pause for a moment at the top of the movement, then slowly extend your legs back to the starting position. Repeat for the desired number of repetitions.",images/0650-UQr48Oi.jpg,videos/0650-UQr48Oi.gif,videos/0650-UQr48Oi.gif,true,false
0652,pull-up,exercisedb,0652,back,back,biceps,body weight,,"Hang from a pull-up bar with your palms facing away from you and your arms fully extended. Engage your core and squeeze your shoulder blades together. Pull your body up towards the bar by bending your elbows and bringing your chest towards the bar. Pause at the top of the movement, then slowly lower your body back down to the starting position. Repeat for the desired number of repetitions.",images/0652-lBDjFxJ.jpg,videos/0652-lBDjFxJ.gif,videos/0652-lBDjFxJ.gif,true,false
1689,push and pull bodyweight,exercisedb,1689,chest,chest,triceps,body weight,,"Start in a push-up position with your hands slightly wider than shoulder-width apart and your body in a straight line. Lower your chest towards the ground by bending your elbows, keeping your body straight. Push through your palms to extend your arms and return to the starting position. From the push-up position, pull your chest towards the ground by bending your elbows, keeping your body straight. Push through your palms to extend your arms and return to the starting position. Repeat for the desired number of repetitions.",images/1689-wXvUZC8.jpg,videos/1689-wXvUZC8.gif,videos/1689-wXvUZC8.gif,true,false
3638,push to run,exercisedb,3638,cardio,cardio,quadriceps,body weight,,"Start in a push-up position with your hands shoulder-width apart and your body in a straight line. Lower your chest towards the ground by bending your elbows, keeping your body straight. Push through your hands to extend your arms and return to the starting position. Quickly bring one knee towards your chest, then quickly switch and bring the other knee towards your chest. Continue alternating knees as fast as you can while maintaining good form. Continue for the desired duration or number of repetitions.",images/3638-PrQbjvB.jpg,videos/3638-PrQbjvB.gif,videos/3638-PrQbjvB.gif,true,false
1307,push up on bosu ball,exercisedb,1307,chest,chest,triceps,bosu ball,,Place the bosu ball on the ground with the flat side facing up. Position yourself in a push-up position with your hands on the outer edges of the bosu ball. Engage your core and lower your body down towards the bosu ball by bending your elbows. Push yourself back up to the starting position by extending your arms. Repeat for the desired number of repetitions.,images/1307-wVompEp.jpg,videos/1307-wVompEp.gif,videos/1307-wVompEp.gif,true,false
0662,push-up,exercisedb,0662,chest,chest,triceps,body weight,,"Start in a high plank position with your hands slightly wider than shoulder-width apart and your feet together. Engage your core and lower your body towards the ground by bending your elbows, keeping your body in a straight line. Pause for a moment when your chest is just above the ground, then push yourself back up to the starting position by straightening your arms. Repeat for the desired number of repetitions.",images/0662-I4hDWkc.jpg,videos/0662-I4hDWkc.gif,videos/0662-I4hDWkc.gif,true,false
0653,push-up (bosu ball),exercisedb,0653,chest,chest,triceps,bosu ball,,Place the bosu ball on the ground with the flat side facing up. Position yourself in a push-up position with your hands on the outer edges of the bosu ball. Engage your core and lower your body down towards the bosu ball by bending your elbows. Push yourself back up to the starting position by extending your arms. Repeat for the desired number of repetitions.,images/0653-2kr2lWy.jpg,videos/0653-2kr2lWy.gif,videos/0653-2kr2lWy.gif,true,false
0655,push-up (on stability ball),exercisedb,0655,chest,chest,triceps,stability ball,,"Place the stability ball on the ground and position yourself facing down with your hands on the ball, shoulder-width apart. Extend your legs straight out behind you, balancing on your toes. Engage your core and lower your chest towards the ball by bending your elbows, keeping your body in a straight line. Pause for a moment at the bottom, then push yourself back up to the starting position by straightening your arms. Repeat for the desired number of repetitions.",images/0655-Y4BRNQF.jpg,videos/0655-Y4BRNQF.gif,videos/0655-Y4BRNQF.gif,true,false
0656,push-up (on stability ball),exercisedb,0656,chest,chest,triceps,stability ball,,"Place the stability ball on the ground and position yourself facing down with your hands on the ball, shoulder-width apart. Extend your legs straight out behind you, balancing on your toes. Engage your core and lower your chest towards the ball by bending your elbows, keeping your body in a straight line. Pause for a moment at the bottom, then push yourself back up to the starting position by straightening your arms. Repeat for the desired number of repetitions.",images/0656-tgryw5Y.jpg,videos/0656-tgryw5Y.gif,videos/0656-tgryw5Y.gif,true,false
0659,push-up (wall),exercisedb,0659,chest,chest,triceps,body weight,,"Stand facing a wall, about arm's length away. Place your hands on the wall at shoulder height, slightly wider than shoulder-width apart. Step back a few feet, keeping your body straight and your feet hip-width apart. Bend your elbows and lower your chest towards the wall, keeping your body in a straight line. Push back up to the starting position, straightening your arms. Repeat for the desired number of repetitions.",images/0659-LEH9jxP.jpg,videos/0659-LEH9jxP.gif,videos/0659-LEH9jxP.gif,true,false
0658,push-up (wall) v. 2,exercisedb,0658,chest,chest,triceps,body weight,,"Stand facing a wall, about arm's length away. Place your hands on the wall at shoulder height, slightly wider than shoulder-width apart. Step back with your feet, keeping them hip-width apart. Engage your core and keep your body in a straight line from head to heels. Bend your elbows and lower your chest towards the wall, keeping your body straight. Pause for a moment, then push yourself back to the starting position. Repeat for the desired number of repetitions.",images/0658-NCmbLCw.jpg,videos/0658-NCmbLCw.gif,videos/0658-NCmbLCw.gif,true,false
0660,push-up close-grip off dumbbell,exercisedb,0660,upper arms,upper arms,chest,dumbbell,,"Start in a push-up position with your hands placed close together, directly under your shoulders. Hold a dumbbell in each hand, resting them on the ground. Lower your body towards the ground by bending your elbows, keeping them close to your sides. Push through your palms to extend your arms and return to the starting position. Repeat for the desired number of repetitions.",images/0660-KZXAtKQ.jpg,videos/0660-KZXAtKQ.gif,videos/0660-KZXAtKQ.gif,true,false
0661,push-up inside leg kick,exercisedb,0661,upper legs,upper legs,quadriceps,body weight,,"Start in a push-up position with your hands slightly wider than shoulder-width apart and your feet together. Lower your body towards the ground by bending your elbows, keeping your back straight and your core engaged. As you push back up, lift one leg off the ground and kick it out to the side, keeping it straight. Lower your leg back down and repeat the push-up, then switch to the other leg. Continue alternating leg kicks with each push-up repetition.",images/0661-0br45wL.jpg,videos/0661-0br45wL.gif,videos/0661-0br45wL.gif,true,false
0663,push-up medicine ball,exercisedb,0663,chest,chest,triceps,medicine ball,,"Start in a high plank position with your hands on the medicine ball, shoulder-width apart. Engage your core and lower your body towards the ground by bending your elbows, keeping your back straight. Push through your palms to extend your arms and return to the starting position. Repeat for the desired number of repetitions.",images/0663-W8KAlkI.jpg,videos/0663-W8KAlkI.gif,videos/0663-W8KAlkI.gif,true,false
1467,push-up on lower arms,exercisedb,1467,upper arms,upper arms,chest,body weight,,"Start in a plank position with your forearms on the ground and elbows directly below your shoulders. Engage your core and keep your body in a straight line from head to toe. Lower your chest towards the ground by bending your elbows, keeping them close to your body. Pause for a moment at the bottom, then push yourself back up to the starting position. Repeat for the desired number of repetitions.",images/1467-4Jt8QsQ.jpg,videos/1467-4Jt8QsQ.gif,videos/1467-4Jt8QsQ.gif,true,false
3145,push-up plus,exercisedb,3145,chest,chest,triceps,body weight,,"Start in a high plank position with your hands slightly wider than shoulder-width apart and your body in a straight line from head to heels. Lower your body towards the ground by bending your elbows, keeping them close to your sides. Once your chest is just above the ground, push through your hands to extend your arms and lift your upper body up. At the top of the movement, protract your shoulder blades by pushing your upper back towards the ceiling. Pause for a moment, then reverse the movement by retracting your shoulder blades and lowering your body back down to the starting position. Repeat for the desired number of repetitions.",images/3145-pvBMLHA.jpg,videos/3145-pvBMLHA.gif,videos/3145-pvBMLHA.gif,true,false
0664,push-up to side plank,exercisedb,0664,waist,waist,shoulders,body weight,,"Start in a push-up position with your hands shoulder-width apart and your body in a straight line. Lower your body towards the ground by bending your elbows, keeping your core engaged. Push back up to the starting position. Shift your weight onto your left hand and rotate your body to the right, lifting your right arm towards the ceiling. Hold the side plank position for a few seconds, then return to the starting position. Repeat the push-up and side plank on the opposite side. Continue alternating sides for the desired number of repetitions.",images/0664-KhHJ338.jpg,videos/0664-KhHJ338.gif,videos/0664-KhHJ338.gif,true,false
3533,quads,exercisedb,3533,upper legs,upper legs,hamstrings,body weight,,Stand with your feet shoulder-width apart. Lower your body by bending your knees and pushing your hips back as if sitting on a chair. Keep your chest up and your back straight. Lower yourself until your thighs are parallel to the ground. Push through your heels to return to the starting position. Repeat for the desired number of repetitions.,images/3533-6YUfHPL.jpg,videos/3533-6YUfHPL.gif,videos/3533-6YUfHPL.gif,true,false
3201,quarter sit-up,exercisedb,3201,waist,waist,hip flexors,body weight,,"Lie flat on your back with your knees bent and feet flat on the ground. Place your hands behind your head with your elbows pointing outwards. Engaging your abs, slowly lift your upper body off the ground, curling forward until your torso is at a 45-degree angle. Pause for a moment at the top, then slowly lower your upper body back down to the starting position. Repeat for the desired number of repetitions.",images/3201-enxnJcM.jpg,videos/3201-enxnJcM.gif,videos/3201-enxnJcM.gif,true,false
3552,quick feet v. 2,exercisedb,3552,upper legs,upper legs,calves,body weight,,"Stand with your feet shoulder-width apart and your arms by your sides. Begin by rapidly moving your feet up and down, as if you were running in place. Keep your movements quick and light, focusing on staying on the balls of your feet. Continue for the desired duration or number of repetitions.",images/3552-mweqJin.jpg,videos/3552-mweqJin.gif,videos/3552-mweqJin.gif,true,false
0666,raise single arm push-up,exercisedb,0666,chest,chest,triceps,body weight,,"Start in a push-up position with your hands slightly wider than shoulder-width apart and your feet together. Extend one arm straight out to the side, parallel to the ground. Lower your body towards the ground by bending your elbows, keeping your back straight and core engaged. Push back up to the starting position, using your chest muscles to lift your body. Repeat with the other arm extended.",images/0666-13TpY4H.jpg,videos/0666-13TpY4H.gif,videos/0666-13TpY4H.gif,true,false
0668,rear decline bridge,exercisedb,0668,upper legs,upper legs,hamstrings,body weight,,"Lie on your back with your feet flat on the ground and your knees bent. Place your arms by your sides with your palms facing down. Engage your glutes and hamstrings, and lift your hips off the ground until your body forms a straight line from your knees to your shoulders. Hold this position for a few seconds, then slowly lower your hips back down to the starting position. Repeat for the desired number of repetitions.",images/0668-UpAlold.jpg,videos/0668-UpAlold.gif,videos/0668-UpAlold.gif,true,false
0669,rear deltoid stretch,exercisedb,0669,shoulders,shoulders,trapezius,body weight,,"Stand tall with your feet shoulder-width apart. Extend your right arm across your chest, placing your left hand on your right elbow. Gently pull your right arm towards your left shoulder, feeling a stretch in your right shoulder. Hold the stretch for 15-30 seconds, then release. Repeat on the other side.",images/0669-xifhB5W.jpg,videos/0669-xifhB5W.gif,videos/0669-xifhB5W.gif,true,false
0670,rear pull-up,exercisedb,0670,back,back,biceps,body weight,,"Grab the pull-up bar with an overhand grip, slightly wider than shoulder-width apart. Hang from the bar with your arms fully extended and your body straight. Engage your back muscles and pull your body up towards the bar, keeping your elbows close to your body. Continue pulling until your chin is above the bar. Pause for a moment at the top, then slowly lower your body back down to the starting position. Repeat for the desired number of repetitions.",images/0670-CbFSYC1.jpg,videos/0670-CbFSYC1.gif,videos/0670-CbFSYC1.gif,true,false
1582,reclining big toe pose with rope,exercisedb,1582,upper legs,upper legs,calves,rope,,"Lie on your back with your legs extended and your arms by your sides. Loop the rope around the ball of your right foot and hold the ends of the rope with your hands. Slowly raise your right leg towards your chest, keeping your knee straight and your foot flexed. Hold the stretch for a few seconds, then slowly lower your leg back down to the starting position. Repeat with your left leg. Continue alternating legs for the desired number of repetitions.",images/1582-K5xgdvI.jpg,videos/1582-K5xgdvI.gif,videos/1582-K5xgdvI.gif,true,false
3236,resistance band hip thrusts on knees (female),exercisedb,3236,upper legs,upper legs,hamstrings,resistance band,,"Start by kneeling on the ground with your knees hip-width apart and your feet flexed. Wrap the resistance band around your thighs, just above your knees. Place your hands on your hips or extend them out in front of you for balance. Engage your glutes and core muscles. Push your hips forward and squeeze your glutes as you lift your knees off the ground, extending your hips until your thighs are parallel to the ground. Hold the position for a moment, then slowly lower your knees back down to the starting position. Repeat for the desired number of repetitions.",images/3236-Pjbc0Kt.jpg,videos/3236-Pjbc0Kt.gif,videos/3236-Pjbc0Kt.gif,true,false
3007,resistance band leg extension,exercisedb,3007,upper legs,upper legs,hamstrings,resistance band,,"Attach the resistance band to a sturdy anchor point and secure it around your ankle. Stand facing the anchor point with your feet shoulder-width apart. Keeping your core engaged and your upper body stable, extend your leg straight out in front of you. Pause for a moment at the top, then slowly return your leg to the starting position. Repeat for the desired number of repetitions, then switch legs.",images/3007-Y1MsI1l.jpg,videos/3007-Y1MsI1l.gif,videos/3007-Y1MsI1l.gif,true,false
3123,resistance band seated biceps curl,exercisedb,3123,upper arms,upper arms,forearms,resistance band,,"Sit on a chair or bench with your back straight and feet flat on the ground. Hold the resistance band with an underhand grip, palms facing up, and arms extended down by your sides. Keeping your upper arms stationary, exhale and curl the resistance band up towards your shoulders. Pause for a moment at the top, squeezing your biceps. Inhale and slowly lower the resistance band back to the starting position. Repeat for the desired number of repetitions.",images/3123-XFc3vpY.jpg,videos/3123-XFc3vpY.gif,videos/3123-XFc3vpY.gif,true,false
3124,resistance band seated chest press,exercisedb,3124,chest,chest,shoulders,resistance band,,"Sit on a chair or bench with your back straight and feet flat on the ground. Hold the resistance band handles in each hand, with your palms facing down and elbows bent at a 90-degree angle. Extend your arms forward, pushing the resistance band away from your chest. Pause for a moment at the end of the movement, then slowly return to the starting position. Repeat for the desired number of repetitions.",images/3124-4x5Okof.jpg,videos/3124-4x5Okof.gif,videos/3124-4x5Okof.gif,true,false
3006,resistance band seated hip abduction,exercisedb,3006,upper legs,upper legs,glutes,resistance band,,"Sit on a chair or bench with your back straight and feet flat on the ground. Wrap the resistance band around your thighs, just above your knees. Place your hands on the sides of the chair or bench for support. Engage your abductors (outer thigh muscles) and slowly push your knees apart, against the resistance of the band. Pause for a moment at the end of the movement, then slowly bring your knees back together. Repeat for the desired number of repetitions.",images/3006-0xDpB4L.jpg,videos/3006-0xDpB4L.gif,videos/3006-0xDpB4L.gif,true,false
3122,resistance band seated shoulder press,exercisedb,3122,shoulders,shoulders,triceps,resistance band,,"Sit on a chair or bench with your back straight and feet flat on the ground. Hold the resistance band with both hands, palms facing forward, and bring it up to shoulder level. Press the band overhead, extending your arms fully. Pause for a moment at the top, then slowly lower the band back down to shoulder level. Repeat for the desired number of repetitions.",images/3122-S93zLTG.jpg,videos/3122-S93zLTG.gif,videos/3122-S93zLTG.gif,true,false
3144,resistance band seated straight back row,exercisedb,3144,back,back,biceps,resistance band,,"Sit on the floor with your legs extended and loop the resistance band around your feet. Hold the ends of the resistance band with your hands, palms facing each other. Keep your back straight and lean slightly back, engaging your core. Pull the resistance band towards your chest, squeezing your shoulder blades together. Pause for a moment at the top, then slowly release the tension and return to the starting position. Repeat for the desired number of repetitions.",images/3144-Nu7jqFE.jpg,videos/3144-Nu7jqFE.gif,videos/3144-Nu7jqFE.gif,true,false
0872,reverse crunch,exercisedb,0872,waist,waist,hip flexors,body weight,,"Lie flat on your back with your arms extended along your sides. Bend your knees and lift your feet off the ground, bringing your thighs perpendicular to the floor. Contract your abs and curl your hips off the floor, bringing your knees towards your chest. Pause for a moment at the top, then slowly lower your hips back down to the starting position. Repeat for the desired number of repetitions.",images/0872-nCU1Ekp.jpg,videos/0872-nCU1Ekp.gif,videos/0872-nCU1Ekp.gif,true,false
0672,reverse dip,exercisedb,0672,upper arms,upper arms,chest,body weight,,"Position yourself between two parallel bars with your arms fully extended and your body straight. Lower your body by bending your elbows until your upper arms are parallel to the ground. Pause for a moment, then push yourself back up to the starting position by straightening your arms. Repeat for the desired number of repetitions.",images/0672-NZ5Qqkz.jpg,videos/0672-NZ5Qqkz.gif,videos/0672-NZ5Qqkz.gif,true,false
0673,reverse grip machine lat pulldown,exercisedb,0673,back,back,biceps,leverage machine,,"Adjust the seat height and position yourself on the machine with your knees under the pads and your feet flat on the ground. Grasp the handles with an underhand grip, slightly wider than shoulder-width apart. Sit upright with your chest out and shoulders back, maintaining a slight arch in your lower back. Pull the handles down towards your chest, squeezing your shoulder blades together. Pause for a moment at the bottom of the movement, then slowly release the handles back to the starting position. Repeat for the desired number of repetitions.",images/0673-ecpY0rH.jpg,videos/0673-ecpY0rH.gif,videos/0673-ecpY0rH.gif,true,false
0674,reverse grip pull-up,exercisedb,0674,back,back,biceps,body weight,,"Grab the pull-up bar with an underhand grip, hands shoulder-width apart. Hang from the bar with your arms fully extended and your body straight. Engage your back muscles and pull your body up towards the bar, leading with your chest. Continue pulling until your chin is above the bar. Pause for a moment at the top, then slowly lower your body back down to the starting position. Repeat for the desired number of repetitions.",images/0674-YAk5dIw.jpg,videos/0674-YAk5dIw.gif,videos/0674-YAk5dIw.gif,true,false
0675,reverse hyper extension (on stability ball),exercisedb,0675,upper legs,upper legs,hamstrings,stability ball,,"Lie face down on a stability ball with your hips resting on the ball and your legs extended straight behind you. Place your hands on the ground in front of you for stability. Engaging your glutes and hamstrings, lift your legs up towards the ceiling as high as you can. Pause for a moment at the top, then slowly lower your legs back down to the starting position. Repeat for the desired number of repetitions.",images/0675-vM5YS2g.jpg,videos/0675-vM5YS2g.gif,videos/0675-vM5YS2g.gif,true,false
1423,reverse hyper on flat bench,exercisedb,1423,upper legs,upper legs,hamstrings,body weight,,"Lie face down on a flat bench with your hips at the edge and your legs hanging off the bench. Hold onto the bench for stability. Keeping your legs straight, raise them up towards the ceiling as high as you can. Squeeze your glutes at the top of the movement. Slowly lower your legs back down to the starting position. Repeat for the desired number of repetitions.",images/1423-OrETs32.jpg,videos/1423-OrETs32.gif,videos/1423-OrETs32.gif,true,false
3663,reverse plank with leg lift,exercisedb,3663,waist,waist,glutes,body weight,,"Sit on the ground with your legs extended in front of you and your hands resting on the ground behind you, fingers pointing towards your feet. Press through your hands and lift your hips off the ground, coming into a reverse plank position. Engage your core and lift one leg off the ground, extending it straight up towards the ceiling. Hold for a moment, then lower your leg back down. Repeat with the other leg. Continue alternating legs for the desired number of repetitions.",images/3663-tFToB7l.jpg,videos/3663-tFToB7l.gif,videos/3663-tFToB7l.gif,true,false
0677,ring dips,exercisedb,0677,upper arms,upper arms,chest,body weight,,Start by hanging from the rings with your arms fully extended and your body straight. Lower your body by bending your elbows until your shoulders are below your elbows. Push yourself back up to the starting position by straightening your arms. Repeat for the desired number of repetitions.,images/0677-ezTvXcr.jpg,videos/0677-ezTvXcr.gif,videos/0677-ezTvXcr.gif,true,false
2571,rocking frog stretch,exercisedb,2571,upper legs,upper legs,hamstrings,body weight,,"Start by kneeling on the ground with your knees hip-width apart. Place your hands on the ground in front of you for support. Slowly lean forward, shifting your weight onto your hands and extending your legs behind you. Keep your back straight and engage your glutes as you push your hips back and up towards the ceiling. Hold this position for a few seconds, feeling a stretch in your glutes. Slowly return to the starting position by bending your knees and lowering your hips back down. Repeat for the desired number of repetitions.",images/2571-2Dk4xQV.jpg,videos/2571-2Dk4xQV.gif,videos/2571-2Dk4xQV.gif,true,false
0678,rocky pull-up pulldown,exercisedb,0678,back,back,biceps,body weight,,"Stand in front of a pull-up bar with your feet shoulder-width apart. Reach up and grab the bar with an overhand grip, slightly wider than shoulder-width apart. Hang from the bar with your arms fully extended and your body straight. Engage your back muscles and pull your body up towards the bar, leading with your chest. Pause for a moment at the top, then slowly lower your body back down to the starting position. Repeat for the desired number of repetitions.",images/0678-cQ19bBP.jpg,videos/0678-cQ19bBP.gif,videos/0678-cQ19bBP.gif,true,false
2208,roller back stretch,exercisedb,2208,back,back,hamstrings,roller,,"Start by sitting on the ground with your legs extended in front of you. Place the roller perpendicular to your body, just below your glutes. Slowly roll your body backwards, allowing the roller to move up your back. Continue rolling until the roller reaches your upper back. Pause for a moment, then slowly roll back to the starting position. Repeat for the desired number of repetitions.",images/2208-isofgzg.jpg,videos/2208-isofgzg.gif,videos/2208-isofgzg.gif,true,false
2204,roller body saw,exercisedb,2204,waist,waist,shoulders,roller,,"Start in a plank position with your forearms on the roller and your body in a straight line. Engage your core and slowly roll the roller forward, extending your body as far as you can while maintaining control. Pause for a moment at the furthest point, then slowly roll the roller back towards your starting position. Repeat for the desired number of repetitions.",images/2204-XeMvLgE.jpg,videos/2204-XeMvLgE.gif,videos/2204-XeMvLgE.gif,true,false
2205,roller hip lat stretch,exercisedb,2205,upper legs,upper legs,hamstrings,roller,,"Start by kneeling on the ground with the roller positioned under your hips. Place your hands on the roller for support. Slowly roll the roller forward, extending your hips and stretching your glutes. Hold the stretch for a few seconds, then roll back to the starting position. Repeat for the desired number of repetitions.",images/2205-0L2KwtI.jpg,videos/2205-0L2KwtI.gif,videos/2205-0L2KwtI.gif,true,false
2202,roller hip stretch,exercisedb,2202,upper legs,upper legs,hamstrings,roller,,"Start by sitting on the ground with your legs extended in front of you. Place the roller under your glutes, just above your knees. Lean back and place your hands on the ground behind you for support. Engage your glutes and slowly roll the roller forward, bending your knees and bringing them towards your chest. Pause for a moment at the end of the movement, feeling a stretch in your glutes. Slowly roll the roller back to the starting position, extending your legs. Repeat for the desired number of repetitions.",images/2202-oMypNrz.jpg,videos/2202-oMypNrz.gif,videos/2202-oMypNrz.gif,true,false
2206,roller reverse crunch,exercisedb,2206,waist,waist,hip flexors,roller,,"Lie flat on your back with your arms extended straight above your head and your legs straight out in front of you. Place the roller between your feet and grip it with your toes. Engaging your abs, lift your legs off the ground and curl your knees towards your chest, rolling the roller towards your body. Pause for a moment at the top, then slowly lower your legs back down to the starting position, rolling the roller away from your body. Repeat for the desired number of repetitions.",images/2206-SKXQAx3.jpg,videos/2206-SKXQAx3.gif,videos/2206-SKXQAx3.gif,true,false
2203,roller seated shoulder flexor depresor retractor,exercisedb,2203,chest,chest,deltoids,roller,,"Sit on a flat surface with your legs extended in front of you. Hold the roller with both hands, palms facing down, and place it on your thighs. Lean forward slightly and roll the roller away from your body, extending your arms straight in front of you. Pause for a moment, then slowly roll the roller back towards your body, bending your arms and bringing the roller back to your thighs. Repeat for the desired number of repetitions.",images/2203-8coXSYU.jpg,videos/2203-8coXSYU.gif,videos/2203-8coXSYU.gif,true,false
2209,roller seated single leg shoulder flexor depresor retractor,exercisedb,2209,chest,chest,deltoids,roller,,"Sit on a flat surface with your legs extended in front of you. Hold the roller with both hands, palms facing down, and place it on your thighs. Lean back slightly and engage your core muscles. Raise the roller up to shoulder level, keeping your arms straight. Slowly lower the roller back down to your thighs. Repeat for the desired number of repetitions.",images/2209-CjETvlw.jpg,videos/2209-CjETvlw.gif,videos/2209-CjETvlw.gif,true,false
2207,roller side lat stretch,exercisedb,2207,back,back,shoulders,roller,,"Stand with your feet shoulder-width apart and hold the roller with both hands in front of your body. Bend your knees slightly and hinge forward at the hips, keeping your back straight. Extend your arms forward and roll the roller down towards your feet, feeling a stretch in your lats. Hold the stretch for a few seconds, then slowly roll the roller back up to the starting position. Repeat for the desired number of repetitions.",images/2207-c3Pfhti.jpg,videos/2207-c3Pfhti.gif,videos/2207-c3Pfhti.gif,true,false
0680,rope climb,exercisedb,0680,back,back,forearms,rope,,"Stand facing the rope with your feet shoulder-width apart. Grab the rope with both hands, palms facing towards you. Bend your knees slightly and engage your core. Begin pulling yourself up the rope by alternating hand-over-hand movements. Use your legs to assist in the upward movement. Continue climbing until you reach the desired height or the top of the rope. To descend, reverse the hand-over-hand movement while controlling your descent. Repeat for the desired number of repetitions.",images/0680-yaAxcQr.jpg,videos/0680-yaAxcQr.gif,videos/0680-yaAxcQr.gif,true,false
0685,run,exercisedb,0685,cardio,cardio,quadriceps,body weight,,"Start by standing upright with your feet hip-width apart. Engage your core and keep your upper body relaxed. Begin jogging in place, lifting your knees up towards your chest and landing softly on the balls of your feet. Maintain a steady pace and continue jogging for the desired duration or distance. Remember to breathe deeply and maintain good posture throughout the exercise.",images/0685-oLrKqDH.jpg,videos/0685-oLrKqDH.gif,videos/0685-oLrKqDH.gif,true,false
0684,run (equipment),exercisedb,0684,cardio,cardio,quadriceps,body weight,,"Start by standing upright with your feet hip-width apart. Engage your core and keep your upper body relaxed. Begin jogging in place, lifting your knees up towards your chest and landing softly on the balls of your feet. Maintain a steady pace and continue jogging for the desired duration or distance. Remember to breathe deeply and maintain good posture throughout the exercise.",images/0684-y5p0H8a.jpg,videos/0684-y5p0H8a.gif,videos/0684-y5p0H8a.gif,true,false
1585,runners stretch,exercisedb,1585,upper legs,upper legs,calves,body weight,,"Stand with your feet hip-width apart. Take a step forward with your right foot, keeping your left foot planted. Bend your right knee and lower your body down, keeping your left leg straight. Place your hands on your right thigh for support. Hold the stretch for 20-30 seconds, then switch sides and repeat.",images/1585-0mB6wHO.jpg,videos/1585-0mB6wHO.gif,videos/1585-0mB6wHO.gif,true,false
0687,russian twist,exercisedb,0687,waist,waist,obliques,body weight,,"Sit on the ground with your knees bent and feet flat on the floor. Lean back slightly while keeping your back straight and your core engaged. Hold your hands together in front of your chest or hold a weight if desired. Lift your feet off the ground, balancing on your sit bones. Twist your torso to the right, bringing your hands or weight towards the right side of your body. Pause for a moment, then twist your torso to the left, bringing your hands or weight towards the left side of your body. Continue alternating sides for the desired number of repetitions.",images/0687-XVDdcoj.jpg,videos/0687-XVDdcoj.gif,videos/0687-XVDdcoj.gif,true,false
3012,scapula dips,exercisedb,3012,back,back,rhomboids,body weight,,"Start by standing with your feet shoulder-width apart and your arms extended in front of you. Bend your knees slightly and hinge forward at the hips, keeping your back straight. Lower your body by bending your elbows and retracting your shoulder blades, as if you are trying to squeeze a pencil between them. Pause for a moment at the bottom, then push through your hands to extend your elbows and return to the starting position. Repeat for the desired number of repetitions.",images/3012-7xeukSt.jpg,videos/3012-7xeukSt.gif,videos/3012-7xeukSt.gif,true,false
3021,scapula push-up,exercisedb,3021,chest,chest,triceps,body weight,,"Start in a high plank position with your hands directly under your shoulders and your body in a straight line. Lower your chest towards the ground, keeping your elbows close to your body. As you lower, squeeze your shoulder blades together and push your chest forward. Pause for a moment at the bottom, then push back up to the starting position. Repeat for the desired number of repetitions.",images/3021-jV65tKx.jpg,videos/3021-jV65tKx.gif,videos/3021-jV65tKx.gif,true,false
0688,scapular pull-up,exercisedb,0688,back,back,biceps,body weight,,"Start by hanging from a pull-up bar with your palms facing away from you and your arms fully extended. Retract your shoulder blades by pulling them down and back. Engage your back muscles and pull your body up towards the bar, focusing on squeezing your shoulder blades together. Pause for a moment at the top of the movement, then slowly lower your body back down to the starting position. Repeat for the desired number of repetitions.",images/0688-uTBt1HV.jpg,videos/0688-uTBt1HV.gif,videos/0688-uTBt1HV.gif,true,false
3219,scissor jumps (male),exercisedb,3219,cardio,cardio,quadriceps,body weight,,"Stand with your feet shoulder-width apart. Jump off the ground and simultaneously cross your right leg in front of your left leg. As you land, quickly switch legs, crossing your left leg in front of your right leg. Continue alternating legs and jumping as quickly as possible. Repeat for the desired number of repetitions.",images/3219-Eh2v5Iu.jpg,videos/3219-Eh2v5Iu.gif,videos/3219-Eh2v5Iu.gif,true,false
1390,seated calf stretch (male),exercisedb,1390,lower legs,lower legs,hamstrings,body weight,,"Sit on the edge of a chair or bench with your feet flat on the ground. Extend one leg straight out in front of you, keeping your heel on the ground. Lean forward slightly, feeling a stretch in your calf muscle. Hold the stretch for 20-30 seconds. Switch legs and repeat the stretch.",images/1390-17bqEXD.jpg,videos/1390-17bqEXD.gif,videos/1390-17bqEXD.gif,true,false
1424,seated glute stretch,exercisedb,1424,upper legs,upper legs,hamstrings,body weight,,"Sit on the ground with your legs extended in front of you. Bend your right knee and cross your right ankle over your left thigh. Place your right hand on the ground behind you for support. With your left hand, gently press down on your right knee to deepen the stretch. Hold the stretch for 30 seconds to 1 minute. Switch sides and repeat.",images/1424-DeDThfG.jpg,videos/1424-DeDThfG.gif,videos/1424-DeDThfG.gif,true,false
0689,seated leg raise,exercisedb,0689,waist,waist,hip flexors,body weight,,"Sit on a flat bench with your back straight and your feet flat on the ground. Place your hands on the sides of the bench for support. Keeping your legs straight, slowly raise them up in front of you until they are parallel to the ground. Pause for a moment at the top, then slowly lower your legs back down to the starting position. Repeat for the desired number of repetitions.",images/0689-Hgs6Nl1.jpg,videos/0689-Hgs6Nl1.gif,videos/0689-Hgs6Nl1.gif,true,false
0690,seated lower back stretch,exercisedb,0690,back,back,glutes,body weight,,"Sit on the edge of a chair with your feet flat on the ground. Place your hands on your thighs or on the sides of the chair for support. Slowly lean forward from your hips, keeping your back straight. Feel the stretch in your lower back and hold for 20-30 seconds. Slowly return to the starting position and repeat for the desired number of repetitions.",images/0690-QFmz6ch.jpg,videos/0690-QFmz6ch.gif,videos/0690-QFmz6ch.gif,true,false
2567,seated piriformis stretch,exercisedb,2567,upper legs,upper legs,hamstrings,body weight,,"Sit on the ground with your legs extended in front of you. Bend your right knee and place your right foot on the outside of your left knee. Place your left elbow on the outside of your right knee and gently twist your torso to the right. Hold the stretch for 20-30 seconds, then switch sides and repeat.",images/2567-QY39eBr.jpg,videos/2567-QY39eBr.gif,videos/2567-QY39eBr.gif,true,false
0691,seated side crunch (wall),exercisedb,0691,waist,waist,obliques,body weight,,"Sit on the floor with your back against a wall and your legs extended in front of you. Bend your knees and place your feet flat on the floor, hip-width apart. Place your hands behind your head with your elbows pointing outwards. Engage your abs and lean to one side, bringing your elbow towards your hip. Pause for a moment, then return to the starting position. Repeat on the other side. Continue alternating sides for the desired number of repetitions.",images/0691-Y9hNPcN.jpg,videos/0691-Y9hNPcN.gif,videos/0691-Y9hNPcN.gif,true,false
1587,seated wide angle pose sequence,exercisedb,1587,upper legs,upper legs,quadriceps,body weight,,"Sit on the ground with your legs extended in a wide angle. Flex your feet and engage your quadriceps. Place your hands on the ground behind you for support. Keeping your back straight, lean forward from your hips. Continue leaning forward until you feel a stretch in your hamstrings. Hold this position for a few breaths. Slowly release the stretch and return to the starting position. Repeat for the desired number of repetitions.",images/1587-HIgYKAB.jpg,videos/1587-HIgYKAB.gif,videos/1587-HIgYKAB.gif,true,false
0697,self assisted inverse leg curl,exercisedb,0697,upper legs,upper legs,glutes,body weight,,"Lie flat on your back on a mat or bench with your legs extended. Place your hands by your sides or under your glutes for support. Bend your knees and lift your feet off the ground, bringing your thighs towards your chest. Pause for a moment at the top, then slowly lower your legs back to the starting position. Repeat for the desired number of repetitions.",images/0697-GwYwElT.jpg,videos/0697-GwYwElT.gif,videos/0697-GwYwElT.gif,true,false
1766,self assisted inverse leg curl,exercisedb,1766,upper legs,upper legs,glutes,body weight,,"Lie face down on a leg curl machine with your legs extended and your ankles hooked under the padded lever. Place your hands on the side handles of the machine for support. Keeping your upper body stationary, exhale and curl your legs upward as far as possible. Hold the contracted position for a brief pause as you squeeze your hamstrings. Slowly lower your legs back to the starting position while inhaling. Repeat for the desired number of repetitions.",images/1766-ZSY3MsL.jpg,videos/1766-ZSY3MsL.gif,videos/1766-ZSY3MsL.gif,true,false
0696,self assisted inverse leg curl (on floor),exercisedb,0696,upper legs,upper legs,glutes,body weight,,"Lie flat on your back with your legs extended and your arms by your sides. Bend your knees and place your feet flat on the ground, hip-width apart. Lift your hips off the ground, engaging your glutes and hamstrings. Slowly curl your legs towards your glutes, keeping your hips lifted. Pause for a moment at the top, then slowly extend your legs back to the starting position. Lower your hips back down to the ground. Repeat for the desired number of repetitions.",images/0696-E4PwJqI.jpg,videos/0696-E4PwJqI.gif,videos/0696-E4PwJqI.gif,true,false
3222,semi squat jump (male),exercisedb,3222,cardio,cardio,quadriceps,body weight,,"Stand with your feet shoulder-width apart. Bend your knees and lower your body into a squat position. Jump explosively, extending your hips and knees while swinging your arms for momentum. Land softly on the balls of your feet and immediately go into the next repetition. Repeat for the desired number of repetitions.",images/3222-6FMU51h.jpg,videos/3222-6FMU51h.gif,videos/3222-6FMU51h.gif,true,false
3656,short stride run,exercisedb,3656,cardio,cardio,quadriceps,body weight,,"Find an open space or a treadmill to perform the exercise. Stand tall with your feet hip-width apart. Start jogging in place, lifting your knees high and pumping your arms. After a few seconds, start taking short strides forward, maintaining a quick pace. Continue running with short strides for the desired duration or distance.",images/3656-CcWEoWV.jpg,videos/3656-CcWEoWV.gif,videos/3656-CcWEoWV.gif,true,false
1763,shoulder grip pull-up,exercisedb,1763,back,back,biceps,body weight,,"Grab the pull-up bar with a shoulder-width grip, palms facing away from you. Hang freely with your arms fully extended. Engage your back muscles and pull your body up towards the bar until your chin is above the bar. Pause for a moment at the top, then slowly lower your body back down to the starting position. Repeat for the desired number of repetitions.",images/1763-YtgD7Xq.jpg,videos/1763-YtgD7Xq.gif,videos/1763-YtgD7Xq.gif,true,false
3699,shoulder tap,exercisedb,3699,waist,waist,shoulders,body weight,,"Start in a high plank position with your hands directly under your shoulders and your body in a straight line. Engage your core and lift your right hand off the ground, reaching across to tap your left shoulder. Place your right hand back on the ground and repeat with your left hand tapping your right shoulder. Continue alternating shoulder taps while keeping your hips and torso stable. Repeat for the desired number of repetitions.",images/3699-yRpV5TC.jpg,videos/3699-yRpV5TC.gif,videos/3699-yRpV5TC.gif,true,false
0699,shoulder tap push-up,exercisedb,0699,chest,chest,triceps,body weight,,"Start in a high plank position with your hands slightly wider than shoulder-width apart and your body in a straight line from head to heels. Lower your body towards the ground by bending your elbows, keeping them close to your sides. As you push back up, lift your right hand off the ground and tap your left shoulder. Return your right hand to the ground and repeat the push-up, this time lifting your left hand and tapping your right shoulder. Continue alternating shoulder taps with each push-up repetition. Maintain a stable core and avoid excessive hip rotation throughout the exercise. Repeat for the desired number of repetitions.",images/0699-qEse6fe.jpg,videos/0699-qEse6fe.gif,videos/0699-qEse6fe.gif,true,false
1774,side bridge hip abduction,exercisedb,1774,upper legs,upper legs,glutes,body weight,,"Lie on your side with your legs extended and stacked on top of each other. Prop yourself up on your forearm, keeping your elbow directly below your shoulder. Engage your core and lift your hips off the ground, creating a straight line from your head to your feet. While keeping your core engaged, lift your top leg as high as possible without rotating your hips. Pause for a moment at the top, then lower your leg back down. Repeat for the desired number of repetitions, then switch sides.",images/1774-WL4EmxJ.jpg,videos/1774-WL4EmxJ.gif,videos/1774-WL4EmxJ.gif,true,false
0705,side bridge v. 2,exercisedb,0705,waist,waist,obliques,body weight,,"Lie on your side with your legs extended and stacked on top of each other. Place your forearm on the ground directly below your shoulder, with your elbow bent at a 90-degree angle. Engage your core and lift your hips off the ground, creating a straight line from your head to your feet. Hold this position for the desired amount of time. Lower your hips back down to the starting position. Repeat on the other side.",images/0705-RKjH6Lt.jpg,videos/0705-RKjH6Lt.gif,videos/0705-RKjH6Lt.gif,true,false
0709,side hip (on parallel bars),exercisedb,0709,waist,waist,obliques,body weight,,"Stand between two parallel bars with your feet shoulder-width apart. Place your hands on the bars and lift your body off the ground, supporting your weight on your arms. Engage your abs and slowly lift your legs to the side, keeping them straight. Pause for a moment at the top, then slowly lower your legs back down to the starting position. Repeat for the desired number of repetitions.",images/0709-jTkSc6o.jpg,videos/0709-jTkSc6o.gif,videos/0709-jTkSc6o.gif,true,false
0710,side hip abduction,exercisedb,0710,upper legs,upper legs,glutes,body weight,,"Stand with your feet shoulder-width apart and your hands on your hips. Shift your weight to one leg and lift the opposite leg out to the side, keeping it straight. Pause for a moment at the top, then slowly lower your leg back down to the starting position. Repeat on the other side. Continue alternating sides for the desired number of repetitions.",images/0710-7WaDzyL.jpg,videos/0710-7WaDzyL.gif,videos/0710-7WaDzyL.gif,true,false
1358,side lying floor stretch,exercisedb,1358,back,back,obliques,body weight,,"Lie on your side with your legs straight and your bottom arm extended straight overhead. Bend your top knee and place your foot on the ground in front of your bottom leg. Reach your top arm over your head and grab onto something stable, like a wall or a piece of furniture. Slowly lift your bottom leg off the ground, keeping it straight, until you feel a stretch in your side. Hold the stretch for 20-30 seconds, then slowly lower your leg back down. Repeat on the other side.",images/1358-jDOKRM5.jpg,videos/1358-jDOKRM5.gif,videos/1358-jDOKRM5.gif,true,false
3667,side lying hip adduction (male),exercisedb,3667,upper legs,upper legs,glutes,body weight,,"Lie on your side with your legs straight and stacked on top of each other. Place your bottom arm under your head for support. Engage your adductors and lift your top leg as high as possible without rotating your hips or leaning backward. Pause for a moment at the top, then slowly lower your leg back down to the starting position. Repeat for the desired number of repetitions, then switch sides.",images/3667-c8f5cSY.jpg,videos/3667-c8f5cSY.gif,videos/3667-c8f5cSY.gif,true,false
1775,side plank hip adduction,exercisedb,1775,upper legs,upper legs,obliques,body weight,,"Start by lying on your side with your legs extended and stacked on top of each other. Prop yourself up on your forearm, keeping your elbow directly below your shoulder. Engage your core and lift your hips off the ground, creating a straight line from your head to your feet. While maintaining the side plank position, lift your top leg towards the ceiling, keeping it straight. Slowly lower your leg back down to the starting position. Repeat for the desired number of repetitions, then switch sides.",images/1775-VO2qeJg.jpg,videos/1775-VO2qeJg.gif,videos/1775-VO2qeJg.gif,true,false
0716,side push neck stretch,exercisedb,0716,neck,neck,trapezius,body weight,,"Stand or sit up straight with your shoulders relaxed. Tilt your head to the right, bringing your right ear towards your right shoulder. Place your right hand on the left side of your head and gently apply pressure to increase the stretch. Hold the stretch for 15-30 seconds. Repeat on the other side, tilting your head to the left and applying pressure with your left hand. Repeat the stretch 2-3 times on each side.",images/0716-oQRJYkC.jpg,videos/0716-oQRJYkC.gif,videos/0716-oQRJYkC.gif,true,false
0717,side push-up,exercisedb,0717,upper arms,upper arms,shoulders,body weight,,"Start by lying on your side with your legs extended and stacked on top of each other. Place your bottom hand on the ground directly under your shoulder, fingers pointing forward. Press through your bottom hand to lift your body off the ground, keeping your legs straight and your core engaged. Extend your top arm straight up towards the ceiling, creating a straight line from your head to your heels. Lower your body back down to the starting position with control. Repeat for the desired number of repetitions, then switch sides.",images/0717-wpbD28t.jpg,videos/0717-wpbD28t.gif,videos/0717-wpbD28t.gif,true,false
0721,side wrist pull stretch,exercisedb,0721,lower arms,lower arms,wrists,body weight,,"Stand with your feet shoulder-width apart and your arms extended in front of you. Extend your right arm out to the side, parallel to the ground, with your palm facing down. With your left hand, grab your right hand and gently pull it towards your body, feeling a stretch in your right forearm. Hold the stretch for 15-30 seconds, then release. Repeat on the other side.",images/0721-UtmIqcI.jpg,videos/0721-UtmIqcI.gif,videos/0721-UtmIqcI.gif,true,false
0720,side-to-side chin,exercisedb,0720,back,back,biceps,body weight,,"Stand with your feet shoulder-width apart and your knees slightly bent. Grasp a pull-up bar with an overhand grip, hands slightly wider than shoulder-width apart. Hang from the bar with your arms fully extended and your body relaxed. Pull yourself up by bending your elbows and bringing your chin towards the bar, while keeping your body straight. Once your chin is above the bar, lower yourself back down to the starting position. Repeat for the desired number of repetitions.",images/0720-isAAZWA.jpg,videos/0720-isAAZWA.gif,videos/0720-isAAZWA.gif,true,false
3213,side-to-side toe touch (male),exercisedb,3213,waist,waist,obliques,body weight,,"Stand with your feet shoulder-width apart and your arms extended to the sides. Bend at the waist to the right, reaching your right hand towards your right foot while keeping your left hand extended to the side. Return to the starting position and then bend at the waist to the left, reaching your left hand towards your left foot while keeping your right hand extended to the side. Repeat the side-to-side bending motion for the desired number of repetitions.",images/3213-WCAvOfC.jpg,videos/3213-WCAvOfC.gif,videos/3213-WCAvOfC.gif,true,false
0725,single arm push-up,exercisedb,0725,chest,chest,triceps,body weight,,"Start in a push-up position with your hands shoulder-width apart and one hand placed slightly wider than the other. Engage your core and lower your body towards the ground by bending your elbows, keeping your back straight. As you lower yourself, shift your weight to one side and lift the opposite arm off the ground, extending it straight out to the side. Push through your chest and triceps to raise your body back up to the starting position, while simultaneously lowering your extended arm back to the ground. Repeat the movement, alternating the arm you extend with each repetition.",images/0725-MUic5zN.jpg,videos/0725-MUic5zN.gif,videos/0725-MUic5zN.gif,true,false
3645,single leg bridge with outstretched leg,exercisedb,3645,upper legs,upper legs,hamstrings,body weight,,"Lie on your back with your knees bent and feet flat on the ground. Extend one leg straight out in front of you. Engage your glutes and lift your hips off the ground, forming a straight line from your knees to your shoulders. Hold for a moment at the top, then slowly lower your hips back down to the starting position. Repeat for the desired number of repetitions, then switch legs.",images/3645-rmEukuS.jpg,videos/3645-rmEukuS.gif,videos/3645-rmEukuS.gif,true,false
0727,single leg calf raise (on a dumbbell),exercisedb,0727,lower legs,lower legs,ankles,dumbbell,,"Stand with your feet hip-width apart and hold a dumbbell in one hand. Lift one foot off the ground and balance on the other foot. Slowly raise your heel as high as possible, using your calf muscles. Pause for a moment at the top, then slowly lower your heel back down. Repeat for the desired number of repetitions, then switch to the other leg.",images/0727-fKZgDEO.jpg,videos/0727-fKZgDEO.gif,videos/0727-fKZgDEO.gif,true,false
0730,single leg platform slide,exercisedb,0730,upper legs,upper legs,glutes,body weight,,"Start by standing with one foot on a platform or slide board. Bend your knee slightly and slide the foot on the platform backward, extending your leg. Keep your core engaged and maintain a straight posture throughout the movement. Slowly return to the starting position by sliding your foot back to the initial position. Repeat the movement for the desired number of repetitions, then switch legs.",images/0730-LNE3wfo.jpg,videos/0730-LNE3wfo.gif,videos/0730-LNE3wfo.gif,true,false
1759,single leg squat (pistol) male,exercisedb,1759,upper legs,upper legs,quadriceps,body weight,,"Stand with your feet shoulder-width apart and arms extended in front of you. Lift your right foot off the ground and extend it forward. Slowly lower your body down by bending your left knee and pushing your hips back. Keep your chest up and your back straight as you lower yourself down. Lower until your left thigh is parallel to the ground, or as low as you can comfortably go. Pause for a moment at the bottom, then push through your left heel to return to the starting position. Repeat for the desired number of repetitions, then switch legs.",images/1759-nqs5HGV.jpg,videos/1759-nqs5HGV.gif,videos/1759-nqs5HGV.gif,true,false
1489,sissy squat,exercisedb,1489,upper legs,upper legs,calves,body weight,,"Stand with your feet shoulder-width apart and your toes pointing slightly outward. Hold onto a stable object for balance if needed. Slowly lower your body by bending your knees and leaning back, keeping your torso upright. Continue lowering until your thighs are parallel to the ground or as far as you can comfortably go. Pause for a moment, then push through your heels to return to the starting position. Repeat for the desired number of repetitions.",images/1489-xdYPUtE.jpg,videos/1489-xdYPUtE.gif,videos/1489-xdYPUtE.gif,true,false
0735,sit-up v. 2,exercisedb,0735,waist,waist,hip flexors,body weight,,"Lie flat on your back with your knees bent and feet flat on the ground. Place your hands behind your head with your elbows pointing outwards. Engaging your abs, slowly lift your upper body off the ground, curling forward until your torso is at a 45-degree angle. Pause for a moment at the top, then slowly lower your upper body back down to the starting position. Repeat for the desired number of repetitions.",images/0735-Bn6TXyO.jpg,videos/0735-Bn6TXyO.gif,videos/0735-Bn6TXyO.gif,true,false
3679,sit-up with arms on chest,exercisedb,3679,waist,waist,hip flexors,body weight,,"Lie flat on your back with your knees bent and feet flat on the ground. Cross your arms over your chest. Engaging your abs, lift your upper body off the ground towards your knees. Pause for a moment at the top, then slowly lower your upper body back down to the starting position. Repeat for the desired number of repetitions.",images/3679-6ZCiYWQ.jpg,videos/3679-6ZCiYWQ.gif,videos/3679-6ZCiYWQ.gif,true,false
3361,skater hops,exercisedb,3361,cardio,cardio,quadriceps,body weight,,"Stand with your feet shoulder-width apart. Bend your knees slightly and jump to the right, landing on your right foot. As you land, swing your left leg behind your right leg and tap the ground with your left toes. Immediately jump to the left, landing on your left foot. As you land, swing your right leg behind your left leg and tap the ground with your right toes. Continue alternating sides, jumping and tapping the ground with each leg. Repeat for the desired number of repetitions.",images/3361-zfNHMN9.jpg,videos/3361-zfNHMN9.gif,videos/3361-zfNHMN9.gif,true,false
2142,ski ergometer,exercisedb,2142,upper arms,upper arms,shoulders,skierg machine,,"Adjust the seat height and footrests to a comfortable position. Grasp the handles with an overhand grip, palms facing down. Sit up straight with your feet flat on the footrests. Extend your arms straight out in front of you, keeping your elbows slightly bent. Engage your triceps and push the handles down towards your thighs. Pause for a moment at the bottom, then slowly return to the starting position. Repeat for the desired number of repetitions.",images/2142-vpQaQkH.jpg,videos/2142-vpQaQkH.gif,videos/2142-vpQaQkH.gif,true,false
3671,ski step,exercisedb,3671,cardio,cardio,quadriceps,body weight,,"Stand with your feet shoulder-width apart. Bend your knees slightly and keep your back straight. Jump to the right, landing on your right foot while swinging your left leg behind your right leg. Immediately jump to the left, landing on your left foot while swinging your right leg behind your left leg. Continue alternating jumps from side to side, mimicking a skiing motion. Repeat for the desired number of repetitions.",images/3671-5MRH8H2.jpg,videos/3671-5MRH8H2.gif,videos/3671-5MRH8H2.gif,true,false
3304,skin the cat,exercisedb,3304,back,back,shoulders,body weight,,"Start by hanging from a bar with your arms fully extended and your body relaxed. Engage your core and lift your legs up, bringing your knees towards your chest. Continue to lift your legs up and over your head, allowing your body to pass through the arms. Once your legs are fully extended over your head, begin to lower them back down towards the starting position. As you lower your legs, allow your body to pass back through the arms until you are hanging with your arms fully extended again. Repeat for the desired number of repetitions.",images/3304-MSfvriJ.jpg,videos/3304-MSfvriJ.gif,videos/3304-MSfvriJ.gif,true,false
1425,sled 45 degrees one leg press,exercisedb,1425,upper legs,upper legs,quadriceps,sled machine,,"Adjust the sled machine to a 45-degree angle. Sit on the sled machine with your back against the pad and your feet on the footplate. Place one foot on the footplate and extend your leg, pushing the sled away from you. Slowly bend your knee and lower the sled back to the starting position. Repeat with the other leg. Continue alternating legs for the desired number of repetitions.",images/1425-WWD6FzI.jpg,videos/1425-WWD6FzI.gif,videos/1425-WWD6FzI.gif,true,false
0738,sled 45в° calf press,exercisedb,0738,lower legs,lower legs,hamstrings,sled machine,,"Adjust the sled machine to a 45-degree angle. Place your feet on the sled platform with your toes pointing forward. Push the sled platform away from you by extending your ankles and calves. Pause for a moment at the top, then slowly lower the sled platform back to the starting position. Repeat for the desired number of repetitions.",images/0738-qCNVnaU.jpg,videos/0738-qCNVnaU.gif,videos/0738-qCNVnaU.gif,true,false
0739,sled 45в° leg press,exercisedb,0739,upper legs,upper legs,quadriceps,sled machine,,"Adjust the seat and footplate of the sled machine to a comfortable position. Sit on the sled machine with your back against the backrest and your feet shoulder-width apart on the footplate. Grip the handles on the sides of the seat for stability. Push the footplate away from your body by extending your legs, keeping your heels on the footplate. Continue pushing until your legs are almost fully extended, but without locking your knees. Pause for a moment at the top of the movement, then slowly lower the footplate back towards your body by bending your knees. Repeat for the desired number of repetitions.",images/0739-10Z2DXU.jpg,videos/0739-10Z2DXU.gif,videos/0739-10Z2DXU.gif,true,false
1464,sled 45в° leg press (back pov),exercisedb,1464,upper legs,upper legs,quadriceps,sled machine,,"Adjust the seat of the sled machine so that your knees are at a 45-degree angle. Sit on the sled machine with your back against the backrest and your feet shoulder-width apart on the footplate. Grip the handles on the sides of the seat for stability. Push the footplate away from your body by extending your legs, keeping your heels on the footplate. Pause for a moment at the fully extended position. Slowly bend your knees and lower the footplate back towards your body, controlling the movement. Repeat for the desired number of repetitions.",images/1464-yn2lLSI.jpg,videos/1464-yn2lLSI.gif,videos/1464-yn2lLSI.gif,true,false
1463,sled 45° leg press (side pov),exercisedb,1463,upper legs,upper legs,quadriceps,sled machine,,"Adjust the seat of the sled machine so that your knees are at a 90-degree angle when your feet are on the footplate. Sit on the sled machine with your back flat against the backrest and your feet shoulder-width apart on the footplate. Grip the handles on the sides of the seat for stability. Push against the footplate to extend your legs, straightening them completely. Pause for a moment at the top, then slowly bend your knees to lower the footplate back to the starting position. Repeat for the desired number of repetitions.",images/1463-2Qh2J1e.jpg,videos/1463-2Qh2J1e.gif,videos/1463-2Qh2J1e.gif,true,false
0740,sled 45в° leg wide press,exercisedb,0740,upper legs,upper legs,quadriceps,sled machine,,"Adjust the sled machine to a 45-degree angle. Sit on the sled machine with your back against the pad and your feet on the foot platform. Position your feet wider than shoulder-width apart. Push against the foot platform to extend your legs and straighten your knees. Pause for a moment at the end of the movement, then slowly bend your knees to return to the starting position. Repeat for the desired number of repetitions.",images/0740-tj41Nu6.jpg,videos/0740-tj41Nu6.gif,videos/0740-tj41Nu6.gif,true,false
1391,sled calf press on leg press,exercisedb,1391,lower legs,lower legs,hamstrings,sled machine,,"Adjust the seat of the leg press machine so that your knees are slightly bent when your feet are on the sled. Place your feet shoulder-width apart on the sled, with your toes pointing forward. Release the safety handles and push the sled away from you by extending your knees and ankles. Pause for a moment at the top of the movement, then slowly lower the sled back down by bending your knees and ankles. Repeat for the desired number of repetitions.",images/1391-ykHcWme.jpg,videos/1391-ykHcWme.gif,videos/1391-ykHcWme.gif,true,false
0741,sled closer hack squat,exercisedb,0741,upper legs,upper legs,quadriceps,sled machine,,"Adjust the sled machine to a comfortable weight and position yourself with your back against the pad. Place your feet shoulder-width apart on the platform, toes slightly pointed outwards. Grip the handles on the sides of the machine for stability. Engage your core and slowly lower your body by bending your knees and hips, keeping your back straight. Continue lowering until your thighs are parallel to the ground or slightly below. Pause for a moment at the bottom, then push through your heels to extend your legs and return to the starting position. Repeat for the desired number of repetitions.",images/0741-gf3ZjB9.jpg,videos/0741-gf3ZjB9.gif,videos/0741-gf3ZjB9.gif,true,false
0742,sled forward angled calf raise,exercisedb,0742,lower legs,lower legs,hamstrings,sled machine,,"Adjust the sled machine to a comfortable weight and position yourself on the machine with your toes on the platform and your heels hanging off. Place your hands on the handles or the sides of the machine for support. Engage your calves and slowly raise your heels as high as possible, pushing against the resistance of the sled. Pause for a moment at the top of the movement, then slowly lower your heels back down to the starting position. Repeat for the desired number of repetitions.",images/0742-XDOiFns.jpg,videos/0742-XDOiFns.gif,videos/0742-XDOiFns.gif,true,false
0743,sled hack squat,exercisedb,0743,upper legs,upper legs,quadriceps,sled machine,,"Adjust the sled machine to a comfortable position for your height. Stand with your feet shoulder-width apart on the platform, toes slightly pointed outwards. Hold onto the handles or bars for stability. Lower your body by bending your knees and hips, keeping your back straight and chest up. Continue lowering until your thighs are parallel to the ground or slightly below. Pause for a moment, then push through your heels to raise your body back up to the starting position. Repeat for the desired number of repetitions.",images/0743-Qa55kX1.jpg,videos/0743-Qa55kX1.gif,videos/0743-Qa55kX1.gif,true,false
2334,sled lying calf press,exercisedb,2334,lower legs,lower legs,hamstrings,sled machine,,"Adjust the sled machine to a comfortable weight. Sit on the sled machine with your back against the pad and your feet on the platform. Place your toes and the balls of your feet on the edge of the platform, with your heels hanging off. Push the platform away from you by extending your ankles, keeping your knees slightly bent. Continue pushing until your calves are fully contracted. Hold the contraction for a moment, then slowly lower the platform back to the starting position. Repeat for the desired number of repetitions.",images/2334-g376LuL.jpg,videos/2334-g376LuL.gif,videos/2334-g376LuL.gif,true,false
0744,sled lying squat,exercisedb,0744,upper legs,upper legs,quadriceps,sled machine,,Adjust the sled machine to a comfortable weight. Lie on your back on the sled machine with your feet on the footplate. Position your feet shoulder-width apart and slightly angled outwards. Grip the handles of the sled machine for stability. Engage your glutes and core muscles. Push through your heels and extend your legs to lift the sled. Lower the sled back down by bending your knees and hips. Repeat for the desired number of repetitions.,images/0744-9n2149Z.jpg,videos/0744-9n2149Z.gif,videos/0744-9n2149Z.gif,true,false
1392,sled one leg calf press on leg press,exercisedb,1392,lower legs,lower legs,hamstrings,sled machine,,"Adjust the seat of the leg press machine so that your knees are slightly bent when your feet are on the sled. Sit on the machine with your back against the backrest and your feet on the sled, shoulder-width apart. Place your toes and the balls of your feet on the sled, keeping your heels off. Push the sled forward by extending your ankles, keeping your knees slightly bent. Pause for a moment at the top, then slowly lower the sled back down by flexing your ankles. Repeat for the desired number of repetitions.",images/1392-u0pLNgz.jpg,videos/1392-u0pLNgz.gif,videos/1392-u0pLNgz.gif,true,false
1496,sledge hammer,exercisedb,1496,waist,waist,forearms,hammer,,"Stand with your feet shoulder-width apart and hold the sledge hammer with both hands. Engage your core and keep your back straight. Swing the sledge hammer down towards the ground, using your core and upper body strength. As you swing down, pivot your hips and transfer the force to the hammer. Repeat for the desired number of repetitions.",images/1496-REXmfVC.jpg,videos/1496-REXmfVC.gif,videos/1496-REXmfVC.gif,true,false
0746,smith back shrug,exercisedb,0746,back,back,shoulders,smith machine,,"Stand with your feet shoulder-width apart and your knees slightly bent. Grasp the barbell with an overhand grip, hands slightly wider than shoulder-width apart. Keep your arms straight and allow the barbell to hang in front of your thighs. Lift your shoulders straight up towards your ears, squeezing your traps at the top. Hold for a moment, then lower your shoulders back down to the starting position. Repeat for the desired number of repetitions.",images/0746-MzNnwx9.jpg,videos/0746-MzNnwx9.gif,videos/0746-MzNnwx9.gif,true,false
0747,smith behind neck press,exercisedb,0747,shoulders,shoulders,triceps,smith machine,,"Adjust the seat height of the smith machine so that the bar is at shoulder level. Stand with your feet shoulder-width apart and your knees slightly bent. Grasp the bar with an overhand grip, slightly wider than shoulder-width apart. Lift the bar off the rack and step back, maintaining a stable stance. Lower the bar down to the back of your neck, keeping your elbows pointing forward. Press the bar up overhead until your arms are fully extended. Pause for a moment at the top, then slowly lower the bar back down to the starting position. Repeat for the desired number of repetitions.",images/0747-Gpn4ADc.jpg,videos/0747-Gpn4ADc.gif,videos/0747-Gpn4ADc.gif,true,false
0748,smith bench press,exercisedb,0748,chest,chest,triceps,smith machine,,"Adjust the height of the smith machine bar to chest level. Lie flat on the bench with your feet firmly planted on the ground. Grip the bar with an overhand grip slightly wider than shoulder-width apart. Unrack the bar and lower it towards your chest, keeping your elbows tucked in. Pause for a moment when the bar touches your chest. Push the bar back up to the starting position, fully extending your arms. Repeat for the desired number of repetitions.",images/0748-trqKQv2.jpg,videos/0748-trqKQv2.gif,videos/0748-trqKQv2.gif,true,false
0749,smith bent knee good morning,exercisedb,0749,upper legs,upper legs,hamstrings,smith machine,,"Start by standing with your feet shoulder-width apart, toes pointing forward. Place the barbell across your upper back, resting it on your traps. Bend your knees slightly and hinge forward at the hips, keeping your back straight. Lower your torso until it is parallel to the ground, feeling a stretch in your hamstrings. Engage your glutes and hamstrings to raise your torso back up to the starting position. Repeat for the desired number of repetitions.",images/0749-1bQkKZK.jpg,videos/0749-1bQkKZK.gif,videos/0749-1bQkKZK.gif,true,false
1359,smith bent over row,exercisedb,1359,back,back,biceps,smith machine,,"Set up the smith machine with the bar at hip height. Stand facing the bar with your feet shoulder-width apart. Bend your knees slightly and hinge forward at the hips, keeping your back straight. Grasp the bar with an overhand grip, hands slightly wider than shoulder-width apart. Pull the bar towards your lower chest, squeezing your shoulder blades together. Pause for a moment at the top, then slowly lower the bar back down to the starting position. Repeat for the desired number of repetitions.",images/1359-ZX9UZmj.jpg,videos/1359-ZX9UZmj.gif,videos/1359-ZX9UZmj.gif,true,false
0750,smith chair squat,exercisedb,0750,upper legs,upper legs,glutes,smith machine,,"Adjust the height of the smith machine bar to a comfortable position. Stand with your feet shoulder-width apart, toes slightly turned out. Place the barbell across your upper back, resting it on your traps. Engage your core and keep your chest up as you slowly lower your body by bending your knees and hips. Continue lowering until your thighs are parallel to the ground, or as low as you can comfortably go. Pause for a moment, then push through your heels to return to the starting position. Repeat for the desired number of repetitions.",images/0750-Gu2rNJd.jpg,videos/0750-Gu2rNJd.gif,videos/0750-Gu2rNJd.gif,true,false
0751,smith close-grip bench press,exercisedb,0751,upper arms,upper arms,chest,smith machine,,"Adjust the seat height and position yourself on the bench with your feet flat on the ground. Grasp the barbell with a close grip, slightly narrower than shoulder-width apart. Lower the barbell towards your chest, keeping your elbows close to your body. Pause for a moment at the bottom, then push the barbell back up to the starting position. Repeat for the desired number of repetitions.",images/0751-WcHl7ru.jpg,videos/0751-WcHl7ru.gif,videos/0751-WcHl7ru.gif,true,false
0752,smith deadlift,exercisedb,0752,upper legs,upper legs,hamstrings,smith machine,,"Set up the smith machine with the bar at hip height. Stand with your feet shoulder-width apart, toes pointing slightly outward. Bend at the hips and knees, keeping your back straight and chest up, and grip the bar with an overhand grip slightly wider than shoulder-width apart. Engage your core and lift the bar by extending your hips and knees, keeping the bar close to your body. Stand up straight, fully extending your hips and knees. Lower the bar back down by bending at the hips and knees, maintaining control and keeping your back straight. Repeat for the desired number of repetitions.",images/0752-UfePqpx.jpg,videos/0752-UfePqpx.gif,videos/0752-UfePqpx.gif,true,false
0753,smith decline bench press,exercisedb,0753,chest,chest,triceps,smith machine,,"Adjust the decline bench to the desired angle. Lie down on the bench with your feet secured under the foot pads. Grasp the barbell with an overhand grip slightly wider than shoulder-width apart. Unrack the barbell and lower it slowly towards your chest, keeping your elbows tucked in. Pause for a moment at the bottom, then push the barbell back up to the starting position. Repeat for the desired number of repetitions.",images/0753-ETZfAbZ.jpg,videos/0753-ETZfAbZ.gif,videos/0753-ETZfAbZ.gif,true,false
0754,smith decline reverse-grip press,exercisedb,0754,chest,chest,triceps,smith machine,,"Adjust the smith machine to a decline position. Lie down on the bench with your feet secured under the foot pads. Grasp the barbell with a reverse grip, hands slightly wider than shoulder-width apart. Unrack the barbell and lower it towards your chest, keeping your elbows tucked in. Pause for a moment at the bottom, then push the barbell back up to the starting position. Repeat for the desired number of repetitions.",images/0754-MY9P1WA.jpg,videos/0754-MY9P1WA.gif,videos/0754-MY9P1WA.gif,true,false
1433,smith front squat (clean grip),exercisedb,1433,upper legs,upper legs,quadriceps,smith machine,,"Set up the smith machine with the barbell at shoulder height. Stand facing the barbell with your feet shoulder-width apart. Grasp the barbell with an overhand grip, slightly wider than shoulder-width apart. Step back and position the barbell on your front shoulders, resting it on your collarbone and deltoids. Keep your chest up, back straight, and core engaged. Lower your body by bending at the knees and hips, as if sitting back into a chair. Continue lowering until your thighs are parallel to the ground or slightly below. Pause for a moment, then push through your heels to return to the starting position. Repeat for the desired number of repetitions.",images/1433-lFhb2Rw.jpg,videos/1433-lFhb2Rw.gif,videos/1433-lFhb2Rw.gif,true,false
3281,smith full squat,exercisedb,3281,upper legs,upper legs,quadriceps,smith machine,,"Set up the smith machine with the barbell at shoulder height. Stand with your feet shoulder-width apart, toes slightly turned out. Step under the bar and position it across your upper back, resting on your traps. Grip the bar with your hands slightly wider than shoulder-width apart. Unrack the bar and take a step back, maintaining a stable stance. Keeping your chest up and core engaged, initiate the squat by pushing your hips back and bending your knees. Lower your body until your thighs are parallel to the ground, or as low as your flexibility allows. Pause for a moment at the bottom, then drive through your heels to return to the starting position. Repeat for the desired number of repetitions.",images/3281-NNoHCEA.jpg,videos/3281-NNoHCEA.gif,videos/3281-NNoHCEA.gif,true,false
0755,smith hack squat,exercisedb,0755,upper legs,upper legs,quadriceps,smith machine,,"Adjust the barbell on the smith machine to an appropriate height for your body. Stand with your feet shoulder-width apart, toes slightly pointed outwards. Position yourself under the barbell, resting it on your upper traps and shoulders. Grasp the barbell with an overhand grip, slightly wider than shoulder-width apart. Engage your core and keep your chest up as you unrack the barbell. Take a step back and position your feet slightly wider than shoulder-width apart. Bend your knees and lower your body down, keeping your chest up and back straight. Continue descending until your thighs are parallel to the ground or slightly below. Pause for a moment at the bottom, then push through your heels to return to the starting position. Repeat for the desired number of repetitions.",images/0755-ZuPXtCK.jpg,videos/0755-ZuPXtCK.gif,videos/0755-ZuPXtCK.gif,true,false
0756,smith hip raise,exercisedb,0756,waist,waist,glutes,smith machine,,"Position yourself on the smith machine with your back against the pad and your feet shoulder-width apart. Place your hands on the barbell, slightly wider than shoulder-width apart. Engage your core and glutes, then push through your heels to raise your hips off the ground. Continue lifting until your body forms a straight line from your knees to your shoulders. Hold for a moment at the top, then slowly lower your hips back down to the starting position. Repeat for the desired number of repetitions.",images/0756-CqhoytW.jpg,videos/0756-CqhoytW.gif,videos/0756-CqhoytW.gif,true,false
0757,smith incline bench press,exercisedb,0757,chest,chest,shoulders,smith machine,,"Adjust the bench to a 30-45 degree incline. Sit on the bench with your back flat against the pad and feet firmly on the ground. Grasp the barbell with an overhand grip slightly wider than shoulder-width apart. Unrack the barbell and lower it slowly towards your upper chest, keeping your elbows slightly tucked in. Pause for a moment at the bottom, then push the barbell back up to the starting position, fully extending your arms. Repeat for the desired number of repetitions.",images/0757-5v7KYld.jpg,videos/0757-5v7KYld.gif,videos/0757-5v7KYld.gif,true,false
0758,smith incline reverse-grip press,exercisedb,0758,chest,chest,triceps,smith machine,,"Adjust the seat of the smith machine to a comfortable incline angle. Sit on the machine with your back against the pad and your feet flat on the ground. Grasp the bar with an overhand grip that is slightly wider than shoulder-width apart. Unrack the bar and lower it slowly towards your chest, keeping your elbows tucked in. Pause for a moment when the bar is just above your chest. Push the bar back up to the starting position, fully extending your arms. Repeat for the desired number of repetitions.",images/0758-78VqWQK.jpg,videos/0758-78VqWQK.gif,videos/0758-78VqWQK.gif,true,false
0759,smith incline shoulder raises,exercisedb,0759,chest,chest,deltoids,smith machine,,"Adjust the smith machine to an incline position. Stand facing the machine with your feet shoulder-width apart. Grasp the bar with an overhand grip, slightly wider than shoulder-width apart. Keep your back straight and core engaged. Raise the barbell up towards the ceiling, leading with your elbows. Pause for a moment at the top, then slowly lower the barbell back down to the starting position. Repeat for the desired number of repetitions.",images/0759-ayAHcEm.jpg,videos/0759-ayAHcEm.gif,videos/0759-ayAHcEm.gif,true,false
0760,smith leg press,exercisedb,0760,upper legs,upper legs,quadriceps,smith machine,,"Adjust the seat and footplate of the smith machine to a comfortable position. Sit on the machine with your back against the backrest and your feet shoulder-width apart on the footplate. Grasp the handles or sides of the machine for stability. Push the footplate away from you by extending your legs, keeping your back against the backrest. Pause for a moment at the fully extended position. Slowly bend your knees and lower the footplate back towards you, returning to the starting position. Repeat for the desired number of repetitions.",images/0760-7zdxRTl.jpg,videos/0760-7zdxRTl.gif,videos/0760-7zdxRTl.gif,true,false
1434,smith low bar squat,exercisedb,1434,upper legs,upper legs,quadriceps,smith machine,,"Set up the smith machine with the barbell at a height that allows you to comfortably rest it on your upper back. Stand with your feet shoulder-width apart, toes slightly turned outwards. Step under the bar and position it across your upper back, resting it on your traps. Grip the bar with your hands slightly wider than shoulder-width apart. Unrack the bar by straightening your legs and stepping back from the rack. Take a deep breath and brace your core. Initiate the squat by pushing your hips back and bending your knees. Lower your body until your thighs are parallel to the ground or slightly below. Keep your chest up and your back straight throughout the movement. Drive through your heels to stand back up, extending your hips and knees. Repeat for the desired number of repetitions.",images/1434-RGLscZM.jpg,videos/1434-RGLscZM.gif,videos/1434-RGLscZM.gif,true,false
1683,smith machine bicep curl,exercisedb,1683,upper arms,upper arms,forearms,smith machine,,"Adjust the height of the smith machine bar to be at waist level. Stand facing the smith machine with your feet shoulder-width apart. Grasp the bar with an underhand grip, hands slightly wider than shoulder-width apart. Keep your elbows close to your sides and your upper arms stationary. Exhale and curl the bar up towards your shoulders, contracting your biceps. Pause for a moment at the top of the movement, squeezing your biceps. Inhale and slowly lower the bar back down to the starting position. Repeat for the desired number of repetitions.",images/1683-zILLZ98.jpg,videos/1683-zILLZ98.gif,videos/1683-zILLZ98.gif,true,false
1625,smith machine decline close grip bench press,exercisedb,1625,upper arms,upper arms,chest,smith machine,,"Adjust the bench on the smith machine to a decline position. Lie down on the bench with your feet firmly planted on the ground. Grasp the barbell with a close grip, slightly narrower than shoulder-width apart. Unrack the barbell and lower it slowly towards your chest, keeping your elbows close to your body. Pause for a moment when the barbell is just above your chest. Push the barbell back up to the starting position, fully extending your arms. Repeat for the desired number of repetitions.",images/1625-yB9SvIF.jpg,videos/1625-yB9SvIF.gif,videos/1625-yB9SvIF.gif,true,false
1752,smith machine incline tricep extension,exercisedb,1752,upper arms,upper arms,shoulders,smith machine,,"Adjust the seat of the smith machine so that the bar is at shoulder height. Sit on the bench with your back against the pad and your feet flat on the ground. Grasp the bar with an overhand grip, slightly wider than shoulder-width apart. Extend your arms fully, lifting the bar off the rack and holding it directly above your chest. Lower the bar slowly towards your forehead, keeping your elbows close to your head. Pause for a moment at the bottom, then push the bar back up to the starting position. Repeat for the desired number of repetitions.",images/1752-o8aOcrz.jpg,videos/1752-o8aOcrz.gif,videos/1752-o8aOcrz.gif,true,false
1626,smith machine reverse decline close grip bench press,exercisedb,1626,chest,chest,triceps,smith machine,,"Adjust the smith machine to a decline position. Lie down on the bench with your feet secured under the foot pads. Grasp the barbell with a close grip, slightly narrower than shoulder-width apart. Unrack the barbell and lower it slowly towards your chest, keeping your elbows tucked in. Pause for a moment at the bottom, then push the barbell back up to the starting position. Repeat for the desired number of repetitions.",images/1626-QyO6Uma.jpg,videos/1626-QyO6Uma.gif,videos/1626-QyO6Uma.gif,true,false
0761,smith narrow row,exercisedb,0761,back,back,biceps,smith machine,,"Adjust the seat height and position yourself on the machine with your feet flat on the floor. Grasp the handles with an overhand grip, slightly narrower than shoulder-width apart. Keep your back straight and your chest up as you pull the handles towards your body, squeezing your shoulder blades together. Pause for a moment at the peak of the movement, then slowly release the handles back to the starting position. Repeat for the desired number of repetitions.",images/0761-JGKowMS.jpg,videos/0761-JGKowMS.gif,videos/0761-JGKowMS.gif,true,false
1360,smith one arm row,exercisedb,1360,back,back,biceps,smith machine,,"Adjust the height of the smith machine bar to waist level. Stand facing the smith machine with your feet shoulder-width apart. Bend your knees slightly and hinge forward at the hips, keeping your back straight. Grasp the bar with one hand using an overhand grip, with your palm facing down. Keep your elbow close to your body and pull the bar towards your waist, squeezing your shoulder blades together. Pause for a moment at the top of the movement, then slowly lower the bar back to the starting position. Repeat for the desired number of repetitions, then switch to the other arm.",images/1360-Q4DSJPC.jpg,videos/1360-Q4DSJPC.gif,videos/1360-Q4DSJPC.gif,true,false
1393,smith one leg floor calf raise,exercisedb,1393,lower legs,lower legs,hamstrings,smith machine,,"Position yourself on the floor under the smith machine bar, facing away from the machine. Place the balls of your feet on a raised surface, such as a weight plate or block. Position the smith machine bar across your lower legs, just above your ankles. Hold onto the bar with your hands for stability. Raise your heels off the ground by extending your ankles, lifting your body up. Pause at the top of the movement, then slowly lower your heels back down to the starting position. Repeat for the desired number of repetitions.",images/1393-9GXrTE6.jpg,videos/1393-9GXrTE6.gif,videos/1393-9GXrTE6.gif,true,false
0762,smith rear delt row,exercisedb,0762,shoulders,shoulders,trapezius,smith machine,,"Adjust the seat height and position yourself on the machine with your chest against the pad and your feet flat on the ground. Grasp the handles with an overhand grip, slightly wider than shoulder-width apart. Keep your back straight and your core engaged as you pull the handles towards your chest, squeezing your shoulder blades together. Pause for a moment at the top of the movement, then slowly release the handles back to the starting position. Repeat for the desired number of repetitions.",images/0762-nFUwqG6.jpg,videos/0762-nFUwqG6.gif,videos/0762-nFUwqG6.gif,true,false
0763,smith reverse calf raises,exercisedb,0763,lower legs,lower legs,hamstrings,smith machine,,"Adjust the smith machine bar to a height just below your shoulders. Stand facing the bar with your feet hip-width apart and toes pointing forward. Place the balls of your feet on the edge of a step or platform, with your heels hanging off. Hold onto the bar for support, keeping your back straight and core engaged. Raise your heels as high as possible, lifting your body weight onto the balls of your feet. Pause for a moment at the top, then slowly lower your heels back down to the starting position. Repeat for the desired number of repetitions.",images/0763-ywaNfuh.jpg,videos/0763-ywaNfuh.gif,videos/0763-ywaNfuh.gif,true,false
1394,smith reverse calf raises,exercisedb,1394,lower legs,lower legs,hamstrings,smith machine,,"Adjust the smith machine bar to a height just below your shoulders. Stand facing the bar with your feet hip-width apart and toes pointing forward. Place the balls of your feet on the edge of a step or platform, with your heels hanging off. Hold onto the bar for support. Raise your heels as high as possible, lifting your body up onto your toes. Pause for a moment at the top, then slowly lower your heels back down to the starting position. Repeat for the desired number of repetitions.",images/1394-Lsqrgh4.jpg,videos/1394-Lsqrgh4.gif,videos/1394-Lsqrgh4.gif,true,false
1361,smith reverse grip bent over row,exercisedb,1361,back,back,biceps,smith machine,,"Set up the smith machine with the bar at hip height. Stand facing the bar with your feet shoulder-width apart. Bend your knees slightly and hinge forward at the hips, keeping your back straight. Grasp the bar with an underhand grip, hands shoulder-width apart. Pull the bar towards your lower chest, squeezing your shoulder blades together. Pause for a moment at the top, then slowly lower the bar back down to the starting position. Repeat for the desired number of repetitions.",images/1361-aaxA3cm.jpg,videos/1361-aaxA3cm.gif,videos/1361-aaxA3cm.gif,true,false
0764,smith reverse-grip press,exercisedb,0764,chest,chest,triceps,smith machine,,"Adjust the height of the smith machine bar to chest level. Stand facing the bar with your feet shoulder-width apart. Grasp the bar with an overhand grip, hands slightly wider than shoulder-width apart. Step back and position yourself with a slight bend in your knees. Keep your chest up and core engaged throughout the exercise. Lower the bar towards your chest, keeping your elbows tucked in. Pause for a moment at the bottom, then push the bar back up to the starting position. Repeat for the desired number of repetitions.",images/0764-zK8Fu1W.jpg,videos/0764-zK8Fu1W.gif,videos/0764-zK8Fu1W.gif,true,false
1395,smith seated one leg calf raise,exercisedb,1395,lower legs,lower legs,hamstrings,smith machine,,"Sit on the machine with your back against the pad and your feet on the footrest. Place one leg on the footrest and keep the other leg off the footrest. Using your calf muscles, raise your heel as high as possible. Pause for a moment at the top, then slowly lower your heel back down to the starting position. Repeat for the desired number of repetitions, then switch legs and repeat.",images/1395-0S75mYG.jpg,videos/1395-0S75mYG.gif,videos/1395-0S75mYG.gif,true,false
0765,smith seated shoulder press,exercisedb,0765,shoulders,shoulders,triceps,smith machine,,"Adjust the seat height so that the handles are at shoulder level. Sit on the machine with your back against the pad and your feet flat on the floor. Grasp the handles with an overhand grip and lift them off the supports, extending your arms fully. Lower the handles down to shoulder level, keeping your elbows slightly bent. Press the handles up overhead until your arms are fully extended. Pause for a moment at the top, then slowly lower the handles back down to shoulder level. Repeat for the desired number of repetitions.",images/0765-xUwnBMT.jpg,videos/0765-xUwnBMT.gif,videos/0765-xUwnBMT.gif,true,false
1426,smith seated wrist curl,exercisedb,1426,lower arms,lower arms,biceps,smith machine,,"Sit on a bench in front of a Smith machine with your feet flat on the ground. Grasp the barbell with an underhand grip, hands shoulder-width apart. Rest your forearms on your thighs, allowing your wrists to hang off. Slowly curl your wrists upward, bringing the barbell towards your forearms. Pause for a moment at the top, then slowly lower the barbell back down to the starting position. Repeat for the desired number of repetitions.",images/1426-B6dAO1t.jpg,videos/1426-B6dAO1t.gif,videos/1426-B6dAO1t.gif,true,false
0766,smith shoulder press,exercisedb,0766,shoulders,shoulders,triceps,smith machine,,"Adjust the seat height and position yourself on the smith machine with your feet shoulder-width apart. Grasp the bar with an overhand grip, slightly wider than shoulder-width apart. Lift the bar off the rack and position it at shoulder level, with your elbows bent and palms facing forward. Press the bar upward until your arms are fully extended overhead. Pause for a moment at the top, then slowly lower the bar back down to shoulder level. Repeat for the desired number of repetitions.",images/0766-903mzG8.jpg,videos/0766-903mzG8.gif,videos/0766-903mzG8.gif,true,false
0767,smith shrug,exercisedb,0767,back,back,shoulders,smith machine,,"Stand with your feet shoulder-width apart and your knees slightly bent. Grasp the barbell with an overhand grip, hands slightly wider than shoulder-width apart. Keep your arms straight and your shoulders relaxed. Lift your shoulders up towards your ears, squeezing your traps at the top. Hold for a moment, then slowly lower your shoulders back down to the starting position. Repeat for the desired number of repetitions.",images/0767-OUQ0ZyW.jpg,videos/0767-OUQ0ZyW.gif,videos/0767-OUQ0ZyW.gif,true,false
0768,smith single leg split squat,exercisedb,0768,upper legs,upper legs,glutes,smith machine,,"Stand in front of the smith machine with your feet shoulder-width apart. Place one foot behind you on a bench or step, with your toes pointing forward. Hold onto the smith machine bar for stability. Bend your front knee and lower your body down into a lunge position, keeping your back straight. Pause for a moment at the bottom, then push through your front heel to return to the starting position. Repeat for the desired number of repetitions, then switch legs.",images/0768-wWFspEi.jpg,videos/0768-wWFspEi.gif,videos/0768-wWFspEi.gif,true,false
0769,smith sprint lunge,exercisedb,0769,upper legs,upper legs,quadriceps,smith machine,,"Set up the smith machine with the barbell at hip height. Stand facing away from the machine with your feet shoulder-width apart. Step back with your right foot and place it on the barbell, resting the top of your foot on the bar. Bend your left knee and lower your body into a lunge position, keeping your back straight. Push through your left heel to return to the starting position. Repeat on the other side, stepping back with your left foot. Continue alternating sides for the desired number of repetitions.",images/0769-HsjbB1z.jpg,videos/0769-HsjbB1z.gif,videos/0769-HsjbB1z.gif,true,false
0770,smith squat,exercisedb,0770,upper legs,upper legs,quadriceps,smith machine,,"Set up the smith machine with the barbell at an appropriate height for your squat. Stand with your feet shoulder-width apart, toes slightly turned out. Position yourself under the barbell, resting it on your upper traps and shoulders. Grip the barbell with a wide grip, slightly wider than shoulder-width apart. Engage your core and unrack the barbell, stepping back to clear the rack. Keeping your chest up and back straight, initiate the squat by bending at the hips and knees. Lower your body until your thighs are parallel to the ground or slightly below. Pause for a moment at the bottom, then drive through your heels to return to the starting position. Repeat for the desired number of repetitions.",images/0770-jFtipLl.jpg,videos/0770-jFtipLl.gif,videos/0770-jFtipLl.gif,true,false
0771,smith standing back wrist curl,exercisedb,0771,lower arms,lower arms,biceps,smith machine,,"Stand facing the smith machine with your feet shoulder-width apart. Grasp the barbell with an overhand grip, hands shoulder-width apart. Keep your back straight and your elbows close to your body. Slowly curl your wrists upwards, bringing the barbell towards your body. Pause for a moment at the top, then slowly lower the barbell back down to the starting position. Repeat for the desired number of repetitions.",images/0771-hfmQ0Tz.jpg,videos/0771-hfmQ0Tz.gif,videos/0771-hfmQ0Tz.gif,true,false
0772,smith standing behind head military press,exercisedb,0772,shoulders,shoulders,triceps,smith machine,,"Adjust the seat height of the smith machine so that the bar is at shoulder level. Stand with your feet shoulder-width apart and your knees slightly bent. Grasp the bar with an overhand grip, slightly wider than shoulder-width apart. Lift the bar off the rack and step back, maintaining a stable stance. Position the bar behind your head, resting on your upper traps. Keep your core engaged and your chest lifted throughout the exercise. Press the bar overhead by extending your arms, fully straightening them. Pause briefly at the top of the movement, then slowly lower the bar back down to the starting position. Repeat for the desired number of repetitions.",images/0772-ht8xDrP.jpg,videos/0772-ht8xDrP.gif,videos/0772-ht8xDrP.gif,true,false
0773,smith standing leg calf raise,exercisedb,0773,lower legs,lower legs,hamstrings,smith machine,,"Adjust the smith machine bar to a height that allows you to stand with your feet flat on the ground and your shoulders under the bar. Position yourself under the bar with your feet shoulder-width apart and your toes pointing forward. Place your hands on the bar for stability. Engage your calves and slowly raise your heels off the ground, lifting your body up onto your toes. Pause for a moment at the top, then slowly lower your heels back down to the starting position. Repeat for the desired number of repetitions.",images/0773-6MaEjVA.jpg,videos/0773-6MaEjVA.gif,videos/0773-6MaEjVA.gif,true,false
0774,smith standing military press,exercisedb,0774,shoulders,shoulders,triceps,smith machine,,"Stand with your feet shoulder-width apart and your knees slightly bent. Grasp the barbell with an overhand grip, slightly wider than shoulder-width apart. Lift the barbell off the rack and bring it down to shoulder level, with your palms facing forward. Press the barbell upward until your arms are fully extended overhead. Pause for a moment at the top, then slowly lower the barbell back down to shoulder level. Repeat for the desired number of repetitions.",images/0774-jjUPrze.jpg,videos/0774-jjUPrze.gif,videos/0774-jjUPrze.gif,true,false
3142,smith sumo squat,exercisedb,3142,upper legs,upper legs,quadriceps,smith machine,,"Set up the smith machine with the barbell at hip height. Stand with your feet wider than shoulder-width apart, toes pointing outwards. Position yourself under the barbell, resting it on your upper back and shoulders. Engage your core and keep your chest up as you lower your body down into a squat position, pushing your hips back and bending your knees. Lower yourself until your thighs are parallel to the ground, or as low as you can comfortably go. Pause for a moment at the bottom, then push through your heels to return to the starting position. Repeat for the desired number of repetitions.",images/3142-dzz6BiV.jpg,videos/3142-dzz6BiV.gif,videos/3142-dzz6BiV.gif,true,false
1396,smith toe raise,exercisedb,1396,lower legs,lower legs,ankles,smith machine,,"Adjust the smith machine bar to a height that allows you to comfortably stand with your feet flat on the ground. Position yourself under the bar with your shoulders directly below it and your feet shoulder-width apart. Place the balls of your feet on a raised platform or weight plates, with your heels hanging off the edge. Grasp the bar with an overhand grip, slightly wider than shoulder-width apart. Engage your core and keep your back straight throughout the exercise. Slowly raise your heels as high as possible, lifting your body weight onto the balls of your feet. Pause for a moment at the top, then slowly lower your heels back down to the starting position. Repeat for the desired number of repetitions.",images/1396-Y4QlY8z.jpg,videos/1396-Y4QlY8z.gif,videos/1396-Y4QlY8z.gif,true,false
0775,smith upright row,exercisedb,0775,shoulders,shoulders,traps,smith machine,,"Stand with your feet shoulder-width apart, facing the smith machine. Grasp the barbell with an overhand grip, hands slightly wider than shoulder-width apart. Keep your back straight and your core engaged. Pull the barbell up towards your chin, leading with your elbows. Pause for a moment at the top, then slowly lower the barbell back down to the starting position. Repeat for the desired number of repetitions.",images/0775-1DN3iz4.jpg,videos/0775-1DN3iz4.gif,videos/0775-1DN3iz4.gif,true,false
1308,smith wide grip bench press,exercisedb,1308,chest,chest,triceps,smith machine,,"Adjust the bench to a comfortable position on the smith machine. Lie down on the bench with your feet flat on the ground. Grasp the barbell with a wide grip, slightly wider than shoulder-width apart. Unrack the barbell and lower it slowly towards your chest, keeping your elbows out to the sides. Pause for a moment when the barbell touches your chest. Push the barbell back up to the starting position, fully extending your arms. Repeat for the desired number of repetitions.",images/1308-zoOvPcx.jpg,videos/1308-zoOvPcx.gif,videos/1308-zoOvPcx.gif,true,false
1309,smith wide grip decline bench press,exercisedb,1309,chest,chest,triceps,smith machine,,"Adjust the decline bench to the desired angle. Lie down on the bench with your feet secured under the foot pads. Grasp the barbell with a wide grip, slightly wider than shoulder-width apart. Unrack the barbell and lower it slowly towards your chest, keeping your elbows pointed outwards. Pause for a moment when the barbell touches your chest. Push the barbell back up to the starting position, fully extending your arms. Repeat for the desired number of repetitions.",images/1309-wi2H9QX.jpg,videos/1309-wi2H9QX.gif,videos/1309-wi2H9QX.gif,true,false
0776,snatch pull,exercisedb,0776,upper legs,upper legs,hamstrings,barbell,,"Stand with your feet shoulder-width apart and the barbell on the ground in front of you. Bend your knees and hinge at the hips to lower into a squat position, gripping the barbell with an overhand grip. Keep your back straight and chest up as you drive through your heels to lift the barbell off the ground, extending your hips and knees. As the barbell reaches hip level, explosively pull it upwards, shrugging your shoulders and pulling your elbows high and to the sides. As the barbell reaches its highest point, quickly drop underneath it, pulling yourself into a deep squat position. Catch the barbell overhead with your arms fully extended and your knees bent. Stand up by extending your hips and knees, keeping the barbell overhead. Lower the barbell back down to the starting position by reversing the movement. Repeat for the desired number of repetitions.",images/0776-dG5Smob.jpg,videos/0776-dG5Smob.gif,videos/0776-dG5Smob.gif,true,false
0777,spell caster,exercisedb,0777,waist,waist,obliques,dumbbell,,"Stand with your feet shoulder-width apart and hold a dumbbell in one hand. Bend your knees slightly and hinge forward at the waist, keeping your back straight. Extend your arm with the dumbbell towards the opposite foot, rotating your torso as you do so. Return to the starting position and repeat on the other side. Continue alternating sides for the desired number of repetitions.",images/0777-p9cCe2r.jpg,videos/0777-p9cCe2r.gif,videos/0777-p9cCe2r.gif,true,false
1362,sphinx,exercisedb,1362,back,back,glutes,body weight,,"Lie face down on the ground with your forearms flat on the floor, elbows directly under your shoulders. Engage your core and lift your chest off the ground, keeping your forearms and toes on the floor. Hold this position for a few seconds, making sure to keep your neck in a neutral position. Slowly lower your chest back down to the starting position. Repeat for the desired number of repetitions.",images/1362-DIVyqrU.jpg,videos/1362-DIVyqrU.gif,videos/1362-DIVyqrU.gif,true,false
0778,spider crawl push up,exercisedb,0778,upper legs,upper legs,core,body weight,,"Start in a push-up position with your hands slightly wider than shoulder-width apart and your feet together. Bring your right knee towards your right elbow, keeping it off the ground. As you bring your right knee back, simultaneously lower your body towards the ground by bending your elbows. Push back up to the starting position and repeat with your left knee towards your left elbow. Continue alternating sides for the desired number of repetitions.",images/0778-P9GFBME.jpg,videos/0778-P9GFBME.gif,videos/0778-P9GFBME.gif,true,false
1363,spine stretch,exercisedb,1363,back,back,hamstrings,body weight,,"Sit on the ground with your legs extended in front of you. Place your hands on the ground behind you, fingers pointing towards your body. Engage your core and slowly lean back, keeping your back straight. Continue leaning back until you feel a stretch in your spine. Hold the stretch for a few seconds, then slowly return to the starting position. Repeat for the desired number of repetitions.",images/1363-JbC2iaV.jpg,videos/1363-JbC2iaV.gif,videos/1363-JbC2iaV.gif,true,false
2329,spine twist,exercisedb,2329,waist,waist,obliques,body weight,,"Sit on the ground with your legs extended in front of you. Bend your knees and place your feet flat on the ground, hip-width apart. Place your hands behind your head with your elbows pointing outwards. Engage your abs and slowly twist your torso to the right, bringing your right elbow towards your left knee. Pause for a moment at the end of the twist, then slowly return to the starting position. Repeat the twist to the left side, bringing your left elbow towards your right knee. Continue alternating sides for the desired number of repetitions.",images/2329-2jl9K55.jpg,videos/2329-2jl9K55.gif,videos/2329-2jl9K55.gif,true,false
2368,split squats,exercisedb,2368,upper legs,upper legs,glutes,body weight,,"Stand with your feet shoulder-width apart. Take a step forward with one foot and place it about two feet in front of the other foot. Lower your body by bending your knees and hips, keeping your back straight. Continue lowering until your front thigh is parallel to the ground, and your back knee is hovering just above the ground. Pause for a moment, then push through your front heel to return to the starting position. Repeat for the desired number of repetitions, then switch legs and repeat.",images/2368-9E25EOx.jpg,videos/2368-9E25EOx.gif,videos/2368-9E25EOx.gif,true,false
0786,squat jerk,exercisedb,0786,upper legs,upper legs,glutes,barbell,,"Start with the barbell resting on your shoulders, with your feet shoulder-width apart. Lower your body into a squat position, keeping your chest up and your knees tracking over your toes. As you reach the bottom of the squat, explosively drive through your legs and push the barbell overhead. As the barbell reaches its peak, quickly drop into a split position, with one foot forward and one foot back. Catch the barbell overhead with your arms fully extended and your back knee slightly touching the ground. Stand up from the split position, bringing your feet back together. Lower the barbell back to your shoulders and repeat for the desired number of repetitions.",images/0786-IMRsOCn.jpg,videos/0786-IMRsOCn.gif,videos/0786-IMRsOCn.gif,true,false
1705,squat on bosu ball,exercisedb,1705,upper legs,upper legs,glutes,bosu ball,,"Place the bosu ball on the ground with the flat side up. Stand with your feet shoulder-width apart and position yourself on top of the bosu ball. Lower your body down by bending your knees and hips, as if sitting back into a chair. Keep your chest up and your weight on your heels. Lower yourself until your thighs are parallel to the ground. Pause for a moment, then push through your heels to return to the starting position. Repeat for the desired number of repetitions.",images/1705-T2fA5Ir.jpg,videos/1705-T2fA5Ir.gif,videos/1705-T2fA5Ir.gif,true,false
1685,squat to overhead reach,exercisedb,1685,upper legs,upper legs,glutes,body weight,,"Stand with your feet shoulder-width apart and toes slightly turned out. Lower your body down into a squat position by bending your knees and pushing your hips back. As you come up from the squat, extend your arms overhead, reaching towards the ceiling. Return to the starting position by lowering your arms and bending your knees to squat down again. Repeat for the desired number of repetitions.",images/1685-QChZi3x.jpg,videos/1685-QChZi3x.gif,videos/1685-QChZi3x.gif,true,false
1686,squat to overhead reach with twist,exercisedb,1686,upper legs,upper legs,glutes,body weight,,"Stand with your feet shoulder-width apart and toes slightly turned out. Lower your body into a squat position by bending your knees and pushing your hips back. As you come up from the squat, raise your arms overhead and twist your torso to one side. Return to the starting position and repeat the squat, this time twisting your torso to the opposite side. Continue alternating sides with each squat repetition.",images/1686-5BZHW9s.jpg,videos/1686-5BZHW9s.gif,videos/1686-5BZHW9s.gif,true,false
2297,stability ball crunch (full range hands behind head),exercisedb,2297,waist,waist,hip flexors,stability ball,,"Sit on the stability ball with your feet flat on the ground and your knees bent at a 90-degree angle. Place your hands behind your head with your elbows pointing outwards. Engaging your abs, slowly curl your upper body forward, bringing your chest towards your knees. Pause for a moment at the top, then slowly lower your upper body back to the starting position. Repeat for the desired number of repetitions.",images/2297-Gn5FwYT.jpg,videos/2297-Gn5FwYT.gif,videos/2297-Gn5FwYT.gif,true,false
3291,stalder press,exercisedb,3291,upper arms,upper arms,shoulders,body weight,,"Start by standing with your feet shoulder-width apart and your arms extended overhead. Bend your knees slightly and engage your core. Lower your body down into a squat position while keeping your arms extended overhead. As you squat down, press your arms down towards the ground, engaging your triceps. Pause for a moment at the bottom of the squat, then push through your heels to stand back up while simultaneously raising your arms back overhead. Repeat for the desired number of repetitions.",images/3291-zd4P4B2.jpg,videos/3291-zd4P4B2.gif,videos/3291-zd4P4B2.gif,true,false
3669,standing archer,exercisedb,3669,back,back,shoulders,body weight,,"Stand with your feet shoulder-width apart and your knees slightly bent. Extend your arms straight out in front of you at shoulder height, parallel to the ground. Rotate your torso to the right, keeping your arms extended and your back straight. As you rotate, extend your right arm forward and your left arm back, mimicking the motion of drawing a bowstring. Hold the position for a moment, then return to the starting position. Repeat the motion, this time rotating your torso to the left and extending your left arm forward and your right arm back. Continue alternating sides for the desired number of repetitions.",images/3669-JF8AkMX.jpg,videos/3669-JF8AkMX.gif,videos/3669-JF8AkMX.gif,true,false
0788,standing behind neck press,exercisedb,0788,shoulders,shoulders,triceps,barbell,,"Stand with your feet shoulder-width apart and hold the barbell behind your neck with an overhand grip. Keep your back straight and core engaged. Press the barbell overhead by extending your arms, fully extending your elbows. Pause for a moment at the top, then slowly lower the barbell back down to the starting position. Repeat for the desired number of repetitions.",images/0788-xDh0lJr.jpg,videos/0788-xDh0lJr.gif,videos/0788-xDh0lJr.gif,true,false
1490,standing calf raise (on a staircase),exercisedb,1490,lower legs,lower legs,ankles,body weight,,"Stand on the edge of a step or a sturdy platform with your heels hanging off and your toes on the step. Hold onto a railing or wall for balance if needed. Slowly raise your heels as high as possible, lifting your body weight onto the balls of your feet. Pause for a moment at the top, then slowly lower your heels back down to the starting position. Repeat for the desired number of repetitions.",images/1490-6HmFgmx.jpg,videos/1490-6HmFgmx.gif,videos/1490-6HmFgmx.gif,true,false
1397,standing calves,exercisedb,1397,lower legs,lower legs,hamstrings,body weight,,"Stand with your feet shoulder-width apart, toes pointing forward. Raise your heels off the ground as high as possible, standing on your toes. Hold the position for a moment, then slowly lower your heels back down to the starting position. Repeat for the desired number of repetitions.",images/1397-XIHEoCG.jpg,videos/1397-XIHEoCG.gif,videos/1397-XIHEoCG.gif,true,false
1398,standing calves calf stretch,exercisedb,1398,lower legs,lower legs,hamstrings,body weight,,"Stand facing a wall or sturdy object, about an arm's length away. Place your hands on the wall or object at shoulder height. Step back with one foot, keeping your heel flat on the ground. Bend your front knee slightly and lean forward, keeping your back leg straight. You should feel a stretch in your calf muscle. Hold the stretch for 20-30 seconds. Repeat on the other leg.",images/1398-qOKcgVP.jpg,videos/1398-qOKcgVP.gif,videos/1398-qOKcgVP.gif,true,false
1599,standing hamstring and calf stretch with strap,exercisedb,1599,upper legs,upper legs,calves,rope,,"Stand upright with your feet shoulder-width apart. Hold the strap with both hands and place it around the ball of your foot. Keep your leg straight and slowly lean forward from your hips, keeping your back straight. Feel the stretch in your hamstring and calf muscles. Hold the stretch for 20-30 seconds. Release the stretch and repeat with the other leg. Repeat for the desired number of repetitions.",images/1599-xTjr103.jpg,videos/1599-xTjr103.gif,videos/1599-xTjr103.gif,true,false
0794,standing lateral stretch,exercisedb,0794,back,back,shoulders,body weight,,"Stand with your feet shoulder-width apart and your knees slightly bent. Extend your arms straight out to the sides, parallel to the ground. Slowly lean your upper body to one side, feeling a stretch in your side and lats. Hold the stretch for 15-30 seconds. Return to the starting position and repeat on the other side. Repeat for the desired number of repetitions.",images/0794-1jXLYEw.jpg,videos/0794-1jXLYEw.gif,videos/0794-1jXLYEw.gif,true,false
1364,standing pelvic tilt,exercisedb,1364,back,back,abdominals,body weight,,"Stand with your feet shoulder-width apart and your knees slightly bent. Place your hands on your hips or let them hang by your sides. Engage your core muscles and tilt your pelvis forward, pushing your lower back towards the wall behind you. Hold the position for a few seconds, then release and return to the starting position. Repeat for the desired number of repetitions.",images/1364-cuKYxhu.jpg,videos/1364-cuKYxhu.gif,videos/1364-cuKYxhu.gif,true,false
0795,standing single leg curl,exercisedb,0795,upper legs,upper legs,glutes,body weight,,"Stand with your feet hip-width apart and your hands on your hips. Shift your weight onto your left leg and lift your right foot off the ground, bending your knee. Slowly curl your right heel towards your glutes, squeezing your hamstring. Pause for a moment at the top, then slowly lower your right foot back down to the starting position. Repeat for the desired number of repetitions, then switch legs.",images/0795-C5jncD2.jpg,videos/0795-C5jncD2.gif,videos/0795-C5jncD2.gif,true,false
0796,standing wheel rollerout,exercisedb,0796,waist,waist,lower back,wheel roller,,"Start by standing tall with your feet shoulder-width apart and the wheel roller in front of you. Bend at your waist and slowly roll the wheel forward, keeping your back straight and your core engaged. Continue rolling forward until you feel a stretch in your abs and your body is extended as far as possible. Pause for a moment, then slowly roll the wheel back towards your body, returning to the starting position. Repeat for the desired number of repetitions.",images/0796-KtRomty.jpg,videos/0796-KtRomty.gif,videos/0796-KtRomty.gif,true,false
3223,star jump (male),exercisedb,3223,cardio,cardio,quadriceps,body weight,,"Stand with your feet shoulder-width apart and your arms by your sides. Bend your knees slightly and jump up explosively. As you jump, spread your legs and extend your arms out to the sides, forming a star shape with your body. Land softly on the balls of your feet with your knees slightly bent. Repeat for the desired number of repetitions.",images/3223-HtfCpfi.jpg,videos/3223-HtfCpfi.gif,videos/3223-HtfCpfi.gif,true,false
2138,stationary bike run v. 3,exercisedb,2138,cardio,cardio,quadriceps,stationary bike,,Adjust the seat height and position to ensure proper alignment. Place your feet on the pedals and secure them with the straps if available. Start pedaling at a comfortable pace. Maintain a steady rhythm and increase the resistance as desired. Engage your core muscles to maintain stability and proper posture. Continue pedaling for the desired duration of your workout. Gradually decrease the resistance and slow down before coming to a complete stop. Stretch your legs and cool down after the workout.,images/2138-H1PESYI.jpg,videos/2138-H1PESYI.gif,videos/2138-H1PESYI.gif,true,false
0798,stationary bike walk,exercisedb,0798,cardio,cardio,quadriceps,leverage machine,,"Adjust the seat height and position on the stationary bike to ensure proper alignment. Place your feet on the pedals and secure them with the straps if available. Start pedaling at a comfortable pace, keeping your back straight and core engaged. Maintain a steady rhythm and increase the resistance level if desired. Continue pedaling for the desired duration of your cardio workout. Cool down by gradually reducing your pace and resistance level. Stretch your leg muscles after the workout to prevent tightness and promote recovery.",images/0798-a8VDgLw.jpg,videos/0798-a8VDgLw.gif,videos/0798-a8VDgLw.gif,true,false
3314,straddle maltese,exercisedb,3314,waist,waist,shoulders,body weight,,"Start by hanging from a pair of rings with your arms fully extended and your body in a straight line. Spread your legs wide apart, forming a straddle position. Engage your core and slowly lower your body until your arms are parallel to the ground. Hold this position for a few seconds, then push yourself back up to the starting position. Repeat for the desired number of repetitions.",images/3314-HfqciZF.jpg,videos/3314-HfqciZF.gif,videos/3314-HfqciZF.gif,true,false
3298,straddle planche,exercisedb,3298,waist,waist,shoulders,body weight,,"Start in a push-up position with your hands shoulder-width apart and your feet spread wide apart. Engage your core and slowly shift your weight forward, bringing your shoulders over your hands. Bend your elbows and lower your body towards the ground, keeping your elbows close to your sides. Pause for a moment at the bottom, then push through your hands to straighten your arms and lift your body back up to the starting position. Repeat for the desired number of repetitions.",images/3298-BL3GHeY.jpg,videos/3298-BL3GHeY.gif,videos/3298-BL3GHeY.gif,true,false
1427,straight leg outer hip abductor,exercisedb,1427,upper legs,upper legs,glutes,body weight,,"Lie on your side with your legs straight and stacked on top of each other. Place your bottom arm under your head for support. Engage your core and lift your top leg as high as possible without rotating your hips or leaning backward. Pause for a moment at the top, then slowly lower your leg back down to the starting position. Repeat for the desired number of repetitions, then switch sides.",images/1427-mQ1tBXn.jpg,videos/1427-mQ1tBXn.gif,videos/1427-mQ1tBXn.gif,true,false
0803,superman push-up,exercisedb,0803,chest,chest,core,body weight,,"Start in a high plank position with your hands slightly wider than shoulder-width apart and your feet together. Engage your core and lower your body towards the ground, keeping your elbows close to your sides. As you lower your body, simultaneously lift your right arm and left leg off the ground, extending them straight out. Pause for a moment at the top, then lower your arm and leg back down while pushing yourself back up to the starting position. Repeat the movement, this time lifting your left arm and right leg. Continue alternating sides for the desired number of repetitions.",images/0803-4GqRrAk.jpg,videos/0803-4GqRrAk.gif,videos/0803-4GqRrAk.gif,true,false
0805,suspended abdominal fallout,exercisedb,0805,waist,waist,obliques,body weight,,"Attach a suspension trainer to a high anchor point and adjust the straps to waist height. Stand facing away from the anchor point and hold the handles with your arms extended in front of you. Lean forward at the waist, keeping your body straight and your core engaged. Lower your body as far as you can while maintaining control and tension in your abs. Pause for a moment at the bottom, then slowly raise your body back up to the starting position. Repeat for the desired number of repetitions.",images/0805-X3TCNEU.jpg,videos/0805-X3TCNEU.gif,videos/0805-X3TCNEU.gif,true,false
0806,suspended push-up,exercisedb,0806,chest,chest,triceps,body weight,,"Find a suspension trainer and adjust it to an appropriate height. Stand facing away from the anchor point and hold the handles with an overhand grip. Walk your feet forward, leaning your body forward until your weight is supported by the suspension trainer. Keep your body straight from head to heels, engage your core, and lower your chest towards the handles. Push through your chest and arms to return to the starting position. Repeat for the desired number of repetitions.",images/0806-IaGQCrC.jpg,videos/0806-IaGQCrC.gif,videos/0806-IaGQCrC.gif,true,false
0807,suspended reverse crunch,exercisedb,0807,waist,waist,hip flexors,body weight,,"Hang from a pull-up bar with your arms fully extended and your palms facing away from you. Engage your core and lift your knees up towards your chest, curling your pelvis towards your ribcage. Pause for a moment at the top, then slowly lower your knees back down to the starting position. Repeat for the desired number of repetitions.",images/0807-R1WYG5D.jpg,videos/0807-R1WYG5D.gif,videos/0807-R1WYG5D.gif,true,false
0808,suspended row,exercisedb,0808,back,back,biceps,body weight,,"Set up a suspension trainer at an appropriate height. Stand facing the anchor point with your feet shoulder-width apart. Hold the handles with an overhand grip, palms facing each other. Lean back, keeping your body straight and your heels on the ground. Pull your chest towards the handles, squeezing your shoulder blades together. Pause for a moment at the top, then slowly lower yourself back to the starting position. Repeat for the desired number of repetitions.",images/0808-4OaumBr.jpg,videos/0808-4OaumBr.gif,videos/0808-4OaumBr.gif,true,false
0809,suspended split squat,exercisedb,0809,upper legs,upper legs,glutes,body weight,,"Stand facing away from a suspension trainer with your feet shoulder-width apart. Extend one leg forward and place the top of your foot in the foot cradle of the suspension trainer. Bend your standing leg and lower your body down into a lunge position, keeping your chest up and your knee in line with your toes. Push through your heel to return to the starting position. Repeat for the desired number of repetitions, then switch legs.",images/0809-QpXqiq8.jpg,videos/0809-QpXqiq8.gif,videos/0809-QpXqiq8.gif,true,false
3433,swimmer kicks v. 2 (male),exercisedb,3433,upper legs,upper legs,hamstrings,body weight,,"Lie face down on a mat with your arms extended overhead. Engage your core and lift your chest and legs off the ground simultaneously. Kick your legs up and down in a fluttering motion, as if you were swimming. Continue kicking for the desired number of repetitions. Lower your chest and legs back down to the starting position.",images/3433-SP3hUez.jpg,videos/3433-SP3hUez.gif,videos/3433-SP3hUez.gif,true,false
3318,swing 360,exercisedb,3318,cardio,cardio,shoulders,body weight,,"Stand with your feet shoulder-width apart and knees slightly bent. Hold your arms straight out in front of you, parallel to the ground. Engage your core and swing your arms in a circular motion, rotating your torso as you do so. Continue the circular motion, swinging your arms and rotating your torso for the desired number of repetitions. Remember to breathe throughout the exercise.",images/3318-tnaj0mT.jpg,videos/3318-tnaj0mT.gif,videos/3318-tnaj0mT.gif,true,false
1753,three bench dip,exercisedb,1753,upper arms,upper arms,chest,body weight,,"Sit on a bench with your hands gripping the edge, fingers pointing forward. Slide your butt off the bench, supporting your weight with your hands. Bend your elbows and lower your body until your upper arms are parallel to the ground. Push yourself back up to the starting position. Repeat for the desired number of repetitions.",images/1753-DQ0cqkT.jpg,videos/1753-DQ0cqkT.gif,videos/1753-DQ0cqkT.gif,true,false
2459,tire flip,exercisedb,2459,upper legs,upper legs,hamstrings,tire,,"Stand with your feet shoulder-width apart, facing the tire. Bend your knees and hinge at the hips, lowering into a squat position. Reach down and grab the bottom edge of the tire with both hands, fingers facing towards you. Engage your glutes and leg muscles, and explosively drive through your legs to lift the tire off the ground. As the tire flips over, use your upper body strength to guide it and maintain control. Once the tire is fully flipped, quickly step back and reset your stance. Repeat for the desired number of repetitions.",images/2459-oZjMu1t.jpg,videos/2459-oZjMu1t.gif,videos/2459-oZjMu1t.gif,true,false
0811,trap bar deadlift,exercisedb,0811,upper legs,upper legs,hamstrings,trap bar,,"Stand with your feet shoulder-width apart and the trap bar on the ground in front of you. Bend at the hips and knees to lower yourself down and grip the handles of the trap bar with an overhand grip. Keep your back straight and chest up as you begin to lift the trap bar off the ground by extending your hips and knees. As you lift, focus on driving through your heels and squeezing your glutes at the top of the movement. Lower the trap bar back down to the ground by bending at the hips and knees, keeping your back straight throughout the movement. Repeat for the desired number of repetitions.",images/0811-jQGwmxN.jpg,videos/0811-jQGwmxN.gif,videos/0811-jQGwmxN.gif,true,false
0814,triceps dip,exercisedb,0814,upper arms,upper arms,chest,body weight,,"Sit on the edge of a bench or chair with your hands gripping the edge, fingers pointing forward. Slide your butt off the bench, supporting your weight with your hands. Bend your elbows and lower your body towards the ground, keeping your back close to the bench. Pause for a moment at the bottom, then push yourself back up to the starting position. Repeat for the desired number of repetitions.",images/0814-X6C6i5Y.jpg,videos/0814-X6C6i5Y.gif,videos/0814-X6C6i5Y.gif,true,false
0812,triceps dip (bench leg),exercisedb,0812,upper arms,upper arms,chest,body weight,,"Sit on the edge of a bench with your hands gripping the edge, fingers pointing forward. Walk your feet forward, sliding your butt off the bench, and straighten your arms. Bend your elbows and lower your body towards the ground, keeping your back close to the bench. Push through your palms to straighten your arms and return to the starting position. Repeat for the desired number of repetitions.",images/0812-VuoerH0.jpg,videos/0812-VuoerH0.gif,videos/0812-VuoerH0.gif,true,false
0813,triceps dip (between benches),exercisedb,0813,upper arms,upper arms,chest,body weight,,"Sit on a bench with your hands gripping the edge of the bench, fingers pointing forward. Slide your butt off the bench, supporting your weight with your hands. Bend your elbows and lower your body towards the ground, keeping your back close to the bench. Pause for a moment at the bottom, then push yourself back up to the starting position. Repeat for the desired number of repetitions.",images/0813-Wgbn9qo.jpg,videos/0813-Wgbn9qo.gif,videos/0813-Wgbn9qo.gif,true,false
0815,triceps dips floor,exercisedb,0815,upper arms,upper arms,chest,body weight,,"Sit on the edge of a chair or bench with your hands next to your hips, fingers pointing forward. Slide your butt off the front of the chair with your legs extended in front of you. Straighten your arms, keeping a little bend in your elbows to keep tension on your triceps and off your elbow joints. Slowly bend your elbows to lower your body toward the floor until your elbows are at about a 90-degree angle. Once you reach the bottom of the movement, press down into the chair to straighten your elbows, returning to the starting position. Repeat for the desired number of repetitions.",images/0815-7aVz15j.jpg,videos/0815-7aVz15j.gif,videos/0815-7aVz15j.gif,true,false
0816,triceps press,exercisedb,0816,upper arms,upper arms,shoulders,body weight,,"Stand with your feet shoulder-width apart and your knees slightly bent. Extend your arms straight out in front of you, parallel to the ground. Bend your elbows and lower your body towards the ground, keeping your upper arms close to your sides. Pause for a moment at the bottom, then push yourself back up to the starting position. Repeat for the desired number of repetitions.",images/0816-fSrPP6B.jpg,videos/0816-fSrPP6B.gif,videos/0816-fSrPP6B.gif,true,false
0817,triceps stretch,exercisedb,0817,upper arms,upper arms,shoulders,body weight,,"Stand or sit upright with your back straight. Extend one arm overhead, bending it at the elbow. Place your opposite hand on the bent elbow and gently pull it towards your head. Hold the stretch for 15-30 seconds, feeling a gentle stretch in your triceps. Release the stretch and repeat on the other arm.",images/0817-uOV3Itw.jpg,videos/0817-uOV3Itw.gif,videos/0817-uOV3Itw.gif,true,false
0871,tuck crunch,exercisedb,0871,waist,waist,hip flexors,body weight,,"Lie flat on your back with your knees bent and feet flat on the ground. Place your hands behind your head with your elbows pointing outwards. Engaging your abs, lift your shoulder blades off the ground and bring your knees towards your chest, simultaneously curling your upper body towards your knees. Pause for a moment at the top, then slowly lower your shoulder blades and extend your legs back to the starting position. Repeat for the desired number of repetitions.",images/0871-BMMolZ3.jpg,videos/0871-BMMolZ3.gif,videos/0871-BMMolZ3.gif,true,false
0818,twin handle parallel grip lat pulldown,exercisedb,0818,back,back,biceps,cable,,"Adjust the seat height and position yourself facing the cable machine. Grasp the handles with an overhand grip, hands shoulder-width apart. Sit down and position your thighs under the thigh pads, keeping your feet flat on the floor. Lean back slightly and keep your chest up, maintaining a neutral spine. Pull the handles down towards your upper chest, squeezing your shoulder blades together. Pause for a moment at the bottom of the movement, feeling the contraction in your lats. Slowly release the handles and return to the starting position. Repeat for the desired number of repetitions.",images/0818-rkg41Fb.jpg,videos/0818-rkg41Fb.gif,videos/0818-rkg41Fb.gif,true,false
1466,twist hip lift,exercisedb,1466,upper legs,upper legs,obliques,body weight,,"Lie on your back with your knees bent and feet flat on the ground. Place your hands by your sides for support. Engage your glutes and lift your hips off the ground, forming a straight line from your knees to your shoulders. While keeping your hips lifted, twist your lower body to the right side, bringing your knees towards the ground. Return to the starting position and repeat the twist to the left side. Continue alternating twists for the desired number of repetitions.",images/1466-AX1kB0o.jpg,videos/1466-AX1kB0o.gif,videos/1466-AX1kB0o.gif,true,false
2802,twisted leg raise,exercisedb,2802,waist,waist,obliques,body weight,,"Lie flat on your back with your legs extended and your arms by your sides. Place your hands under your glutes for support. Engage your abs and lift both legs off the ground, keeping them straight. As you lift your legs, twist your hips to one side, bringing your legs towards your opposite shoulder. Pause for a moment at the top, then slowly lower your legs back down to the starting position. Repeat the movement, this time twisting your hips to the other side. Continue alternating sides for the desired number of repetitions.",images/2802-C0eCeEt.jpg,videos/2802-C0eCeEt.gif,videos/2802-C0eCeEt.gif,true,false
2801,twisted leg raise (female),exercisedb,2801,waist,waist,obliques,body weight,,"Lie flat on your back with your legs extended and your arms by your sides. Bend your knees and lift your legs off the ground, bringing them towards your chest. As you lift your legs, twist your hips to one side, bringing your knees towards your opposite shoulder. Pause for a moment at the top, then slowly lower your legs back down to the starting position. Repeat the movement, this time twisting your hips to the other side. Continue alternating sides for the desired number of repetitions.",images/2801-yT9tk17.jpg,videos/2801-yT9tk17.gif,videos/2801-yT9tk17.gif,true,false
3231,two toe touch (male),exercisedb,3231,back,back,hamstrings,body weight,,"Stand with your feet shoulder-width apart and your arms extended out to the sides. Bend forward at the waist, keeping your back straight and your knees slightly bent. Reach down towards your toes with both hands, keeping your legs straight. Pause for a moment at the bottom, then slowly return to the starting position. Repeat for the desired number of repetitions.",images/3231-p195zsJ.jpg,videos/3231-p195zsJ.gif,videos/3231-p195zsJ.gif,true,false
1365,upper back stretch,exercisedb,1365,back,back,shoulders,body weight,,"Stand up straight with your feet shoulder-width apart. Extend your arms straight in front of you, parallel to the ground. Interlace your fingers and rotate your palms away from your body. Slowly raise your arms overhead, keeping them straight and parallel to each other. As you raise your arms, squeeze your shoulder blades together. Hold the stretch for 15-30 seconds, then release and repeat.",images/1365-GSDioYu.jpg,videos/1365-GSDioYu.gif,videos/1365-GSDioYu.gif,true,false
1366,upward facing dog,exercisedb,1366,back,back,shoulders,body weight,,"Lie face down on the floor with your legs extended behind you. Place your hands on the floor next to your lower ribs, fingers pointing forward. Press your hands firmly into the floor and straighten your arms, lifting your torso and thighs off the ground. Roll your shoulders back and down, opening your chest and lifting your gaze towards the ceiling. Hold this position for a few breaths, then slowly lower your body back down to the starting position. Repeat for the desired number of repetitions.",images/1366-01qpYSe.jpg,videos/1366-01qpYSe.gif,videos/1366-01qpYSe.gif,true,false
3420,v-sit on floor,exercisedb,3420,waist,waist,hip flexors,body weight,,"Sit on the floor with your legs extended in front of you. Lean back slightly and lift your legs off the ground, keeping them straight. Simultaneously, lift your upper body off the ground and reach your arms towards your legs. Hold this position for a few seconds, then slowly lower your upper body and legs back down to the starting position. Repeat for the desired number of repetitions.",images/3420-ZuXu4Eq.jpg,videos/3420-ZuXu4Eq.gif,videos/3420-ZuXu4Eq.gif,true,false
0826,vertical leg raise (on parallel bars),exercisedb,0826,waist,waist,hip flexors,body weight,,"Hang from the parallel bars with your arms fully extended and your body straight. Engage your core and lift your legs up in front of you, keeping them straight. Continue lifting until your legs are parallel to the ground or slightly higher. Pause for a moment at the top, then slowly lower your legs back down to the starting position. Repeat for the desired number of repetitions.",images/0826-ZNgOYQU.jpg,videos/0826-ZNgOYQU.gif,videos/0826-ZNgOYQU.gif,true,false
2141,walk elliptical cross trainer,exercisedb,2141,cardio,cardio,quadriceps,elliptical machine,,"Adjust the resistance level and incline of the elliptical machine to your desired settings. Step onto the pedals of the machine and grip the handles lightly. Begin by pushing down with your feet and pulling the handles towards your body. Continue this motion, alternating between pushing and pulling, to simulate a walking or running motion. Maintain a steady pace and keep your core engaged throughout the exercise. Continue for the desired duration of your cardio workout. Gradually decrease the intensity and speed of the machine before stepping off.",images/2141-rjtuP6X.jpg,videos/2141-rjtuP6X.gif,videos/2141-rjtuP6X.gif,true,false
3655,walking high knees lunge,exercisedb,3655,cardio,cardio,quadriceps,body weight,,"Stand with your feet hip-width apart. Lift your right knee up towards your chest as high as you can while balancing on your left leg. Step forward with your right foot and lower your body into a lunge position, bending both knees to a 90-degree angle. Push off with your right foot and bring your left knee up towards your chest. Step forward with your left foot and lower your body into a lunge position. Continue alternating legs and lunging forward, keeping your core engaged and maintaining a steady pace. Repeat for the desired number of repetitions.",images/3655-J9zIWig.jpg,videos/3655-J9zIWig.gif,videos/3655-J9zIWig.gif,true,false
1460,walking lunge,exercisedb,1460,upper legs,upper legs,quadriceps,body weight,,"Stand with your feet shoulder-width apart. Take a step forward with your right leg, lowering your body into a lunge position. Keep your torso upright and your front knee aligned with your ankle. Push off with your right foot and bring your left foot forward, stepping into a lunge position with your left leg. Continue alternating legs and walking forward, maintaining a controlled and steady pace. Repeat for the desired number of repetitions.",images/1460-IZVHb27.jpg,videos/1460-IZVHb27.gif,videos/1460-IZVHb27.gif,true,false
3666,walking on incline treadmill,exercisedb,3666,cardio,cardio,quadriceps,leverage machine,,"Adjust the incline level on the treadmill to your desired intensity. Stand on the treadmill with your feet shoulder-width apart. Start walking at a comfortable pace, ensuring that you maintain proper form. Engage your core muscles and keep your back straight throughout the exercise. Continue walking on the incline treadmill for the desired duration of your cardio workout. Gradually decrease the incline and speed of the treadmill to cool down before stopping.",images/3666-rjiM4L3.jpg,videos/3666-rjiM4L3.gif,videos/3666-rjiM4L3.gif,true,false
2311,walking on stepmill,exercisedb,2311,cardio,cardio,quadriceps,stepmill machine,,"Adjust the stepmill machine to a comfortable level. Step onto the machine and place your hands on the handrails for support. Start walking by placing one foot on a step and then the other, alternating between legs. Maintain an upright posture and engage your core muscles. Continue walking for the desired duration or distance. Gradually increase the intensity or speed as you become more comfortable with the exercise. Remember to cool down and stretch after completing the exercise.",images/2311-j9Q5crt.jpg,videos/2311-j9Q5crt.gif,videos/2311-j9Q5crt.gif,true,false
0830,weighted bench dip,exercisedb,0830,upper arms,upper arms,chest,weighted,,"Sit on a bench with your hands gripping the edge, fingers pointing forward. Slide your butt off the bench, supporting your weight with your hands. Lower your body by bending your elbows until your upper arms are parallel to the floor. Push yourself back up to the starting position by straightening your arms. Repeat for the desired number of repetitions.",images/0830-MU9HnE7.jpg,videos/0830-MU9HnE7.gif,videos/0830-MU9HnE7.gif,true,false
2987,weighted close grip chin-up on dip cage,exercisedb,2987,back,back,biceps,weighted,,"Stand in front of the dip cage and grab the parallel bars with an underhand grip, hands shoulder-width apart. Hang from the bars with your arms fully extended, feet off the ground, and body straight. Engage your back muscles and pull your body up towards the bars, keeping your elbows close to your sides. Continue pulling until your chin is above the bars, then pause for a moment. Slowly lower your body back down to the starting position, fully extending your arms. Repeat for the desired number of repetitions.",images/2987-Gk1r408.jpg,videos/2987-Gk1r408.gif,videos/2987-Gk1r408.gif,true,false
3643,weighted cossack squats (male),exercisedb,3643,upper legs,upper legs,quadriceps,weighted,,"Stand with your feet wider than shoulder-width apart and toes pointing slightly outward. Hold a weight in front of your chest with both hands. Shift your weight to one side and lower your body by bending the knee of the side you shifted towards, while keeping the other leg straight. Go as low as you can while maintaining balance and keeping your chest up. Push through the heel of the bent leg to return to the starting position. Repeat on the other side, alternating between legs.",images/3643-GWoKnIm.jpg,videos/3643-GWoKnIm.gif,videos/3643-GWoKnIm.gif,true,false
0832,weighted crunch,exercisedb,0832,waist,waist,obliques,weighted,,"Lie flat on your back with your knees bent and feet flat on the ground. Hold a weight plate or dumbbell on your chest. Engage your abs and lift your upper body off the ground, curling forward until your shoulder blades are off the ground. Pause for a moment at the top, then slowly lower your upper body back down to the starting position. Repeat for the desired number of repetitions.",images/0832-s8nrDXF.jpg,videos/0832-s8nrDXF.gif,videos/0832-s8nrDXF.gif,true,false
3670,weighted decline sit-up,exercisedb,3670,waist,waist,hip flexors,weighted,,"Lie flat on a decline bench with your feet secured under the foot pads. Place your hands behind your head or across your chest. Engage your abs and slowly lift your upper body off the bench, curling forward until your torso is perpendicular to the ground. Pause for a moment at the top, then slowly lower your upper body back down to the starting position. Repeat for the desired number of repetitions.",images/3670-EZeDVzO.jpg,videos/3670-EZeDVzO.gif,videos/3670-EZeDVzO.gif,true,false
0833,weighted donkey calf raise,exercisedb,0833,lower legs,lower legs,hamstrings,weighted,,"Stand on a raised platform with your toes on the edge and your heels hanging off. Hold onto a stable object for support. Raise your heels as high as possible by extending your ankles. Pause for a moment at the top, then slowly lower your heels back down to the starting position. Repeat for the desired number of repetitions.",images/0833-LmaFNZS.jpg,videos/0833-LmaFNZS.gif,videos/0833-LmaFNZS.gif,true,false
1310,weighted drop push up,exercisedb,1310,chest,chest,triceps,weighted,,"Start in a high plank position with your hands slightly wider than shoulder-width apart and your feet together. Lower your chest towards the ground, keeping your elbows close to your body. Once your chest is just above the ground, explosively push yourself up, lifting your hands off the ground. As you push up, quickly move your hands out to the sides and slightly forward, allowing your body to drop down towards the ground. Catch yourself with your hands in the wider position and immediately lower your chest towards the ground again. Repeat the push-up motion, dropping down and catching yourself with your hands in the narrower position. Continue alternating between the wider and narrower hand positions for the desired number of repetitions.",images/1310-PSlvNMs.jpg,videos/1310-PSlvNMs.gif,videos/1310-PSlvNMs.gif,true,false
2135,weighted front plank,exercisedb,2135,waist,waist,shoulders,weighted,,"Start by lying face down on the floor. Place your forearms on the ground, with your elbows directly under your shoulders. Extend your legs straight out behind you, with your toes on the ground. Engage your core and lift your body off the ground, balancing on your forearms and toes. Keep your body in a straight line from your head to your heels. Hold this position for the desired amount of time. Lower your body back down to the starting position. Repeat for the desired number of repetitions.",images/2135-VBAWRPG.jpg,videos/2135-VBAWRPG.gif,videos/2135-VBAWRPG.gif,true,false
0834,weighted front raise,exercisedb,0834,shoulders,shoulders,biceps,weighted,,"Stand with your feet shoulder-width apart, holding a dumbbell in each hand with your palms facing your thighs. Keeping your arms straight, exhale and lift the dumbbells in front of you until they are at shoulder level. Pause for a moment at the top, then inhale and slowly lower the dumbbells back down to the starting position. Repeat for the desired number of repetitions.",images/0834-e4aFmFY.jpg,videos/0834-e4aFmFY.gif,videos/0834-e4aFmFY.gif,true,false
0866,weighted hanging leg-hip raise,exercisedb,0866,waist,waist,hip flexors,weighted,,"Hang from a pull-up bar with your arms fully extended and your palms facing away from you. Engage your core and lift your legs up in front of you, keeping them straight. Continue lifting until your legs are parallel to the ground or slightly higher. Pause for a moment at the top, then slowly lower your legs back down to the starting position. Repeat for the desired number of repetitions.",images/0866-QOA0FD0.jpg,videos/0866-QOA0FD0.gif,videos/0866-QOA0FD0.gif,true,false
0835,weighted hyperextension (on stability ball),exercisedb,0835,back,back,glutes,weighted,,"Position yourself face down on a stability ball with your hips resting on the ball and your feet against a wall for stability. Place your hands behind your head or cross them over your chest. Engage your core and slowly lift your upper body off the ball, extending your back until your body forms a straight line. Pause for a moment at the top, then slowly lower your upper body back down to the starting position. Repeat for the desired number of repetitions.",images/0835-8urJS9b.jpg,videos/0835-8urJS9b.gif,videos/0835-8urJS9b.gif,true,false
3641,weighted kneeling step with swing,exercisedb,3641,shoulders,shoulders,triceps,weighted,,"Start in a kneeling position with your knees hip-width apart and your back straight. Hold a weight in each hand, with your arms extended straight down in front of you. Engage your core and swing the weights up and overhead, keeping your arms straight. Lower the weights back down to the starting position and repeat for the desired number of repetitions.",images/3641-7uFJuXp.jpg,videos/3641-7uFJuXp.gif,videos/3641-7uFJuXp.gif,true,false
3644,weighted lunge with swing,exercisedb,3644,upper legs,upper legs,quadriceps,weighted,,"Stand with your feet shoulder-width apart, holding a weight in each hand. Take a step forward with your right foot, lowering your body into a lunge position. As you lunge forward, swing the weights forward and upward, keeping your arms straight. Push off with your right foot and return to the starting position, swinging the weights back down. Repeat with your left foot and continue alternating legs for the desired number of repetitions.",images/3644-5WiFcYk.jpg,videos/3644-5WiFcYk.gif,videos/3644-5WiFcYk.gif,true,false
3286,weighted muscle up,exercisedb,3286,back,back,biceps,weighted,,"Start by hanging from a pull-up bar with your palms facing away from you and your hands slightly wider than shoulder-width apart. Engage your core and pull your body up towards the bar, leading with your chest. As you reach the top of the movement, transition your grip so that your palms are facing towards you. Continue pulling yourself up until your chest reaches the bar, then pause for a moment. Slowly lower yourself back down to the starting position, maintaining control throughout the movement. Repeat for the desired number of repetitions.",images/3286-JsOV1SU.jpg,videos/3286-JsOV1SU.gif,videos/3286-JsOV1SU.gif,true,false
3312,weighted muscle up (on bar),exercisedb,3312,back,back,biceps,weighted,,"Start by hanging from a pull-up bar with your palms facing away from you and your hands slightly wider than shoulder-width apart. Engage your core and pull your shoulder blades down and back. Bend your elbows and pull your chest towards the bar, keeping your body straight. Once your chest reaches the bar, push down with your hands and drive your elbows back, lifting your body above the bar. Pause at the top of the movement, then slowly lower yourself back down to the starting position. Repeat for the desired number of repetitions.",images/3312-MCkqdKE.jpg,videos/3312-MCkqdKE.gif,videos/3312-MCkqdKE.gif,true,false
3290,weighted one hand pull up,exercisedb,3290,back,back,biceps,weighted,,"Grab the pull-up bar with an overhand grip, slightly wider than shoulder-width apart. Hang from the bar with your arm fully extended and your body straight. Engage your core and pull your body up towards the bar by bending your elbow and squeezing your back muscles. Continue pulling until your chin is above the bar. Lower your body back down to the starting position with control. Repeat for the desired number of repetitions.",images/3290-fXfqg1E.jpg,videos/3290-fXfqg1E.gif,videos/3290-fXfqg1E.gif,true,false
0840,weighted overhead crunch (on stability ball),exercisedb,0840,waist,waist,obliques,weighted,,"Sit on a stability ball with your feet flat on the ground and your knees bent at a 90-degree angle. Hold a weight plate or dumbbell with both hands and extend your arms overhead. Engage your abs and slowly curl your torso forward, bringing your chest towards your knees. Pause for a moment at the top, then slowly lower your torso back to the starting position. Repeat for the desired number of repetitions.",images/0840-xmM75XG.jpg,videos/0840-xmM75XG.gif,videos/0840-xmM75XG.gif,true,false
0841,weighted pull-up,exercisedb,0841,back,back,biceps,weighted,,"Grab the pull-up bar with an overhand grip, slightly wider than shoulder-width apart. Hang from the bar with your arms fully extended and your body straight. Engage your back muscles and pull your body up towards the bar, keeping your elbows close to your body. Continue pulling until your chin is above the bar. Pause for a moment at the top, then slowly lower your body back down to the starting position. Repeat for the desired number of repetitions.",images/0841-HMzLjXx.jpg,videos/0841-HMzLjXx.gif,videos/0841-HMzLjXx.gif,true,false
0844,weighted round arm,exercisedb,0844,shoulders,shoulders,triceps,weighted,,"Stand with your feet shoulder-width apart and hold a dumbbell in each hand. Bend your knees slightly and hinge forward at the hips, keeping your back straight. Raise your arms out to the sides, keeping a slight bend in your elbows. Continue lifting your arms until they are parallel to the ground. Pause for a moment at the top, then slowly lower your arms back down to the starting position. Repeat for the desired number of repetitions.",images/0844-VLYXo8S.jpg,videos/0844-VLYXo8S.gif,videos/0844-VLYXo8S.gif,true,false
0846,weighted russian twist,exercisedb,0846,waist,waist,obliques,weighted,,"Sit on the ground with your knees bent and your feet flat on the floor. Hold a weight or medicine ball with both hands in front of your chest. Lean back slightly, keeping your back straight and your core engaged. Slowly twist your torso to the right, bringing the weight or medicine ball towards the floor on your right side. Pause for a moment, then twist your torso to the left, bringing the weight or medicine ball towards the floor on your left side. Continue alternating sides for the desired number of repetitions.",images/0846-fZFZ704.jpg,videos/0846-fZFZ704.gif,videos/0846-fZFZ704.gif,true,false
0845,weighted russian twist (legs up),exercisedb,0845,waist,waist,obliques,weighted,,"Sit on the ground with your knees bent and feet lifted off the ground, keeping your legs together. Hold the weight with both hands in front of your chest, keeping your elbows slightly bent. Lean back slightly to engage your core muscles. Twist your torso to the right, bringing the weight towards the ground on your right side. Pause for a moment, then twist your torso to the left, bringing the weight towards the ground on your left side. Continue alternating sides for the desired number of repetitions.",images/0845-WU9BLIs.jpg,videos/0845-WU9BLIs.gif,videos/0845-WU9BLIs.gif,true,false
2371,weighted russian twist v. 2,exercisedb,2371,waist,waist,obliques,weighted,,"Sit on the ground with your knees bent and feet flat on the floor. Hold the weight with both hands in front of your chest. Lean back slightly to engage your core muscles. Twist your torso to the right, bringing the weight towards the right side of your body. Pause for a moment, then twist your torso to the left, bringing the weight towards the left side of your body. Continue alternating sides for the desired number of repetitions.",images/2371-YIUAtYf.jpg,videos/2371-YIUAtYf.gif,videos/2371-YIUAtYf.gif,true,false
0847,weighted seated bicep curl (on stability ball),exercisedb,0847,upper arms,upper arms,forearms,medicine ball,,"Sit on a stability ball with your feet flat on the ground and your back straight. Hold a medicine ball with an underhand grip, palms facing up, and let your arms hang down by your sides. Keeping your upper arms stationary, exhale and curl the medicine ball up towards your shoulders. Pause for a moment at the top, squeezing your biceps. Inhale and slowly lower the medicine ball back down to the starting position. Repeat for the desired number of repetitions.",images/0847-b4b6afT.jpg,videos/0847-b4b6afT.gif,videos/0847-b4b6afT.gif,true,false
0849,weighted seated twist (on stability ball),exercisedb,0849,waist,waist,obliques,weighted,,"Sit on a stability ball with your feet flat on the ground and your knees bent at a 90-degree angle. Hold a weight plate or dumbbell with both hands close to your chest. Engage your core and slowly rotate your torso to one side, keeping your hips stable. Pause for a moment at the end of the rotation, then slowly return to the starting position. Repeat the rotation to the other side. Continue alternating sides for the desired number of repetitions.",images/0849-s34Y4LR.jpg,videos/0849-s34Y4LR.gif,videos/0849-s34Y4LR.gif,true,false
0850,weighted side bend (on stability ball),exercisedb,0850,waist,waist,obliques,weighted,,"Sit on a stability ball with your feet shoulder-width apart and flat on the ground. Hold a weight in one hand and place your other hand on your hip. Engage your core and slowly bend sideways towards the weighted side, keeping your back straight. Pause for a moment at the bottom, then slowly return to the starting position. Repeat for the desired number of repetitions, then switch sides.",images/0850-6bOA1Oi.jpg,videos/0850-6bOA1Oi.gif,videos/0850-6bOA1Oi.gif,true,false
0851,weighted sissy squat,exercisedb,0851,upper legs,upper legs,glutes,weighted,,"Stand with your feet shoulder-width apart and your toes pointing slightly outward. Hold a weight in front of your chest with both hands, or place a barbell across your upper back. Keeping your chest up and your core engaged, slowly lower your body down by bending at the knees and hips. Continue lowering until your thighs are parallel to the ground or as low as you can comfortably go. Pause for a moment at the bottom, then push through your heels to return to the starting position. Repeat for the desired number of repetitions.",images/0851-0lQnxMZ.jpg,videos/0851-0lQnxMZ.gif,videos/0851-0lQnxMZ.gif,true,false
0852,weighted squat,exercisedb,0852,upper legs,upper legs,quadriceps,weighted,,"Stand with your feet shoulder-width apart, toes pointing slightly outward. Hold a weight in front of your chest or on your shoulders. Engage your core and keep your chest up as you lower your hips down and back, as if sitting into a chair. Lower until your thighs are parallel to the ground, or as low as you can comfortably go. Push through your heels to stand back up, squeezing your glutes at the top. Repeat for the desired number of repetitions.",images/0852-JZuApnB.jpg,videos/0852-JZuApnB.gif,videos/0852-JZuApnB.gif,true,false
0853,weighted standing curl,exercisedb,0853,upper arms,upper arms,forearms,weighted,,"Stand with your feet shoulder-width apart and hold a dumbbell in each hand, palms facing forward. Keep your elbows close to your torso and exhale as you curl the weights up to shoulder level. Pause for a moment at the top, then inhale as you slowly lower the weights back down to the starting position. Repeat for the desired number of repetitions.",images/0853-M5Y7GPg.jpg,videos/0853-M5Y7GPg.gif,videos/0853-M5Y7GPg.gif,true,false
0854,weighted standing hand squeeze,exercisedb,0854,lower arms,lower arms,biceps,weighted,,"Stand with your feet shoulder-width apart and hold a weight in each hand. Extend your arms straight in front of you, palms facing each other. Squeeze your hands together as hard as you can, engaging your forearms. Hold the squeeze for a few seconds, then release. Repeat for the desired number of repetitions.",images/0854-bjqbauy.jpg,videos/0854-bjqbauy.gif,videos/0854-bjqbauy.gif,true,false
3313,weighted straight bar dip,exercisedb,3313,chest,chest,triceps,weighted,,"Position yourself between parallel bars with your arms fully extended and your body straight. Lower your body by bending your elbows until your upper arms are parallel to the ground. Pause for a moment, then push yourself back up to the starting position by straightening your arms. Repeat for the desired number of repetitions.",images/3313-Ff18ItA.jpg,videos/3313-Ff18ItA.gif,videos/3313-Ff18ItA.gif,true,false
3642,weighted stretch lunge,exercisedb,3642,upper legs,upper legs,quadriceps,weighted,,"Stand with your feet shoulder-width apart. Take a step forward with your right foot, keeping your back straight. Lower your body by bending your knees until your right thigh is parallel to the ground. Push through your right heel to return to the starting position. Repeat with your left leg. Continue alternating legs for the desired number of repetitions.",images/3642-13VW2VO.jpg,videos/3642-13VW2VO.gif,videos/3642-13VW2VO.gif,true,false
0856,weighted svend press,exercisedb,0856,chest,chest,shoulders,weighted,,"Stand with your feet shoulder-width apart and hold a weight plate in front of your chest with both hands. Keep your elbows slightly bent and your palms facing each other. Press the weight plate straight out in front of you, fully extending your arms. Pause for a moment at the end of the movement, then slowly bring the weight plate back to the starting position. Repeat for the desired number of repetitions.",images/0856-I1OBLnn.jpg,videos/0856-I1OBLnn.gif,videos/0856-I1OBLnn.gif,true,false
1754,weighted three bench dips,exercisedb,1754,upper arms,upper arms,chest,weighted,,"Sit on the edge of a bench with your hands gripping the edge, fingers pointing forward. Walk your feet forward, sliding your butt off the bench and supporting your weight with your arms. Lower your body by bending your elbows, keeping your back close to the bench. Pause for a moment at the bottom, then push yourself back up to the starting position. Repeat for the desired number of repetitions.",images/1754-gtO1ErP.jpg,videos/1754-gtO1ErP.gif,videos/1754-gtO1ErP.gif,true,false
1755,weighted tricep dips,exercisedb,1755,upper arms,upper arms,chest,weighted,,Sit on the edge of a bench or chair with your hands gripping the edge next to your hips. Slide your butt off the front of the bench with your legs extended in front of you. Keep your back close to the bench and your elbows slightly bent. Lower your body by bending your elbows until your upper arms are parallel to the floor. Push yourself back up to the starting position by straightening your arms. Repeat for the desired number of repetitions.,images/1755-bZq4bwK.jpg,videos/1755-bZq4bwK.gif,videos/1755-bZq4bwK.gif,true,false
1767,weighted triceps dip on high parallel bars,exercisedb,1767,upper arms,upper arms,chest,weighted,,"Position yourself between two parallel bars with your hands gripping the bars and your arms fully extended. Bend your elbows and lower your body until your upper arms are parallel to the ground. Pause for a moment, then push through your palms to straighten your arms and return to the starting position. Repeat for the desired number of repetitions.",images/1767-K1vlode.jpg,videos/1767-K1vlode.gif,videos/1767-K1vlode.gif,true,false
0857,wheel rollerout,exercisedb,0857,waist,waist,lower back,wheel roller,,"Kneel on the floor and place the wheel roller in front of you. Place your hands on the handles of the wheel roller and extend your arms straight out in front of you. Engage your core muscles and slowly roll the wheel forward, keeping your back straight and your abs tight. Continue rolling forward until your body is fully extended and your arms are overhead. Pause for a moment, then slowly roll the wheel back towards your knees, maintaining control and keeping your abs engaged. Repeat for the desired number of repetitions.",images/0857-NAgVB3t.jpg,videos/0857-NAgVB3t.gif,videos/0857-NAgVB3t.gif,true,false
3637,wheel run,exercisedb,3637,cardio,cardio,quadriceps,body weight,,"Start in a plank position with your hands on the wheel and your body straight. Engage your core and start rolling the wheel forward by extending your arms. Continue rolling until your body is fully extended and your arms are overhead. Reverse the movement by pulling the wheel back towards your body, using your core and arms. Repeat for the desired number of repetitions.",images/3637-km2Ljzj.jpg,videos/3637-km2Ljzj.gif,videos/3637-km2Ljzj.gif,true,false
1429,wide grip pull-up,exercisedb,1429,back,back,biceps,body weight,,Hang from a pull-up bar with your palms facing away from you and your hands wider than shoulder-width apart. Engage your core and squeeze your shoulder blades together. Pull your body up towards the bar until your chin is above the bar. Lower your body back down to the starting position with control. Repeat for the desired number of repetitions.,images/1429-Qqi7bko.jpg,videos/1429-Qqi7bko.gif,videos/1429-Qqi7bko.gif,true,false
1367,wide grip rear pull-up,exercisedb,1367,back,back,biceps,body weight,,"Grab the pull-up bar with a wide overhand grip, hands slightly wider than shoulder-width apart. Hang from the bar with your arms fully extended and your body straight. Engage your back muscles and pull your body up towards the bar, leading with your chest. Continue pulling until your chin is above the bar. Pause for a moment at the top, then slowly lower your body back down to the starting position. Repeat for the desired number of repetitions.",images/1367-OYFhXVD.jpg,videos/1367-OYFhXVD.gif,videos/1367-OYFhXVD.gif,true,false
1311,wide hand push up,exercisedb,1311,chest,chest,triceps,body weight,,"Start in a high plank position with your hands wider than shoulder-width apart. Keep your body in a straight line from head to toe. Lower your chest towards the ground by bending your elbows, keeping them close to your sides. Push through your palms to extend your arms and return to the starting position. Repeat for the desired number of repetitions.",images/1311-JmMVpR3.jpg,videos/1311-JmMVpR3.gif,videos/1311-JmMVpR3.gif,true,false
2363,wide-grip chest dip on high parallel bars,exercisedb,2363,chest,chest,triceps,body weight,,"Position yourself on the parallel bars with your arms fully extended and your body suspended in the air. Lean forward slightly and lower your body by bending your elbows until your chest is just above the bars. Pause for a moment, then push yourself back up to the starting position by straightening your arms. Repeat for the desired number of repetitions.",images/2363-O2K9Vb5.jpg,videos/2363-O2K9Vb5.gif,videos/2363-O2K9Vb5.gif,true,false
0858,wind sprints,exercisedb,0858,waist,waist,quadriceps,body weight,,"Find an open space or a track to perform the exercise. Start by standing with your feet shoulder-width apart. Begin running as fast as you can, pumping your arms and driving your knees up. Continue sprinting for a specific distance or time period. Rest and repeat for the desired number of repetitions.",images/0858-Qoujh3Q.jpg,videos/0858-Qoujh3Q.gif,videos/0858-Qoujh3Q.gif,true,false
1604,world greatest stretch,exercisedb,1604,upper legs,upper legs,glutes,body weight,,"Start in a lunge position with your right foot forward and your left foot back. Place your hands on the ground on either side of your right foot. Lower your left knee to the ground and extend your right leg, keeping your right foot flat on the ground. Rotate your torso to the right, reaching your right arm up towards the ceiling. Hold this position for a few seconds, then return to the starting position. Switch sides and repeat the stretch with your left foot forward.",images/1604-DFGXwZr.jpg,videos/1604-DFGXwZr.gif,videos/1604-DFGXwZr.gif,true,false
1428,wrist circles,exercisedb,1428,lower arms,lower arms,hands,body weight,,"Extend your arms straight out in front of you. Make a fist with both hands. Rotate your wrists in a circular motion, keeping your arms still. Continue the wrist circles for the desired number of repetitions.",images/1428-2zNKRUB.jpg,videos/1428-2zNKRUB.gif,videos/1428-2zNKRUB.gif,true,false
0859,wrist rollerer,exercisedb,0859,lower arms,lower arms,biceps,weighted,,"Attach a weight to one end of a rope or bar. Hold the other end of the rope or bar with both hands, palms facing down. Stand with your feet shoulder-width apart and your arms fully extended in front of you. Slowly roll the weight up towards your hands by flexing your wrists. Pause for a moment at the top, then slowly lower the weight back down to the starting position. Repeat for the desired number of repetitions.",images/0859-bd5b860.jpg,videos/0859-bd5b860.gif,videos/0859-bd5b860.gif,true,false
